"S.no","Date & Time","Machine Name","Operator No","Operator Name","Comp. Drawing No","Comp. Description","Comp. Serial No","Program No","Revision No","Actual Part Count","Run Time","Idle Time","Disconnect Time","Alarm Time","Component Status","Operation Sequence","Planned Touch Time","Start Time","End Time","Actual Run Time","Operation Status","Alarm","Message"
"1","29-06-2026 05:46:31","SURIN_PUNE-BFW01","-","No operator","-","No component","-","-","-","232","00:00:00","00:46:11","00:00:00","00:00:00","NEW","","","","","","","",""
"2","29-06-2026 05:46:05","SURIN_PUNE-BFW01","-","No operator","-","No component","-","-","-","0","00:00:00","00:00:00","00:00:25","00:00:00","NEW","","","","","","","",""
"3","29-06-2026 05:41:41","SURIN_PUNE-BFW01","-","No operator","-","No component","-","-","-","232","00:00:00","00:03:10","00:00:00","00:01:15","NEW","","","","","","","",""
"4","29-06-2026 05:41:31","SURIN_PUNE-BFW02","-","No operator","-","No component","-","-","-","674","00:45:47","00:04:49","00:00:00","00:01:36","NEW","","","","","","","",""
"5","29-06-2026 05:41:20","SURIN_PUNE-BFW01","-","No operator","-","No component","-","-","-","0","00:00:00","00:00:00","00:00:20","00:00:00","NEW","","","","","","","",""
"6","29-06-2026 05:41:20","SURIN_PUNE-BFW02","-","No operator","-","No component","-","-","-","0","00:00:00","00:00:00","00:00:11","00:00:00","NEW","","","","","","","",""
"7","29-06-2026 05:10:21","SURIN_PUNE-BFW01","-","No operator","-","No component","-","-","-","232","00:00:00","00:31:00","00:00:00","00:00:00","NEW","","","","","","","",""
"8","29-06-2026 04:54:20","SURIN_PUNE-BFW01","-","No operator","-","No component","-","-","-","231","00:09:44","00:06:16","00:00:00","00:00:00","NEW","","","","","","","",""
"9","29-06-2026 04:32:54","SURIN_PUNE-BFW01","-","No operator","-","No component","-","-","-","230","00:09:41","00:11:45","00:00:00","00:00:00","NEW","","","","","","","",""
"10","29-06-2026 04:32:11","SURIN_PUNE-BFW02","-","No operator","-","No component","-","-","-","674","00:20:06","00:32:38","00:00:00","00:10:32","NEW","","","","","","","",""
"11","29-06-2026 04:27:06","SURIN_PUNE-BFW02","-","No operator","-","No component","-","-","-","0","00:00:00","00:00:00","00:05:06","00:00:00","NEW","","","","","","","",""
"12","29-06-2026 04:27:06","SURIN_PUNE-BFW01","-","No operator","-","No component","-","-","-","0","00:00:00","00:00:00","00:05:49","00:00:00","NEW","","","","","","","",""
"13","29-06-2026 04:25:08","SURIN_PUNE-BFW01","-","No operator","-","No component","-","-","-","230","00:00:00","00:01:58","00:00:00","00:00:00","NEW","","","","","","","",""
"14","29-06-2026 04:07:34","SURIN_PUNE-BFW01","-","No operator","-","No component","-","-","-","229","00:09:53","00:07:40","00:00:00","00:00:00","NEW","","","","","","","",""
"15","29-06-2026 03:10:37","SURIN_PUNE-BFW02","-","No operator","-","No component","-","-","-","674","00:00:00","01:14:08","00:00:00","00:02:20","NEW","","","","","","","",""
"16","29-06-2026 03:07:27","SURIN_PUNE-BFW01","-","No operator","-","No component","-","-","-","228","00:09:42","00:49:04","00:00:00","00:01:21","NEW","","","","","","","",""
"17","28-06-2026 11:31:20","SURIN_PUNE-BFW01","-","No operator","-","No component","-","-","-","0","00:00:00","00:00:00","15:36:07","00:00:00","NEW","","","","","","","",""
"18","28-06-2026 04:08:20","SURIN_PUNE-BFW02","-","No operator","-","No component","-","-","-","0","00:00:00","00:00:00","23:02:17","00:00:00","NEW","","","","","","","",""
"19","28-06-2026 03:30:03","SURIN_PUNE-BFW02","-","No operator","-","No component","-","-","-","674","00:00:00","00:00:00","00:00:00","00:38:17","NEW","","","","","","","",""
"20","28-06-2026 03:30:02","SURIN_PUNE-BFW01","-","No operator","-","No component","-","-","-","228","00:00:00","00:00:00","00:00:00","08:01:18","NEW","","","","","","","",""
"21","28-06-2026 03:28:19","SURIN_PUNE-BFW01","-","No operator","-","No component","-","-","-","0","00:00:00","00:00:00","00:01:42","00:00:00","NEW","","","","","","","",""
"22","28-06-2026 03:28:18","SURIN_PUNE-BFW02","-","No operator","-","No component","-","-","-","0","00:00:00","00:00:00","00:01:44","00:00:00","NEW","","","","","","","",""
"23","28-06-2026 02:24:33","SURIN_PUNE-BFW01","-","No operator","-","No component","-","-","-","228","00:00:00","01:03:46","00:00:00","00:00:00","NEW","","","","","","","",""
"24","28-06-2026 02:04:19","SURIN_PUNE-BFW01","-","No operator","-","No component","-","-","-","227","00:08:01","00:12:14","00:00:00","00:00:00","NEW","","","","","","","",""
"25","28-06-2026 00:57:28","SURIN_PUNE-BFW01","-","No operator","-","No component","-","-","-","226","00:08:06","00:10:10","00:00:00","00:48:35","NEW","","","","","","","",""
"26","28-06-2026 00:57:19","SURIN_PUNE-BFW02","-","No operator","-","No component","-","-","-","674","01:10:46","00:50:13","00:00:00","00:25:17","NEW","","","","","","","",""
"27","28-06-2026 00:37:05","SURIN_PUNE-BFW01","-","No operator","-","No component","-","-","-","0","00:00:00","00:00:00","00:20:23","00:00:00","NEW","","","","","","","",""
"28","28-06-2026 00:37:05","SURIN_PUNE-BFW02","-","No operator","-","No component","-","-","-","0","00:00:00","00:00:00","00:20:13","00:00:00","NEW","","","","","","","",""
"29","27-06-2026 23:23:13","SURIN_PUNE-BFW01","-","No operator","-","No component","-","-","-","226","00:00:00","01:13:52","00:00:00","00:00:00","NEW","","","","","","","",""
"30","27-06-2026 23:07:31","SURIN_PUNE-BFW01","-","No operator","-","No component","-","-","-","225","00:08:01","00:07:41","00:00:00","00:00:00","NEW","","","","","","","",""
"31","27-06-2026 22:49:55","SURIN_PUNE-BFW01","-","No operator","-","No component","-","-","-","224","00:08:02","00:09:34","00:00:00","00:00:00","NEW","","","","","","","",""
"32","27-06-2026 22:34:51","SURIN_PUNE-BFW01","-","No operator","-","No component","-","-","-","223","00:08:00","00:07:04","00:00:00","00:00:00","NEW","","","","","","","",""
"33","27-06-2026 22:15:33","SURIN_PUNE-BFW01","-","No operator","-","No component","-","-","-","222","00:08:06","00:11:12","00:00:00","00:00:00","NEW","","","","","","","",""
"34","27-06-2026 21:59:04","SURIN_PUNE-BFW01","-","No operator","-","No component","-","-","-","221","00:08:00","00:08:28","00:00:00","00:00:00","NEW","","","","","","","",""
"35","27-06-2026 21:11:32","SURIN_PUNE-BFW01","-","No operator","-","No component","-","-","-","220","00:08:01","00:39:30","00:00:00","00:00:00","NEW","","","","","","","",""
"36","27-06-2026 18:45:29","SURIN_PUNE-BFW01","-","No operator","-","No component","-","-","-","219","00:18:43","02:04:25","00:00:00","00:00:58","NEW","","","","","","","",""
"37","27-06-2026 18:33:42","SURIN_PUNE-BFW01","-","No operator","-","No component","-","-","-","218","00:03:28","00:08:20","00:00:00","00:00:00","NEW","","","","","","","",""
"38","27-06-2026 18:20:05","SURIN_PUNE-BFW01","-","No operator","-","No component","-","-","-","217","00:09:33","00:04:03","00:00:00","00:00:00","NEW","","","","","","","",""
"39","27-06-2026 17:56:20","SURIN_PUNE-BFW01","-","No operator","-","No component","-","-","-","216","00:02:04","00:21:41","00:00:00","00:00:00","NEW","","","","","","","",""
"40","27-06-2026 17:35:59","SURIN_PUNE-BFW01","-","No operator","-","No component","-","-","-","215","00:05:03","00:15:19","00:00:00","00:00:00","NEW","","","","","","","",""
"41","27-06-2026 17:17:48","SURIN_PUNE-BFW01","-","No operator","-","No component","-","-","-","214","00:10:31","00:07:40","00:00:00","00:00:00","NEW","","","","","","","",""
"42","27-06-2026 17:05:34","SURIN_PUNE-BFW01","-","No operator","-","No component","-","-","-","213","00:03:26","00:08:48","00:00:00","00:00:00","NEW","","","","","","","",""
"43","27-06-2026 16:53:43","SURIN_PUNE-BFW01","-","No operator","-","No component","-","-","-","212","00:05:03","00:06:48","00:00:00","00:00:00","NEW","","","","","","","",""
"44","27-06-2026 16:35:38","SURIN_PUNE-BFW01","-","No operator","-","No component","-","-","-","211","00:08:36","00:09:28","00:00:00","00:00:00","NEW","","","","","","","",""
"45","27-06-2026 16:22:07","SURIN_PUNE-BFW01","-","No operator","-","No component","-","-","-","210","00:03:28","00:10:03","00:00:00","00:00:00","NEW","","","","","","","",""
"46","27-06-2026 15:27:40","SURIN_PUNE-BFW01","-","No operator","-","No component","-","-","-","209","00:05:03","00:49:24","00:00:00","00:00:00","NEW","","","","","","","",""
"47","27-06-2026 14:57:35","SURIN_PUNE-BFW01","-","No operator","-","No component","-","-","-","208","00:11:06","00:18:59","00:00:00","00:00:00","NEW","","","","","","","",""
"48","27-06-2026 14:46:34","SURIN_PUNE-BFW02","-","No operator","-","No component","-","-","-","674","02:52:28","06:02:42","00:00:00","00:01:32","NEW","","","","","","","",""
"49","27-06-2026 14:29:56","SURIN_PUNE-BFW02","-","No operator","-","No component","-","-","-","673","00:16:27","00:00:11","00:00:00","00:00:00","NEW","","","","","","","",""
"50","27-06-2026 14:14:18","SURIN_PUNE-BFW02","-","No operator","-","No component","-","-","-","672","00:14:36","00:01:00","00:00:00","00:00:02","NEW","","","","","","","",""
"51","27-06-2026 14:14:08","SURIN_PUNE-BFW02","-","No operator","-","No component","-","-","-","0","00:00:00","00:00:00","00:00:10","00:00:00","NEW","","","","","","","",""
"52","27-06-2026 14:09:36","SURIN_PUNE-BFW01","-","No operator","-","No component","-","-","-","207","00:03:39","00:27:01","00:00:00","00:17:18","NEW","","","","","","","",""
"53","27-06-2026 14:02:00","SURIN_PUNE-BFW01","-","No operator","-","No component","-","-","-","206","00:05:09","00:02:28","00:00:00","00:00:00","NEW","","","","","","","",""
"54","27-06-2026 13:59:04","SURIN_PUNE-BFW02","-","No operator","-","No component","-","-","-","672","00:02:43","00:11:14","00:00:00","00:01:06","NEW","","","","","","","",""
"55","27-06-2026 13:41:17","SURIN_PUNE-BFW01","-","No operator","-","No component","-","-","-","205","00:10:58","00:09:45","00:00:00","00:00:00","NEW","","","","","","","",""
"56","27-06-2026 13:39:31","SURIN_PUNE-BFW02","-","No operator","-","No component","-","-","-","671","00:18:41","00:00:53","00:00:00","00:00:00","NEW","","","","","","","",""
"57","27-06-2026 13:34:15","SURIN_PUNE-BFW01","-","No operator","-","No component","-","-","-","204","00:03:37","00:03:25","00:00:00","00:00:00","NEW","","","","","","","",""
"58","27-06-2026 13:26:00","SURIN_PUNE-BFW01","-","No operator","-","No component","-","-","-","203","00:04:58","00:03:17","00:00:00","00:00:00","NEW","","","","","","","",""
"59","27-06-2026 12:41:08","SURIN_PUNE-BFW02","-","No operator","-","No component","-","-","-","670","00:18:29","00:38:41","00:00:00","00:00:00","NEW","","","","","","","",""
"60","27-06-2026 12:18:11","SURIN_PUNE-BFW01","-","No operator","-","No component","-","-","-","202","00:10:22","00:57:26","00:00:00","00:00:00","NEW","","","","","","","",""
"61","27-06-2026 12:06:59","SURIN_PUNE-BFW01","-","No operator","-","No component","-","-","-","201","00:03:09","00:08:03","00:00:00","00:00:00","NEW","","","","","","","",""
"62","27-06-2026 11:56:11","SURIN_PUNE-BFW01","-","No operator","-","No component","-","-","-","200","00:03:30","00:07:18","00:00:00","00:00:00","NEW","","","","","","","",""
"63","27-06-2026 11:53:49","SURIN_PUNE-BFW02","-","No operator","-","No component","-","-","-","669","00:40:42","00:06:37","00:00:00","00:00:00","NEW","","","","","","","",""
"64","27-06-2026 11:47:42","SURIN_PUNE-BFW01","-","No operator","-","No component","-","-","-","199","00:05:01","00:03:28","00:00:00","00:00:00","NEW","","","","","","","",""
"65","27-06-2026 11:33:05","SURIN_PUNE-BFW01","-","No operator","-","No component","-","-","-","198","00:10:22","00:04:15","00:00:00","00:00:00","NEW","","","","","","","",""
"66","27-06-2026 11:23:11","SURIN_PUNE-BFW01","-","No operator","-","No component","-","-","-","197","00:03:19","00:06:36","00:00:00","00:00:00","NEW","","","","","","","",""
"67","27-06-2026 11:14:28","SURIN_PUNE-BFW01","-","No operator","-","No component","-","-","-","196","00:04:58","00:03:45","00:00:00","00:00:00","NEW","","","","","","","",""
"68","27-06-2026 10:59:21","SURIN_PUNE-BFW02","-","No operator","-","No component","-","-","-","668","00:40:13","00:14:05","00:00:00","00:00:00","NEW","","","","","","","",""
"69","27-06-2026 10:52:41","SURIN_PUNE-BFW01","-","No operator","-","No component","-","-","-","195","00:10:33","00:11:14","00:00:00","00:00:00","NEW","","","","","","","",""
"70","27-06-2026 10:45:20","SURIN_PUNE-BFW01","-","No operator","-","No component","-","-","-","194","00:03:30","00:03:52","00:00:00","00:00:00","NEW","","","","","","","",""
"71","27-06-2026 10:33:24","SURIN_PUNE-BFW01","-","No operator","-","No component","-","-","-","193","00:04:59","00:06:16","00:00:00","00:00:41","NEW","","","","","","","",""
"72","27-06-2026 10:33:15","SURIN_PUNE-BFW02","-","No operator","-","No component","-","-","-","667","00:20:28","00:04:49","00:00:00","00:00:47","NEW","","","","","","","",""
"73","27-06-2026 10:26:21","SURIN_PUNE-BFW02","-","No operator","-","No component","-","-","-","0","00:00:00","00:00:00","00:06:54","00:00:00","NEW","","","","","","","",""
"74","27-06-2026 10:26:21","SURIN_PUNE-BFW01","-","No operator","-","No component","-","-","-","0","00:00:00","00:00:00","00:07:03","00:00:00","NEW","","","","","","","",""
"75","27-06-2026 10:25:27","SURIN_PUNE-BFW01","-","No operator","-","No component","-","-","-","193","00:00:00","00:00:55","00:00:00","00:00:00","NEW","","","","","","","",""
"76","27-06-2026 10:05:01","SURIN_PUNE-BFW02","-","No operator","-","No component","-","-","-","667","00:14:21","00:06:59","00:00:00","00:00:00","NEW","","","","","","","",""
"77","27-06-2026 09:55:42","SURIN_PUNE-BFW01","-","No operator","-","No component","-","-","-","192","00:11:42","00:18:03","00:00:00","00:00:00","NEW","","","","","","","",""
"78","27-06-2026 09:42:00","SURIN_PUNE-BFW01","-","No operator","-","No component","-","-","-","191","00:04:47","00:08:55","00:00:00","00:00:00","NEW","","","","","","","",""
"79","27-06-2026 09:27:54","SURIN_PUNE-BFW02","-","No operator","-","No component","-","-","-","666","00:29:32","00:07:35","00:00:00","00:00:00","NEW","","","","","","","",""
"80","27-06-2026 09:18:52","SURIN_PUNE-BFW01","-","No operator","-","No component","-","-","-","190","00:08:45","00:09:55","00:00:00","00:04:28","NEW","","","","","","","",""
"81","27-06-2026 08:53:27","SURIN_PUNE-BFW01","-","No operator","-","No component","-","-","-","189","00:17:15","00:08:11","00:00:00","00:00:00","NEW","","","","","","","",""
"82","27-06-2026 08:51:29","SURIN_PUNE-BFW02","-","No operator","-","No component","-","-","-","665","00:35:21","00:01:04","00:00:00","00:00:00","NEW","","","","","","","",""
"83","27-06-2026 08:37:29","SURIN_PUNE-BFW01","-","No operator","-","No component","-","-","-","188","00:06:37","00:09:21","00:00:00","00:00:00","NEW","","","","","","","",""
"84","27-06-2026 08:26:02","SURIN_PUNE-BFW01","-","No operator","-","No component","-","-","-","187","00:08:05","00:03:22","00:00:00","00:00:00","NEW","","","","","","","",""
"85","27-06-2026 08:14:23","SURIN_PUNE-BFW01","-","No operator","-","No component","-","-","-","186","00:08:06","00:03:33","00:00:00","00:00:00","NEW","","","","","","","",""
"86","27-06-2026 08:12:35","SURIN_PUNE-BFW02","-","No operator","-","No component","-","-","-","664","00:33:01","00:05:52","00:00:00","00:00:00","NEW","","","","","","","",""
"87","27-06-2026 07:50:11","SURIN_PUNE-BFW01","-","No operator","-","No component","-","-","-","185","00:18:01","00:06:11","00:00:00","00:00:00","NEW","","","","","","","",""
"88","27-06-2026 06:52:03","SURIN_PUNE-BFW01","-","No operator","-","No component","-","-","-","184","00:03:28","00:54:40","00:00:00","00:00:00","NEW","","","","","","","",""
"89","27-06-2026 06:30:25","SURIN_PUNE-BFW01","-","No operator","-","No component","-","-","-","183","00:10:41","00:10:57","00:00:00","00:00:00","NEW","","","","","","","",""
"90","27-06-2026 06:00:45","SURIN_PUNE-BFW02","-","No operator","-","No component","-","-","-","663","00:44:19","01:26:41","00:00:00","00:00:00","NEW","","","","","","","",""
"91","27-06-2026 05:57:29","SURIN_PUNE-BFW01","-","No operator","-","No component","-","-","-","182","00:03:21","00:29:36","00:00:00","00:00:00","NEW","","","","","","","",""
"92","27-06-2026 05:44:02","SURIN_PUNE-BFW01","-","No operator","-","No component","-","-","-","181","00:07:58","00:05:29","00:00:00","00:00:00","NEW","","","","","","","",""
"93","27-06-2026 05:39:07","SURIN_PUNE-BFW02","-","No operator","-","No component","-","-","-","662","00:20:34","00:01:04","00:00:00","00:00:00","NEW","","","","","","","",""
"94","27-06-2026 05:12:40","SURIN_PUNE-BFW02","-","No operator","-","No component","-","-","-","661","00:22:22","00:03:54","00:00:00","00:00:00","NEW","","","","","","","",""
"95","27-06-2026 05:02:35","SURIN_PUNE-BFW01","-","No operator","-","No component","-","-","-","180","00:24:10","00:13:22","00:00:00","00:00:00","NEW","","","","","","","",""
"96","27-06-2026 04:27:59","SURIN_PUNE-BFW01","-","No operator","-","No component","-","-","-","179","00:05:26","00:29:11","00:00:00","00:00:00","NEW","","","","","","","",""
"97","27-06-2026 02:44:45","SURIN_PUNE-BFW02","-","No operator","-","No component","-","-","-","660","01:03:42","01:24:13","00:00:00","00:00:00","NEW","","","","","","","",""
"98","27-06-2026 02:33:35","SURIN_PUNE-BFW01","-","No operator","-","No component","-","-","-","178","00:03:06","01:51:17","00:00:00","00:00:00","NEW","","","","","","","",""
"99","27-06-2026 02:28:02","SURIN_PUNE-BFW01","-","No operator","-","No component","-","-","-","177","00:02:45","00:02:48","00:00:00","00:00:00","NEW","","","","","","","",""
"100","27-06-2026 02:05:30","SURIN_PUNE-BFW01","-","No operator","-","No component","-","-","-","176","00:05:38","00:16:54","00:00:00","00:00:00","NEW","","","","","","","",""
"101","27-06-2026 01:56:59","SURIN_PUNE-BFW01","-","No operator","-","No component","-","-","-","175","00:02:17","00:06:14","00:00:00","00:00:00","NEW","","","","","","","",""
"102","27-06-2026 01:50:11","SURIN_PUNE-BFW01","-","No operator","-","No component","-","-","-","174","00:02:30","00:04:18","00:00:00","00:00:00","NEW","","","","","","","",""
"103","27-06-2026 01:45:04","SURIN_PUNE-BFW01","-","No operator","-","No component","-","-","-","173","00:02:18","00:02:49","00:00:00","00:00:00","NEW","","","","","","","",""
"104","27-06-2026 01:39:03","SURIN_PUNE-BFW01","-","No operator","-","No component","-","-","-","172","00:03:32","00:02:29","00:00:00","00:00:00","NEW","","","","","","","",""
"105","27-06-2026 01:29:58","SURIN_PUNE-BFW02","-","No operator","-","No component","-","-","-","659","00:22:00","00:51:58","00:00:00","00:00:49","NEW","","","","","","","",""
"106","27-06-2026 01:23:17","SURIN_PUNE-BFW01","-","No operator","-","No component","-","-","-","171","00:08:16","00:07:30","00:00:00","00:00:00","NEW","","","","","","","",""
"107","27-06-2026 01:04:53","SURIN_PUNE-BFW02","-","No operator","-","No component","-","-","-","658","00:16:37","00:08:29","00:00:00","00:00:00","NEW","","","","","","","",""
"108","27-06-2026 00:23:03","SURIN_PUNE-BFW02","-","No operator","-","No component","-","-","-","657","00:27:45","00:11:34","00:00:00","00:00:00","NEW","","","","","","","",""
"109","26-06-2026 23:59:53","SURIN_PUNE-BFW02","-","No operator","-","No component","-","-","-","656","00:16:26","00:06:44","00:00:00","00:00:00","NEW","","","","","","","",""
"110","26-06-2026 23:45:59","SURIN_PUNE-BFW01","-","No operator","-","No component","-","-","-","170","00:03:32","01:33:46","00:00:00","00:00:00","NEW","","","","","","","",""
"111","26-06-2026 23:40:39","SURIN_PUNE-BFW02","-","No operator","-","No component","-","-","-","655","00:17:51","00:01:23","00:00:00","00:00:00","NEW","","","","","","","",""
"112","26-06-2026 23:26:05","SURIN_PUNE-BFW01","-","No operator","-","No component","-","-","-","169","00:10:13","00:09:40","00:00:00","00:00:00","NEW","","","","","","","",""
"113","26-06-2026 23:05:58","SURIN_PUNE-BFW02","-","No operator","-","No component","-","-","-","654","00:27:37","00:07:04","00:00:00","00:00:00","NEW","","","","","","","",""
"114","26-06-2026 23:01:45","SURIN_PUNE-BFW01","-","No operator","-","No component","-","-","-","168","00:17:55","00:06:25","00:00:00","00:00:00","NEW","","","","","","","",""
"115","26-06-2026 22:49:30","SURIN_PUNE-BFW01","-","No operator","-","No component","-","-","-","167","00:03:44","00:08:31","00:00:00","00:00:00","NEW","","","","","","","",""
"116","26-06-2026 22:47:50","SURIN_PUNE-BFW02","-","No operator","-","No component","-","-","-","653","00:17:44","00:00:25","00:00:00","00:00:00","NEW","","","","","","","",""
"117","26-06-2026 22:44:22","SURIN_PUNE-BFW01","-","No operator","-","No component","-","-","-","166","00:04:11","00:00:57","00:00:00","00:00:00","NEW","","","","","","","",""
"118","26-06-2026 22:34:33","SURIN_PUNE-BFW01","-","No operator","-","No component","-","-","-","165","00:00:16","00:09:22","00:00:00","00:00:11","NEW","","","","","","","",""
"119","26-06-2026 22:29:04","SURIN_PUNE-BFW02","-","No operator","-","No component","-","-","-","652","00:16:35","00:02:11","00:00:00","00:00:00","NEW","","","","","","","",""
"120","26-06-2026 22:25:34","SURIN_PUNE-BFW01","-","No operator","-","No component","-","-","-","164","00:04:00","00:04:58","00:00:00","00:00:00","NEW","","","","","","","",""
"121","26-06-2026 22:04:54","SURIN_PUNE-BFW01","-","No operator","-","No component","-","-","-","163","00:09:58","00:10:43","00:00:00","00:00:00","NEW","","","","","","","",""
"122","26-06-2026 21:57:18","SURIN_PUNE-BFW01","-","No operator","-","No component","-","-","-","162","00:04:12","00:03:24","00:00:00","00:00:00","NEW","","","","","","","",""
"123","26-06-2026 21:55:45","SURIN_PUNE-BFW02","-","No operator","-","No component","-","-","-","651","00:27:35","00:05:44","00:00:00","00:00:00","NEW","","","","","","","",""
"124","26-06-2026 21:46:21","SURIN_PUNE-BFW01","-","No operator","-","No component","-","-","-","161","00:04:43","00:06:14","00:00:00","00:00:00","NEW","","","","","","","",""
"125","26-06-2026 21:27:09","SURIN_PUNE-BFW01","-","No operator","-","No component","-","-","-","160","00:04:00","00:15:11","00:00:00","00:00:00","NEW","","","","","","","",""
"126","26-06-2026 21:04:11","SURIN_PUNE-BFW02","-","No operator","-","No component","-","-","-","650","00:17:38","00:05:18","00:00:00","00:27:36","NEW","","","","","","","",""
"127","26-06-2026 20:46:04","SURIN_PUNE-BFW02","-","No operator","-","No component","-","-","-","649","00:17:55","00:00:12","00:00:00","00:00:00","NEW","","","","","","","",""
"128","26-06-2026 20:40:16","SURIN_PUNE-BFW01","-","No operator","-","No component","-","-","-","159","00:24:30","00:18:27","00:00:00","00:02:53","NEW","","","","","","","",""
"129","26-06-2026 20:25:45","SURIN_PUNE-BFW01","-","No operator","-","No component","-","-","-","158","00:03:47","00:10:44","00:00:00","00:00:00","NEW","","","","","","","",""
"130","26-06-2026 20:16:02","SURIN_PUNE-BFW01","-","No operator","-","No component","-","-","-","157","00:03:41","00:06:02","00:00:00","00:00:00","NEW","","","","","","","",""
"131","26-06-2026 20:12:43","SURIN_PUNE-BFW01","-","No operator","-","No component","-","-","-","156","00:02:10","00:01:08","00:00:00","00:00:00","NEW","","","","","","","",""
"132","26-06-2026 20:12:09","SURIN_PUNE-BFW02","-","No operator","-","No component","-","-","-","648","00:27:36","00:06:19","00:00:00","00:00:00","NEW","","","","","","","",""
"133","26-06-2026 20:01:17","SURIN_PUNE-BFW01","-","No operator","-","No component","-","-","-","155","00:09:00","00:01:37","00:00:00","00:00:00","NEW","","","","","","","",""
"134","26-06-2026 19:53:53","SURIN_PUNE-BFW02","-","No operator","-","No component","-","-","-","647","00:17:46","00:00:29","00:00:00","00:00:00","NEW","","","","","","","",""
"135","26-06-2026 19:36:42","SURIN_PUNE-BFW02","-","No operator","-","No component","-","-","-","646","00:16:26","00:00:46","00:00:00","00:00:00","NEW","","","","","","","",""
"136","26-06-2026 19:27:22","SURIN_PUNE-BFW01","-","No operator","-","No component","-","-","-","154","00:09:50","00:22:33","00:00:00","00:01:32","NEW","","","","","","","",""
"137","26-06-2026 18:56:34","SURIN_PUNE-BFW02","-","No operator","-","No component","-","-","-","645","00:27:59","00:05:49","00:00:00","00:00:00","NEW","","","","","","","",""
"138","26-06-2026 18:39:34","SURIN_PUNE-BFW02","-","No operator","-","No component","-","-","-","644","00:16:30","00:00:30","00:00:00","00:00:00","NEW","","","","","","","",""
"139","26-06-2026 18:35:02","SURIN_PUNE-BFW01","-","No operator","-","No component","-","-","-","153","00:23:13","00:23:05","00:00:00","00:00:00","NEW","","","","","","","",""
"140","26-06-2026 18:21:02","SURIN_PUNE-BFW02","-","No operator","-","No component","-","-","-","643","00:17:31","00:01:01","00:00:00","00:00:00","NEW","","","","","","","",""
"141","26-06-2026 17:35:02","SURIN_PUNE-BFW02","-","No operator","-","No component","-","-","-","642","00:39:51","00:05:35","00:00:00","00:00:00","NEW","","","","","","","",""
"142","26-06-2026 17:04:27","SURIN_PUNE-BFW02","-","No operator","-","No component","-","-","-","641","00:17:55","00:08:20","00:00:00","00:04:19","NEW","","","","","","","",""
"143","26-06-2026 16:37:30","SURIN_PUNE-BFW02","-","No operator","-","No component","-","-","-","640","00:17:36","00:06:54","00:00:00","00:02:27","NEW","","","","","","","",""
"144","26-06-2026 16:26:02","SURIN_PUNE-BFW01","-","No operator","-","No component","-","-","-","152","01:00:59","00:58:23","00:00:00","00:04:30","NEW","","","","","","","",""
"145","26-06-2026 14:58:18","SURIN_PUNE-BFW02","-","No operator","-","No component","-","-","-","639","00:41:48","00:56:16","00:00:00","00:00:00","NEW","","","","","","","",""
"146","26-06-2026 14:45:46","SURIN_PUNE-BFW01","-","No operator","-","No component","-","-","-","151","01:05:10","00:19:54","00:00:00","00:00:00","NEW","","","","","","","",""
"147","26-06-2026 14:27:09","SURIN_PUNE-BFW02","-","No operator","-","No component","-","-","-","638","00:16:32","00:14:37","00:00:00","00:00:00","NEW","","","","","","","",""
"148","26-06-2026 14:07:02","SURIN_PUNE-BFW02","-","No operator","-","No component","-","-","-","637","00:18:05","00:02:02","00:00:00","00:00:00","NEW","","","","","","","",""
"149","26-06-2026 13:06:18","SURIN_PUNE-BFW01","-","No operator","-","No component","-","-","-","150","01:12:48","00:19:43","00:00:00","00:00:00","NEW","","","","","","","",""
"150","26-06-2026 13:04:22","SURIN_PUNE-BFW02","-","No operator","-","No component","-","-","-","636","00:43:51","00:18:27","00:00:00","00:00:00","NEW","","","","","","","",""
"151","26-06-2026 12:40:20","SURIN_PUNE-BFW02","-","No operator","-","No component","-","-","-","635","00:22:08","00:01:54","00:00:00","00:00:00","NEW","","","","","","","",""
"152","26-06-2026 12:17:35","SURIN_PUNE-BFW02","-","No operator","-","No component","-","-","-","634","00:16:46","00:05:57","00:00:00","00:00:00","NEW","","","","","","","",""
"153","26-06-2026 12:01:34","SURIN_PUNE-BFW01","-","No operator","-","No component","-","-","-","149","01:01:29","00:02:48","00:00:00","00:00:26","NEW","","","","","","","",""
"154","26-06-2026 12:01:23","SURIN_PUNE-BFW02","-","No operator","-","No component","-","-","-","633","00:11:55","00:00:53","00:00:00","00:03:24","NEW","","","","","","","",""
"155","26-06-2026 12:01:05","SURIN_PUNE-BFW02","-","No operator","-","No component","-","-","-","0","00:00:00","00:00:00","00:00:17","00:00:00","NEW","","","","","","","",""
"156","26-06-2026 12:01:05","SURIN_PUNE-BFW01","-","No operator","-","No component","-","-","-","0","00:00:00","00:00:00","00:00:29","00:00:00","NEW","","","","","","","",""
"157","26-06-2026 11:44:50","SURIN_PUNE-BFW01","-","No operator","-","No component","-","-","-","149","00:01:16","00:12:06","00:00:00","00:00:00","NEW","","","","","","","",""
"158","26-06-2026 11:44:50","SURIN-BFW_XTRON_1","-","No operator","-","No component","406019004","-","0","149","66:28:33","00:17:31","00:01:04","00:00:24","NEW","","","","","","","",""
"159","26-06-2026 11:42:55","SURIN-FourStar_HDT2470","-","No operator","-","No component","-","-","-","301","00:08:36","66:43:03","00:00:00","00:00:00","NEW","","","","","","","",""
"160","26-06-2026 11:09:13","SURIN_PUNE-BFW02","-","No operator","-","No component","-","-","-","633","00:38:15","00:12:04","00:00:00","00:00:00","NEW","","","","","","","",""
"161","26-06-2026 11:09:12","SURIN-BFW_XTRON_2","-","No operator","-","No component","50316207610","-","1","633","67:06:43","00:14:26","00:01:04","00:03:12","NEW","","","","","","","",""
"162","26-06-2026 10:52:47","SURIN_PUNE-BFW02","-","No operator","-","No component","-","-","-","632","00:04:02","00:02:39","00:00:00","00:05:53","NEW","","","","","","","",""
"163","26-06-2026 10:52:36","SURIN_PUNE-BFW02","-","No operator","-","No component","-","-","-","0","00:00:00","00:00:00","00:00:11","00:00:00","NEW","","","","","","","",""
"164","26-06-2026 10:38:32","SURIN-BFW_XTRON_3","-","No operator","-","No component","302890001","-","1","355","66:39:31","01:07:35","00:07:35","00:01:25","NEW","","","","","","","",""
"165","26-06-2026 09:59:24","SURIN-FourStar_HDT2470","-","No operator","-","No component","488","-","0","300","00:52:16","00:42:17","00:00:00","00:08:58","NEW","","","","","","","",""
"166","26-06-2026 09:58:11","SURIN-BFW_XTRON_2","-","No operator","-","No component","50316207610","-","1","632","00:04:28","00:59:14","00:02:06","00:05:14","NEW","","","","","","","",""
"167","26-06-2026 09:58:05","SURIN_PUNE-BFW02","-","No operator","-","No component","-","-","-","632","00:00:12","00:43:00","00:00:00","00:00:00","NEW","","","","","","","",""
"168","26-06-2026 09:38:08","SURIN_PUNE-BFW01","-","No operator","-","No component","-","-","-","148","01:14:30","00:15:37","00:00:00","00:25:00","NEW","","","","","","","",""
"169","26-06-2026 09:37:57","SURIN_PUNE-BFW02","-","No operator","-","No component","-","-","-","631","00:05:22","00:06:03","00:00:00","00:00:18","NEW","","","","","","","",""
"170","26-06-2026 09:37:20","SURIN_PUNE-BFW02","-","No operator","-","No component","-","-","-","0","00:00:00","00:00:00","00:00:37","00:00:00","NEW","","","","","","","",""
"171","26-06-2026 09:37:20","SURIN_PUNE-BFW01","-","No operator","-","No component","-","-","-","0","00:00:00","00:00:00","00:00:47","00:00:00","NEW","","","","","","","",""
"172","26-06-2026 09:19:18","SURIN_PUNE-BFW01","-","No operator","-","No component","-","-","-","148","00:00:00","00:18:03","00:00:00","00:00:00","NEW","","","","","","","",""
"173","26-06-2026 09:19:18","SURIN-BFW_XTRON_1","-","No operator","-","No component","406019004","-","0","148","01:12:56","00:44:47","00:03:15","00:24:34","NEW","","","","","","","",""
"174","26-06-2026 08:49:54","SURIN-BFW_XTRON_3","-","No operator","-","No component","302890001","-","1","355","01:39:35","00:02:09","00:06:23","00:00:31","NEW","","","","","","","",""
"175","26-06-2026 08:15:46","SURIN-BFW_XTRON_3","-","No operator","-","No component","-","-","-","354","00:31:14","00:02:49","00:00:00","00:00:06","NEW","","","","","","","",""
"176","26-06-2026 06:54:00","SURIN-BFW_XTRON_3","-","No operator","-","No component","302890001","-","1","353","01:03:13","00:17:17","00:01:16","00:00:00","NEW","","","","","","","",""
"177","26-06-2026 06:49:00","SURIN_PUNE-BFW02","-","No operator","-","No component","-","-","-","631","00:06:54","01:55:04","00:00:00","00:00:18","NEW","","","","","","","",""
"178","26-06-2026 06:49:00","SURIN-BFW_XTRON_2","-","No operator","-","No component","50316207610","-","1","632","00:12:05","02:54:20","00:02:13","00:00:35","NEW","","","","","","","",""
"179","26-06-2026 06:31:45","SURIN-BFW_XTRON_1","-","No operator","-","No component","406019004","-","0","148","01:01:00","01:46:18","00:00:15","00:00:00","NEW","","","","","","","",""
"180","26-06-2026 06:31:45","SURIN_PUNE-BFW01","-","No operator","-","No component","-","-","-","147","01:00:51","01:38:59","00:00:00","00:00:00","NEW","","","","","","","",""
"181","26-06-2026 06:31:43","SURIN_PUNE-BFW02","-","No operator","-","No component","-","-","-","630","00:16:33","00:00:44","00:00:00","00:00:00","NEW","","","","","","","",""
"182","26-06-2026 06:31:42","SURIN-BFW_XTRON_2","-","No operator","-","No component","-","-","-","631","00:16:33","00:00:45","00:00:00","00:00:00","NEW","","","","","","","",""
"183","26-06-2026 06:20:20","SURIN_PUNE-BFW01","-","No operator","-","No component","-","-","-","146","00:04:35","00:06:50","00:00:00","00:00:00","NEW","","","","","","","",""
"184","26-06-2026 06:20:20","SURIN-BFW_XTRON_1","-","No operator","-","No component","-","-","-","147","00:04:36","00:06:50","00:00:00","00:00:00","NEW","","","","","","","",""
"185","26-06-2026 06:12:16","SURIN-BFW_XTRON_3","-","No operator","-","No component","302890001","-","1","352","00:17:46","00:23:59","00:00:00","00:00:00","NEW","","","","","","","",""
"186","26-06-2026 06:10:53","SURIN_PUNE-BFW01","-","No operator","-","No component","-","-","-","145","00:04:36","00:04:51","00:00:00","00:00:00","NEW","","","","","","","",""
"187","26-06-2026 06:10:53","SURIN-BFW_XTRON_1","-","No operator","-","No component","-","-","-","146","00:04:37","00:04:51","00:00:00","00:00:00","NEW","","","","","","","",""
"188","26-06-2026 06:02:04","SURIN_PUNE-BFW01","-","No operator","-","No component","-","-","-","144","00:04:36","00:04:14","00:00:00","00:00:00","NEW","","","","","","","",""
"189","26-06-2026 06:02:04","SURIN-BFW_XTRON_1","-","No operator","-","No component","406019004","-","0","145","00:04:36","00:02:26","00:01:49","00:00:00","NEW","","","","","","","",""
"190","26-06-2026 06:00:02","SURIN_PUNE-BFW01","-","No operator","-","No component","-","-","-","143","00:02:02","00:00:00","00:00:00","00:00:00","NEW","","","","","","","",""
"191","26-06-2026 06:00:02","SURIN_PUNE-BFW02","-","No operator","-","No component","-","-","-","629","00:28:45","00:02:27","00:00:00","00:00:00","NEW","","","","","","","",""
"192","26-06-2026 05:59:59","SURIN-BFW_XTRON_1","-","No operator","-","No component","406019004","-","0","144","00:02:05","00:00:00","00:00:00","00:00:00","NEW","","","","","","","",""
"193","26-06-2026 05:59:59","SURIN-BFW_XTRON_2","-","No operator","-","No component","50316207610","-","1","630","00:26:48","00:02:50","00:02:06","00:00:00","NEW","","","","","","","",""
"194","26-06-2026 03:41:05","SURIN_PUNE-BFW01","-","No operator","-","No component","-","-","-","0","00:00:00","00:00:00","02:18:57","00:00:00","NEW","","","","","","","",""
"195","26-06-2026 03:41:04","SURIN_PUNE-BFW02","-","No operator","-","No component","-","-","-","0","00:00:00","00:00:00","02:18:58","00:00:00","NEW","","","","","","","",""
"196","26-06-2026 03:39:42","SURIN_PUNE-BFW01","-","No operator","-","No component","-","-","-","133","00:00:00","00:01:23","00:00:00","00:00:00","NEW","","","","","","","",""
"197","26-06-2026 03:39:41","SURIN_PUNE-BFW02","-","No operator","-","No component","-","-","-","625","00:01:22","00:00:00","00:00:00","00:00:00","NEW","","","","","","","",""
"198","26-06-2026 03:07:31","SURIN_PUNE-BFW01","-","No operator","-","No component","-","-","-","0","00:00:00","00:00:00","00:32:10","00:00:00","NEW","","","","","","","",""
"199","26-06-2026 03:07:31","SURIN_PUNE-BFW02","-","No operator","-","No component","-","-","-","0","00:00:00","00:00:00","00:32:10","00:00:00","NEW","","","","","","","",""
"200","25-06-2026 22:08:04","SURIN_PUNE-BFW01","-","No operator","-","No component","-","-","-","0","00:00:00","00:00:00","04:59:28","00:00:00","NEW","","","","","","","",""
"201","25-06-2026 22:08:04","SURIN_PUNE-BFW02","-","No operator","-","No component","-","-","-","0","00:00:00","00:00:00","04:59:28","00:00:00","NEW","","","","","","","",""
"202","25-06-2026 17:08:41","SURIN_PUNE-BFW01","-","No operator","-","No component","-","-","-","0","00:00:00","00:00:00","04:59:22","00:00:00","NEW","","","","","","","",""
"203","25-06-2026 17:08:41","SURIN_PUNE-BFW02","-","No operator","-","No component","-","-","-","0","00:00:00","00:00:00","04:59:22","00:00:00","NEW","","","","","","","",""
"204","25-06-2026 12:04:43","SURIN_PUNE-BFW01","-","No operator","-","No component","-","-","-","0","00:00:00","00:00:00","05:03:58","00:00:00","NEW","","","","","","","",""
"205","25-06-2026 12:04:43","SURIN_PUNE-BFW02","-","No operator","-","No component","-","-","-","0","00:00:00","00:00:00","05:03:58","00:00:00","NEW","","","","","","","",""
"206","25-06-2026 10:14:06","SURIN_PUNE-BFW01","-","No operator","-","No component","-","-","-","0","00:00:00","00:00:00","01:50:38","00:00:00","NEW","","","","","","","",""
"207","25-06-2026 10:12:06","SURIN_PUNE-BFW02","-","No operator","-","No component","-","-","-","0","00:00:00","00:00:00","01:52:38","00:00:00","NEW","","","","","","","",""
"208","25-06-2026 10:08:31","SURIN_PUNE-BFW01","-","No operator","-","No component","-","-","-","120","00:00:00","00:05:34","00:00:00","00:00:00","NEW","","","","","","","",""
"209","25-06-2026 10:07:49","SURIN-BFW_XTRON_1","-","No operator","-","No component","406019004","-","0","143","00:00:00","00:03:09","19:49:02","00:00:00","NEW","","","","","","","",""
"210","25-06-2026 09:58:29","SURIN_PUNE-BFW01","-","No operator","-","No component","-","-","-","119","00:06:57","00:00:20","00:00:00","00:02:45","NEW","","","","","","","",""
"211","25-06-2026 09:58:20","SURIN_PUNE-BFW02","-","No operator","-","No component","-","-","-","593","00:11:33","00:01:40","00:00:00","00:00:33","NEW","","","","","","","",""
"212","25-06-2026 09:58:08","SURIN_PUNE-BFW01","-","No operator","-","No component","-","-","-","0","00:00:00","00:00:00","00:00:21","00:00:00","NEW","","","","","","","",""
"213","25-06-2026 09:51:02","SURIN_PUNE-BFW01","-","No operator","-","No component","-","-","-","119","00:07:06","00:00:00","00:00:00","00:00:00","NEW","","","","","","","",""
"214","25-06-2026 09:49:32","SURIN-BFW_XTRON_1","-","No operator","-","No component","1","-","0","120","00:14:21","00:00:29","00:00:48","00:02:41","NEW","","","","","","","",""
"215","25-06-2026 09:42:08","SURIN_PUNE-BFW01","-","No operator","-","No component","-","-","-","0","00:00:00","00:00:00","00:08:54","00:00:00","NEW","","","","","","","",""
"216","25-06-2026 09:42:08","SURIN_PUNE-BFW02","-","No operator","-","No component","-","-","-","0","00:00:00","00:00:00","00:16:11","00:00:00","NEW","","","","","","","",""
"217","25-06-2026 09:34:18","SURIN_PUNE-BFW02","-","No operator","-","No component","-","-","-","593","00:00:00","00:07:51","00:00:00","00:00:00","NEW","","","","","","","",""
"218","25-06-2026 09:34:17","SURIN_PUNE-BFW01","-","No operator","-","No component","-","-","-","118","00:05:59","00:01:53","00:00:00","00:00:00","NEW","","","","","","","",""
"219","25-06-2026 09:33:38","SURIN-BFW_XTRON_2","-","No operator","-","No component","50316207610","-","1","629","00:18:39","00:09:10","19:58:03","00:00:31","NEW","","","","","","","",""
"220","25-06-2026 09:33:05","SURIN_PUNE-BFW01","-","No operator","-","No component","-","-","-","0","00:00:00","00:00:00","00:01:12","00:00:00","NEW","","","","","","","",""
"221","25-06-2026 09:33:05","SURIN_PUNE-BFW02","-","No operator","-","No component","-","-","-","0","00:00:00","00:00:00","00:01:12","00:00:00","NEW","","","","","","","",""
"222","25-06-2026 09:31:14","SURIN_PUNE-BFW01","-","No operator","-","No component","-","-","-","118","00:00:00","00:01:51","00:00:00","00:00:00","NEW","","","","","","","",""
"223","25-06-2026 09:30:33","SURIN-BFW_XTRON_1","-","No operator","-","No component","1","-","0","119","00:05:38","00:02:49","00:10:32","00:00:00","NEW","","","","","","","",""
"224","25-06-2026 09:19:15","SURIN_PUNE-BFW01","-","No operator","-","No component","-","-","-","117","00:07:33","00:04:26","00:00:00","00:00:00","NEW","","","","","","","",""
"225","25-06-2026 09:18:34","SURIN-BFW_XTRON_1","-","No operator","-","No component","-","-","-","118","00:07:32","00:04:27","00:00:00","00:00:00","NEW","","","","","","","",""
"226","25-06-2026 09:05:14","SURIN_PUNE-BFW01","-","No operator","-","No component","-","-","-","116","00:07:32","00:06:29","00:00:00","00:00:00","NEW","","","","","","","",""
"227","25-06-2026 09:04:33","SURIN-BFW_XTRON_1","-","No operator","-","No component","-","-","-","117","00:07:34","00:06:28","00:00:00","00:00:00","NEW","","","","","","","",""
"228","25-06-2026 08:45:49","SURIN_PUNE-BFW01","-","No operator","-","No component","-","-","-","115","00:07:34","00:11:52","00:00:00","00:00:00","NEW","","","","","","","",""
"229","25-06-2026 08:45:08","SURIN-BFW_XTRON_1","-","No operator","-","No component","-","-","-","116","00:07:34","00:11:51","00:00:00","00:00:00","NEW","","","","","","","",""
"230","25-06-2026 08:28:22","SURIN_PUNE-BFW02","-","No operator","-","No component","-","-","-","592","00:41:54","00:22:18","00:00:00","00:00:00","NEW","","","","","","","",""
"231","25-06-2026 08:27:42","SURIN-BFW_XTRON_2","-","No operator","-","No component","50316207610","-","1","593","00:41:02","00:22:49","00:02:06","00:00:00","NEW","","","","","","","",""
"232","25-06-2026 08:20:27","SURIN_PUNE-BFW01","-","No operator","-","No component","-","-","-","114","00:09:06","00:16:16","00:00:00","00:00:00","NEW","","","","","","","",""
"233","25-06-2026 08:19:45","SURIN-BFW_XTRON_1","-","No operator","-","No component","-","-","-","115","00:09:07","00:16:17","00:00:00","00:00:00","NEW","","","","","","","",""
"234","25-06-2026 08:09:09","SURIN_PUNE-BFW01","-","No operator","-","No component","-","-","-","113","00:07:03","00:04:14","00:00:00","00:00:00","NEW","","","","","","","",""
"235","25-06-2026 08:08:28","SURIN-BFW_XTRON_1","-","No operator","-","No component","-","-","-","114","00:07:02","00:04:15","00:00:00","00:00:00","NEW","","","","","","","",""
"236","25-06-2026 07:46:21","SURIN_PUNE-BFW01","-","No operator","-","No component","-","-","-","112","00:11:44","00:08:29","00:00:00","00:00:00","NEW","","","","","","","",""
"237","25-06-2026 07:46:19","SURIN_PUNE-BFW02","-","No operator","-","No component","-","-","-","591","00:23:07","00:08:31","00:00:00","00:10:20","NEW","","","","","","","",""
"238","25-06-2026 07:38:21","SURIN_PUNE-BFW01","-","No operator","-","No component","-","-","-","0","00:00:00","00:00:00","00:08:01","00:00:00","NEW","","","","","","","",""
"239","25-06-2026 07:38:12","SURIN_PUNE-BFW02","-","No operator","-","No component","-","-","-","0","00:00:00","00:00:00","00:08:07","00:00:00","NEW","","","","","","","",""
"240","25-06-2026 07:35:03","SURIN_PUNE-BFW02","-","No operator","-","No component","-","-","-","591","00:00:00","00:00:00","00:00:00","00:03:09","NEW","","","","","","","",""
"241","25-06-2026 07:34:12","SURIN_PUNE-BFW01","-","No operator","-","No component","-","-","-","112","00:00:00","00:00:00","00:00:00","00:04:09","NEW","","","","","","","",""
"242","25-06-2026 07:05:20","SURIN_PUNE-BFW01","-","No operator","-","No component","-","-","-","0","00:00:00","00:00:00","00:28:51","00:00:00","NEW","","","","","","","",""
"243","25-06-2026 06:55:24","SURIN-FourStar_HDT2470","-","No operator","-","No component","488","-","0","300","00:00:00","00:38:40","26:25:21","00:00:00","NEW","","","","","","","",""
"244","25-06-2026 06:48:26","SURIN-FourStar_HDT2470","-","No operator","-","No component","-","-","-","300","00:06:47","00:00:12","00:00:00","00:00:00","NEW","","","","","","","",""
"245","25-06-2026 06:42:55","SURIN_PUNE-BFW01","-","No operator","-","No component","-","-","-","112","00:00:01","00:17:05","00:00:00","00:03:23","NEW","","","","","","","",""
"246","25-06-2026 06:42:44","SURIN_PUNE-BFW02","-","No operator","-","No component","-","-","-","591","00:00:00","00:00:00","00:00:00","00:52:19","NEW","","","","","","","",""
"247","25-06-2026 06:42:28","SURIN-FourStar_HDT2470","-","No operator","-","No component","-","-","-","299","00:05:50","00:00:08","00:00:00","00:00:00","NEW","","","","","","","",""
"248","25-06-2026 06:39:50","SURIN-FourStar_HDT2470","-","No operator","-","No component","-","-","-","298","00:02:27","00:00:12","00:00:00","00:00:00","NEW","","","","","","","",""
"249","25-06-2026 06:37:13","SURIN-FourStar_HDT2470","-","No operator","-","No component","-","-","-","297","00:02:27","00:00:10","00:00:00","00:00:00","NEW","","","","","","","",""
"250","25-06-2026 06:36:09","SURIN_PUNE-BFW02","-","No operator","-","No component","-","-","-","0","00:00:00","00:00:00","00:06:36","00:00:00","NEW","","","","","","","",""
"251","25-06-2026 06:36:09","SURIN_PUNE-BFW01","-","No operator","-","No component","-","-","-","0","00:00:00","00:00:00","00:06:46","00:00:00","NEW","","","","","","","",""
"252","25-06-2026 06:31:19","SURIN_PUNE-BFW02","-","No operator","-","No component","-","-","-","591","00:04:23","00:00:27","00:00:00","00:00:00","NEW","","","","","","","",""
"253","25-06-2026 06:30:37","SURIN-BFW_XTRON_2","-","No operator","-","No component","50316207610","-","1","592","00:27:09","00:09:04","00:47:23","00:33:30","NEW","","","","","","","",""
"254","25-06-2026 06:27:18","SURIN_PUNE-BFW01","-","No operator","-","No component","-","-","-","112","00:00:03","00:07:32","00:00:00","00:00:00","NEW","","","","","","","",""
"255","25-06-2026 06:26:37","SURIN-BFW_XTRON_1","-","No operator","-","No component","1","-","0","113","00:11:48","00:36:42","00:47:35","00:05:47","NEW","","","","","","","",""
"256","25-06-2026 06:21:03","SURIN_PUNE-BFW01","-","No operator","-","No component","-","-","-","111","00:02:23","00:03:52","00:00:00","00:00:00","NEW","","","","","","","",""
"257","25-06-2026 06:20:22","SURIN-BFW_XTRON_1","-","No operator","-","No component","-","-","-","112","00:02:24","00:03:52","00:00:00","00:00:00","NEW","","","","","","","",""
"258","25-06-2026 06:14:51","SURIN_PUNE-BFW01","-","No operator","-","No component","-","-","-","110","00:01:48","00:04:23","00:00:00","00:00:00","NEW","","","","","","","",""
"259","25-06-2026 06:14:10","SURIN-BFW_XTRON_1","-","No operator","-","No component","-","-","-","111","00:01:49","00:04:23","00:00:00","00:00:00","NEW","","","","","","","",""
"260","25-06-2026 06:11:45","SURIN-BFW_XTRON_3","-","No operator","-","No component","9||302890001","-","1","351","00:04:30","00:36:38","23:18:15","00:01:10","NEW","","","","","","","",""
"261","25-06-2026 06:10:03","SURIN_PUNE-BFW02","-","No operator","-","No component","-","-","-","590","00:19:43","00:01:33","00:00:00","00:00:00","NEW","","","","","","","",""
"262","25-06-2026 06:09:22","SURIN-BFW_XTRON_2","-","No operator","-","No component","-","-","-","591","00:19:43","00:01:33","00:00:00","00:00:00","NEW","","","","","","","",""
"263","25-06-2026 06:09:13","SURIN_PUNE-BFW01","-","No operator","-","No component","-","-","-","109","00:01:50","00:03:28","00:00:00","00:00:00","NEW","","","","","","","",""
"264","25-06-2026 06:08:31","SURIN-BFW_XTRON_1","-","No operator","-","No component","-","-","-","110","00:01:51","00:03:48","00:00:00","00:00:00","NEW","","","","","","","",""
"265","25-06-2026 06:05:01","SURIN_PUNE-BFW01","-","No operator","-","No component","-","-","-","108","00:01:51","00:02:21","00:00:00","00:00:00","NEW","","","","","","","",""
"266","25-06-2026 06:04:20","SURIN-BFW_XTRON_1","-","No operator","-","No component","-","-","-","109","00:01:50","00:02:22","00:00:00","00:00:00","NEW","","","","","","","",""
"267","25-06-2026 05:59:50","SURIN_PUNE-BFW01","-","No operator","-","No component","-","-","-","107","00:01:55","00:03:15","00:00:00","00:00:00","NEW","","","","","","","",""
"268","25-06-2026 05:59:10","SURIN-BFW_XTRON_1","-","No operator","-","No component","-","-","-","108","00:01:56","00:03:15","00:00:00","00:00:00","NEW","","","","","","","",""
"269","25-06-2026 05:53:24","SURIN_PUNE-BFW01","-","No operator","-","No component","-","-","-","106","00:01:55","00:04:32","00:00:00","00:00:00","NEW","","","","","","","",""
"270","25-06-2026 05:52:43","SURIN-BFW_XTRON_1","-","No operator","-","No component","-","-","-","107","00:01:55","00:04:32","00:00:00","00:00:00","NEW","","","","","","","",""
"271","25-06-2026 05:43:32","SURIN_PUNE-BFW01","-","No operator","-","No component","-","-","-","105","00:02:53","00:06:58","00:00:00","00:00:00","NEW","","","","","","","",""
"272","25-06-2026 05:42:51","SURIN-BFW_XTRON_1","-","No operator","-","No component","-","-","-","106","00:02:54","00:06:59","00:00:00","00:00:00","NEW","","","","","","","",""
"273","25-06-2026 05:37:19","SURIN_PUNE-BFW01","-","No operator","-","No component","-","-","-","104","00:01:55","00:04:18","00:00:00","00:00:00","NEW","","","","","","","",""
"274","25-06-2026 05:36:37","SURIN-BFW_XTRON_1","-","No operator","-","No component","-","-","-","105","00:01:55","00:04:19","00:00:00","00:00:00","NEW","","","","","","","",""
"275","25-06-2026 05:30:36","SURIN-FourStar_HDT2470","-","No operator","-","No component","-","-","-","296","00:02:34","01:04:03","00:00:00","00:00:00","NEW","","","","","","","",""
"276","25-06-2026 05:27:23","SURIN_PUNE-BFW01","-","No operator","-","No component","-","-","-","103","00:01:55","00:08:01","00:00:00","00:00:00","NEW","","","","","","","",""
"277","25-06-2026 05:26:42","SURIN-BFW_XTRON_1","-","No operator","-","No component","-","-","-","104","00:01:55","00:08:01","00:00:00","00:00:00","NEW","","","","","","","",""
"278","25-06-2026 05:24:08","SURIN-FourStar_HDT2470","-","No operator","-","No component","-","-","-","295","00:06:20","00:00:09","00:00:00","00:00:00","NEW","","","","","","","",""
"279","25-06-2026 05:21:20","SURIN-FourStar_HDT2470","-","No operator","-","No component","-","-","-","294","00:02:38","00:00:10","00:00:00","00:00:00","NEW","","","","","","","",""
"280","25-06-2026 05:19:06","SURIN_PUNE-BFW01","-","No operator","-","No component","-","-","-","102","00:01:55","00:06:22","00:00:00","00:00:00","NEW","","","","","","","",""
"281","25-06-2026 05:19:00","SURIN-FourStar_HDT2470","-","No operator","-","No component","-","-","-","293","00:02:12","00:00:08","00:00:00","00:00:00","NEW","","","","","","","",""
"282","25-06-2026 05:18:25","SURIN-BFW_XTRON_1","-","No operator","-","No component","-","-","-","103","00:01:56","00:06:22","00:00:00","00:00:00","NEW","","","","","","","",""
"283","25-06-2026 05:16:40","SURIN-FourStar_HDT2470","-","No operator","-","No component","-","-","-","292","00:02:12","00:00:08","00:00:00","00:00:00","NEW","","","","","","","",""
"284","25-06-2026 05:11:52","SURIN_PUNE-BFW02","-","No operator","-","No component","-","-","-","589","00:41:38","00:16:32","00:00:00","00:00:00","NEW","","","","","","","",""
"285","25-06-2026 05:11:11","SURIN-BFW_XTRON_2","-","No operator","-","No component","-","-","-","590","00:41:33","00:16:38","00:00:00","00:00:00","NEW","","","","","","","",""
"286","25-06-2026 05:10:55","SURIN_PUNE-BFW01","-","No operator","-","No component","-","-","-","101","00:01:57","00:06:14","00:00:00","00:00:00","NEW","","","","","","","",""
"287","25-06-2026 05:09:51","SURIN-BFW_XTRON_1","-","No operator","-","No component","-","-","-","102","00:01:57","00:06:38","00:00:00","00:00:00","NEW","","","","","","","",""
"288","25-06-2026 05:04:45","SURIN_PUNE-BFW01","-","No operator","-","No component","-","-","-","100","00:02:18","00:03:52","00:00:00","00:00:00","NEW","","","","","","","",""
"289","25-06-2026 05:04:04","SURIN-BFW_XTRON_1","-","No operator","-","No component","-","-","-","101","00:01:56","00:03:51","00:00:00","00:00:00","NEW","","","","","","","",""
"290","25-06-2026 04:57:55","SURIN_PUNE-BFW01","-","No operator","-","No component","-","-","-","99","00:01:55","00:04:55","00:00:00","00:00:00","NEW","","","","","","","",""
"291","25-06-2026 04:57:14","SURIN-BFW_XTRON_1","-","No operator","-","No component","-","-","-","100","00:01:56","00:04:54","00:00:00","00:00:00","NEW","","","","","","","",""
"292","25-06-2026 04:50:28","SURIN_PUNE-BFW02","-","No operator","-","No component","-","-","-","588","00:16:54","00:00:38","00:03:18","00:00:34","NEW","","","","","","","",""
"293","25-06-2026 04:49:47","SURIN-BFW_XTRON_2","-","No operator","-","No component","-","-","-","589","00:20:35","00:00:50","00:00:00","00:00:00","NEW","","","","","","","",""
"294","25-06-2026 04:24:55","SURIN_PUNE-BFW02","-","No operator","-","No component","-","-","-","587","00:10:59","00:08:55","00:00:00","00:00:00","NEW","","","","","","","",""
"295","25-06-2026 04:24:15","SURIN_PUNE-BFW01","-","No operator","-","No component","-","-","-","98","00:02:05","00:29:00","00:00:00","00:00:00","NEW","","","","","","","",""
"296","25-06-2026 04:24:14","SURIN-BFW_XTRON_2","-","No operator","-","No component","-","-","-","588","00:18:10","00:07:23","00:00:00","00:00:00","NEW","","","","","","","",""
"297","25-06-2026 04:23:30","SURIN-BFW_XTRON_1","-","No operator","-","No component","-","-","-","99","00:02:05","00:31:39","00:00:00","00:00:00","NEW","","","","","","","",""
"298","25-06-2026 04:22:22","SURIN_PUNE-BFW01","-","No operator","-","No component","-","-","-","97","00:01:17","00:00:37","00:00:00","00:00:00","NEW","","","","","","","",""
"299","25-06-2026 04:21:41","SURIN-BFW_XTRON_1","-","No operator","-","No component","-","-","-","98","00:01:14","00:00:36","00:00:00","00:00:00","NEW","","","","","","","",""
"300","25-06-2026 02:47:53","SURIN_PUNE-BFW01","-","No operator","-","No component","-","-","-","96","00:02:48","01:00:49","00:00:00","00:00:00","NEW","","","","","","","",""
"301","25-06-2026 02:47:14","SURIN_PUNE-BFW02","-","No operator","-","No component","-","-","-","586","00:38:59","00:57:50","00:00:00","00:00:00","NEW","","","","","","","",""
"302","25-06-2026 02:47:12","SURIN-BFW_XTRON_1","-","No operator","-","No component","1","-","0","97","00:02:49","01:31:02","00:00:39","00:00:00","NEW","","","","","","","",""
"303","25-06-2026 02:46:34","SURIN-BFW_XTRON_2","-","No operator","-","No component","50316207610","-","1","587","00:38:54","00:58:42","00:00:05","00:00:00","NEW","","","","","","","",""
"304","25-06-2026 02:17:03","SURIN_PUNE-BFW02","-","No operator","-","No component","-","-","-","585","00:29:17","00:00:55","00:00:00","00:00:00","NEW","","","","","","","",""
"305","25-06-2026 02:16:22","SURIN-BFW_XTRON_2","-","No operator","-","No component","-","-","-","586","00:29:17","00:00:56","00:00:00","00:00:00","NEW","","","","","","","",""
"306","25-06-2026 02:06:45","SURIN-BFW_XTRON_3","-","No operator","-","No component","9","-","1","341","00:26:23","03:38:25","00:00:12","00:00:01","NEW","","","","","","","",""
"307","25-06-2026 01:55:43","SURIN-BFW_XTRON_3","-","No operator","-","No component","-","-","-","340","00:03:56","00:07:06","00:00:00","00:00:00","NEW","","","","","","","",""
"308","25-06-2026 01:31:59","SURIN_PUNE-BFW02","-","No operator","-","No component","-","-","-","584","00:27:16","00:17:48","00:00:00","00:00:00","NEW","","","","","","","",""
"309","25-06-2026 01:31:18","SURIN-BFW_XTRON_2","-","No operator","-","No component","-","-","-","585","00:27:17","00:17:47","00:00:00","00:00:00","NEW","","","","","","","",""
"310","25-06-2026 00:38:57","SURIN_PUNE-BFW02","-","No operator","-","No component","-","-","-","583","00:40:26","00:12:36","00:00:00","00:00:00","NEW","","","","","","","",""
"311","25-06-2026 00:38:17","SURIN-BFW_XTRON_2","-","No operator","-","No component","50316207610","-","1","584","00:40:21","00:12:37","00:00:04","00:00:00","NEW","","","","","","","",""
"312","25-06-2026 00:11:11","SURIN_PUNE-BFW02","-","No operator","-","No component","-","-","-","582","00:27:10","00:00:36","00:00:00","00:00:00","NEW","","","","","","","",""
"313","25-06-2026 00:10:30","SURIN-BFW_XTRON_2","-","No operator","-","No component","50316207610","-","1","583","00:27:07","00:00:37","00:00:03","00:00:00","NEW","","","","","","","",""
"314","24-06-2026 23:41:32","SURIN_PUNE-BFW02","-","No operator","-","No component","-","-","-","581","00:29:34","00:00:05","00:00:00","00:00:00","NEW","","","","","","","",""
"315","24-06-2026 23:40:51","SURIN-BFW_XTRON_2","-","No operator","-","No component","50316207610","-","1","582","00:29:31","00:00:05","00:00:04","00:00:00","NEW","","","","","","","",""
"316","24-06-2026 23:30:07","SURIN_PUNE-BFW01","-","No operator","-","No component","-","-","-","95","00:29:57","02:38:02","00:00:00","00:00:00","NEW","","","","","","","",""
"317","24-06-2026 23:29:27","SURIN-BFW_XTRON_1","-","No operator","-","No component","1","-","0","96","00:29:58","02:47:41","00:00:08","00:00:00","NEW","","","","","","","",""
"318","24-06-2026 22:55:17","SURIN_PUNE-BFW02","-","No operator","-","No component","-","-","-","580","00:37:40","00:08:35","00:00:00","00:00:00","NEW","","","","","","","",""
"319","24-06-2026 22:54:35","SURIN-BFW_XTRON_2","-","No operator","-","No component","-","-","-","581","00:37:41","00:08:36","00:00:00","00:00:00","NEW","","","","","","","",""
"320","24-06-2026 22:50:17","SURIN-BFW_XTRON_3","-","No operator","-","No component","9","-","1","339","00:04:06","02:58:04","00:03:17","00:00:00","NEW","","","","","","","",""
"321","24-06-2026 22:38:25","SURIN-BFW_XTRON_3","-","No operator","-","No component","-","-","-","338","00:04:10","00:07:43","00:00:00","00:00:00","NEW","","","","","","","",""
"322","24-06-2026 22:37:33","SURIN-BFW_XTRON_2","-","No operator","-","No component","50316207610","-","1","580","00:16:58","00:00:00","00:00:05","00:00:00","NEW","","","","","","","",""
"323","24-06-2026 22:37:03","SURIN_PUNE-BFW02","-","No operator","-","No component","-","-","-","579","00:16:38","00:01:36","00:00:00","00:00:00","NEW","","","","","","","",""
"324","24-06-2026 22:28:49","SURIN_PUNE-BFW01","-","No operator","-","No component","-","-","-","94","00:29:55","00:22:25","00:00:00","00:00:00","NEW","","","","","","","",""
"325","24-06-2026 22:28:06","SURIN-BFW_XTRON_1","-","No operator","-","No component","1","-","0","95","00:30:07","00:31:08","00:00:06","00:00:00","NEW","","","","","","","",""
"326","24-06-2026 22:27:22","SURIN-BFW_XTRON_3","-","No operator","-","No component","9","-","1","337","00:02:47","00:07:02","00:01:15","00:00:00","NEW","","","","","","","",""
"327","24-06-2026 22:20:17","SURIN_PUNE-BFW02","-","No operator","-","No component","-","-","-","578","00:16:41","00:00:05","00:00:00","00:00:00","NEW","","","","","","","",""
"328","24-06-2026 22:20:04","SURIN-BFW_XTRON_2","-","No operator","-","No component","50316207610","-","1","579","00:17:24","00:00:00","00:00:05","00:00:00","NEW","","","","","","","",""
"329","24-06-2026 22:16:09","SURIN-BFW_XTRON_3","-","No operator","-","No component","-","-","-","336","00:03:59","00:07:14","00:00:00","00:00:00","NEW","","","","","","","",""
"330","24-06-2026 22:04:52","SURIN-BFW_XTRON_3","-","No operator","-","No component","-","-","-","335","00:03:59","00:07:19","00:00:00","00:00:00","NEW","","","","","","","",""
"331","24-06-2026 21:54:15","SURIN-BFW_XTRON_3","-","No operator","-","No component","9","-","1","334","00:03:13","00:06:55","00:00:30","00:00:00","NEW","","","","","","","",""
"332","24-06-2026 21:43:44","SURIN_PUNE-BFW02","-","No operator","-","No component","-","-","-","577","00:27:36","00:08:56","00:00:00","00:00:00","NEW","","","","","","","",""
"333","24-06-2026 21:43:03","SURIN-BFW_XTRON_2","-","No operator","-","No component","50316207610","-","1","578","00:27:33","00:08:55","00:00:34","00:00:00","NEW","","","","","","","",""
"334","24-06-2026 21:41:56","SURIN-BFW_XTRON_3","-","No operator","-","No component","9","-","1","333","00:03:56","00:08:15","00:00:09","00:00:00","NEW","","","","","","","",""
"335","24-06-2026 21:38:38","SURIN_PUNE-BFW01","-","No operator","-","No component","-","-","-","93","00:29:28","00:15:45","00:00:00","00:00:39","NEW","","","","","","","",""
"336","24-06-2026 21:37:57","SURIN-BFW_XTRON_1","-","No operator","-","No component","1","-","0","94","00:28:53","00:20:03","00:00:36","00:00:39","NEW","","","","","","","",""
"337","24-06-2026 21:27:16","SURIN-BFW_XTRON_3","-","No operator","-","No component","-","-","-","332","00:03:25","00:11:15","00:00:00","00:00:00","NEW","","","","","","","",""
"338","24-06-2026 21:26:51","SURIN_PUNE-BFW02","-","No operator","-","No component","-","-","-","576","00:16:02","00:00:51","00:00:00","00:00:00","NEW","","","","","","","",""
"339","24-06-2026 21:26:11","SURIN-BFW_XTRON_2","-","No operator","-","No component","-","-","-","577","00:16:28","00:00:25","00:00:00","00:00:00","NEW","","","","","","","",""
"340","24-06-2026 21:05:17","SURIN_PUNE-BFW02","-","No operator","-","No component","-","-","-","575","00:17:52","00:03:42","00:00:00","00:00:00","NEW","","","","","","","",""
"341","24-06-2026 21:04:36","SURIN-BFW_XTRON_2","-","No operator","-","No component","50316207610","-","1","576","00:17:50","00:03:43","00:00:03","00:00:00","NEW","","","","","","","",""
"342","24-06-2026 20:35:22","SURIN_PUNE-BFW01","-","No operator","3","demo 2 ","-","-","-","92","00:30:59","00:26:01","00:00:00","00:00:00","NEW","S12","60","-","-","0","Skipped","-","-"
"","","","","","","","","","","","","","","","","S14","120","-","-","0","Skipped","-","-"
"","","","","","","","","","","","","","","","","S16","60","-","-","0","Skipped","-","-"
"","","","","","","","","","","","","","","","","S18","120","-","-","0","Skipped","-","-"
"","","","","","","","","","","","","","","","","S20","60","-","-","0","Skipped","-","-"
"343","24-06-2026 20:34:41","SURIN-BFW_XTRON_1","-","No operator","-","No component","1","-","-","93","00:30:44","00:32:32","00:00:00","00:00:00","NEW","","","","","","","",""
"344","24-06-2026 20:30:39","SURIN_PUNE-BFW02","-","No operator","-","No component","-","-","-","574","00:27:30","00:07:08","00:00:00","00:00:00","NEW","","","","","","","",""
"345","24-06-2026 20:29:59","SURIN-BFW_XTRON_2","-","No operator","-","No component","50316207610","-","1","575","00:27:35","00:07:01","00:00:02","00:00:00","NEW","","","","","","","",""
"346","24-06-2026 20:29:39","SURIN-BFW_XTRON_3","-","No operator","-","No component","-","-","-","331","00:04:04","00:53:33","00:00:00","00:00:00","NEW","","","","","","","",""
"347","24-06-2026 20:25:26","SURIN_PUNE-BFW01","-","No operator","3","demo 2 ","-","-","-","91","00:04:58","00:04:58","00:00:00","00:00:00","NEW","S12","60","-","-","0","Skipped","-","-"
"","","","","","","","","","","","","","","","","S14","120","-","-","0","Skipped","-","-"
"","","","","","","","","","","","","","","","","S16","60","-","-","0","Skipped","-","-"
"","","","","","","","","","","","","","","","","S18","120","-","-","0","Skipped","-","-"
"","","","","","","","","","","","","","","","","S20","60","-","-","0","Skipped","-","-"
"348","24-06-2026 20:24:44","SURIN-BFW_XTRON_1","-","No operator","-","No component","-","-","-","92","00:04:58","00:05:00","00:00:00","00:00:00","NEW","","","","","","","",""
"349","24-06-2026 20:17:55","SURIN-BFW_XTRON_3","-","No operator","-","No component","-","-","-","330","00:03:45","00:08:00","00:00:00","00:00:00","NEW","","","","","","","",""
"350","24-06-2026 20:13:02","SURIN_PUNE-BFW02","-","No operator","-","No component","-","-","-","573","00:17:37","00:00:00","00:00:00","00:00:00","NEW","","","","","","","",""
"351","24-06-2026 20:11:49","SURIN-BFW_XTRON_2","-","No operator","-","No component","-","-","-","574","00:17:46","00:00:24","00:00:00","00:00:00","NEW","","","","","","","",""
"352","24-06-2026 20:08:37","SURIN_PUNE-BFW01","-","No operator","3","demo 2 ","-","-","-","90","00:12:24","00:04:25","00:00:00","00:00:00","NEW","S12","60","-","-","0","Skipped","-","-"
"","","","","","","","","","","","","","","","","S14","120","-","-","0","Skipped","-","-"
"","","","","","","","","","","","","","","","","S16","60","-","-","0","Skipped","-","-"
"","","","","","","","","","","","","","","","","S18","120","-","-","0","Skipped","-","-"
"","","","","","","","","","","","","","","","","S20","60","-","-","0","Skipped","-","-"
"353","24-06-2026 20:07:55","SURIN-BFW_XTRON_1","-","No operator","-","No component","-","-","-","91","00:12:25","00:04:24","00:00:00","00:00:00","NEW","","","","","","","",""
"354","24-06-2026 20:06:07","SURIN-BFW_XTRON_3","-","No operator","-","No component","-","-","-","329","00:03:45","00:08:03","00:00:00","00:00:00","NEW","","","","","","","",""
"355","24-06-2026 19:55:38","SURIN_PUNE-BFW02","-","No operator","-","No component","-","-","-","572","00:17:06","00:00:18","00:00:00","00:00:00","NEW","","","","","","","",""
"356","24-06-2026 19:54:57","SURIN-BFW_XTRON_2","-","No operator","-","No component","-","-","-","573","00:16:34","00:00:18","00:00:00","00:00:00","NEW","","","","","","","",""
"357","24-06-2026 19:33:19","SURIN_PUNE-BFW01","-","No operator","3","demo 2 ","-","-","-","89","00:04:00","00:31:18","00:00:00","00:00:00","NEW","S12","60","-","-","0","Skipped","-","-"
"","","","","","","","","","","","","","","","","S14","120","-","-","0","Skipped","-","-"
"","","","","","","","","","","","","","","","","S16","60","-","-","0","Skipped","-","-"
"","","","","","","","","","","","","","","","","S18","120","-","-","0","Skipped","-","-"
"","","","","","","","","","","","","","","","","S20","60","-","-","0","Skipped","-","-"
"358","24-06-2026 19:32:40","SURIN-BFW_XTRON_1","-","No operator","3","demo 2 ","-","-","-","90","00:03:58","00:31:18","00:00:00","00:00:00","NEW","S12","60","-","-","0","Skipped","-","-"
"","","","","","","","","","","","","","","","","S14","120","-","-","0","Skipped","-","-"
"","","","","","","","","","","","","","","","","S16","60","-","-","0","Skipped","-","-"
"","","","","","","","","","","","","","","","","S18","120","-","-","0","Skipped","-","-"
"","","","","","","","","","","","","","","","","S20","60","-","-","0","Skipped","-","-"
"359","24-06-2026 19:28:16","SURIN-FourStar_HDT2470","-","No operator","-","No component","488","-","0","291","03:39:11","06:05:49","00:00:32","00:02:53","NEW","","","","","","","",""
"360","24-06-2026 19:22:55","SURIN_PUNE-BFW02","-","No operator","-","No component","-","-","-","571","00:27:38","00:05:05","00:00:00","00:00:00","NEW","","","","","","","",""
"361","24-06-2026 19:22:15","SURIN-BFW_XTRON_2","-","No operator","-","No component","-","-","-","572","00:27:40","00:05:03","00:00:00","00:00:00","NEW","","","","","","","",""
"362","24-06-2026 19:18:48","SURIN_PUNE-BFW01","-","No operator","3","demo 2 ","-","-","-","88","00:06:35","00:07:57","00:00:00","00:00:00","NEW","S12","60","-","-","0","Skipped","-","-"
"","","","","","","","","","","","","","","","","S14","120","-","-","0","Skipped","-","-"
"","","","","","","","","","","","","","","","","S16","60","-","-","0","Skipped","-","-"
"","","","","","","","","","","","","","","","","S18","120","-","-","0","Skipped","-","-"
"","","","","","","","","","","","","","","","","S20","60","-","-","0","Skipped","-","-"
"363","24-06-2026 19:18:08","SURIN-BFW_XTRON_1","-","No operator","3","demo 2 ","-","-","-","89","00:06:36","00:07:56","00:00:00","00:00:00","NEW","S12","60","-","-","0","Skipped","-","-"
"","","","","","","","","","","","","","","","","S14","120","-","-","0","Skipped","-","-"
"","","","","","","","","","","","","","","","","S16","60","-","-","0","Skipped","-","-"
"","","","","","","","","","","","","","","","","S18","120","-","-","0","Skipped","-","-"
"","","","","","","","","","","","","","","","","S20","60","-","-","0","Skipped","-","-"
"364","24-06-2026 19:15:32","SURIN-FourStar_HDT2470","-","No operator","-","No component","-","-","-","290","00:11:28","00:01:16","00:00:00","00:00:00","NEW","","","","","","","",""
"365","24-06-2026 19:11:24","SURIN-BFW_XTRON_3","-","No operator","-","No component","9","-","1","328","00:03:47","00:50:55","00:00:03","00:00:00","NEW","","","","","","","",""
"366","24-06-2026 19:04:56","SURIN_PUNE-BFW02","-","No operator","-","No component","-","-","-","570","00:16:28","00:01:31","00:00:00","00:00:00","NEW","","","","","","","",""
"367","24-06-2026 19:04:13","SURIN-BFW_XTRON_2","-","No operator","-","No component","-","-","-","571","00:16:28","00:01:34","00:00:00","00:00:00","NEW","","","","","","","",""
"368","24-06-2026 18:59:27","SURIN-BFW_XTRON_3","-","No operator","-","No component","-","-","-","327","00:03:55","00:08:02","00:00:00","00:00:00","NEW","","","","","","","",""
"369","24-06-2026 18:58:08","SURIN_PUNE-BFW01","-","No operator","3","demo 2 ","-","-","-","87","00:10:13","00:10:27","00:00:00","00:00:00","NEW","S12","60","-","-","0","Skipped","-","-"
"","","","","","","","","","","","","","","","","S14","120","-","-","0","Skipped","-","-"
"","","","","","","","","","","","","","","","","S16","60","-","-","0","Skipped","-","-"
"","","","","","","","","","","","","","","","","S18","120","-","-","0","Skipped","-","-"
"","","","","","","","","","","","","","","","","S20","60","-","-","0","Skipped","-","-"
"370","24-06-2026 18:57:27","SURIN-BFW_XTRON_1","-","No operator","3","demo 2 ","-","-","-","88","00:10:13","00:10:29","00:00:00","00:00:00","NEW","S12","60","-","-","0","Skipped","-","-"
"","","","","","","","","","","","","","","","","S14","120","-","-","0","Skipped","-","-"
"","","","","","","","","","","","","","","","","S16","60","-","-","0","Skipped","-","-"
"","","","","","","","","","","","","","","","","S18","120","-","-","0","Skipped","-","-"
"","","","","","","","","","","","","","","","","S20","60","-","-","0","Skipped","-","-"
"371","24-06-2026 18:47:39","SURIN-BFW_XTRON_3","-","No operator","-","No component","-","-","-","326","00:03:58","00:07:51","00:00:00","00:00:00","NEW","","","","","","","",""
"372","24-06-2026 18:45:21","SURIN_PUNE-BFW01","-","No operator","3","demo 2 ","-","-","-","86","00:03:39","00:09:08","00:00:00","00:00:00","NEW","S12","60","-","-","0","Skipped","-","-"
"","","","","","","","","","","","","","","","","S14","120","-","-","0","Skipped","-","-"
"","","","","","","","","","","","","","","","","S16","60","-","-","0","Skipped","-","-"
"","","","","","","","","","","","","","","","","S18","120","-","-","0","Skipped","-","-"
"","","","","","","","","","","","","","","","","S20","60","-","-","0","Skipped","-","-"
"373","24-06-2026 18:45:07","SURIN_PUNE-BFW02","-","No operator","-","No component","-","-","-","569","00:18:37","00:01:12","00:00:00","00:00:00","NEW","","","","","","","",""
"374","24-06-2026 18:44:37","SURIN-BFW_XTRON_1","-","No operator","3","demo 2 ","-","-","-","87","00:03:38","00:09:12","00:00:00","00:00:00","NEW","S12","60","-","-","0","Skipped","-","-"
"","","","","","","","","","","","","","","","","S14","120","-","-","0","Skipped","-","-"
"","","","","","","","","","","","","","","","","S16","60","-","-","0","Skipped","-","-"
"","","","","","","","","","","","","","","","","S18","120","-","-","0","Skipped","-","-"
"","","","","","","","","","","","","","","","","S20","60","-","-","0","Skipped","-","-"
"375","24-06-2026 18:44:31","SURIN-BFW_XTRON_2","-","No operator","-","No component","-","-","-","570","00:18:10","00:01:33","00:00:00","00:00:00","NEW","","","","","","","",""
"376","24-06-2026 18:40:04","SURIN_PUNE-BFW01","-","No operator","3","demo 2 ","-","-","-","85","00:04:23","00:00:54","00:00:00","00:00:00","NEW","S12","60","-","-","0","Skipped","-","-"
"","","","","","","","","","","","","","","","","S14","120","-","-","0","Skipped","-","-"
"","","","","","","","","","","","","","","","","S16","60","-","-","0","Skipped","-","-"
"","","","","","","","","","","","","","","","","S18","120","-","-","0","Skipped","-","-"
"","","","","","","","","","","","","","","","","S20","60","-","-","0","Skipped","-","-"
"377","24-06-2026 18:38:58","SURIN-BFW_XTRON_1","-","No operator","3","demo 2 ","-","-","-","86","00:04:53","00:00:47","00:00:00","00:00:00","NEW","S12","60","-","-","0","Skipped","-","-"
"","","","","","","","","","","","","","","","","S14","120","-","-","0","Skipped","-","-"
"","","","","","","","","","","","","","","","","S16","60","-","-","0","Skipped","-","-"
"","","","","","","","","","","","","","","","","S18","120","-","-","0","Skipped","-","-"
"","","","","","","","","","","","","","","","","S20","60","-","-","0","Skipped","-","-"
"378","24-06-2026 18:35:39","SURIN-BFW_XTRON_3","-","No operator","-","No component","9","-","1","325","00:03:55","00:07:50","00:00:16","00:00:00","NEW","","","","","","","",""
"379","24-06-2026 18:33:07","SURIN_PUNE-BFW01","-","No operator","3","demo 2 ","-","-","-","84","00:00:15","00:06:42","00:00:00","00:00:00","NEW","S12","60","-","-","0","Skipped","-","-"
"","","","","","","","","","","","","","","","","S14","120","-","-","0","Skipped","-","-"
"","","","","","","","","","","","","","","","","S16","60","-","-","0","Skipped","-","-"
"","","","","","","","","","","","","","","","","S18","120","-","-","0","Skipped","-","-"
"","","","","","","","","","","","","","","","","S20","60","-","-","0","Skipped","-","-"
"380","24-06-2026 18:32:44","SURIN-BFW_XTRON_1","-","No operator","3","demo 2 ","40304110102","-","0","85","00:00:14","00:05:58","00:00:03","00:00:00","duplicate","S12","60","-","-","0","Skipped","-","-"
"","","","","","","","","","","","","","","","","S14","120","-","-","0","Skipped","-","-"
"","","","","","","","","","","","","","","","","S16","60","-","-","0","Skipped","-","-"
"","","","","","","","","","","","","","","","","S18","120","-","-","0","Skipped","-","-"
"","","","","","","","","","","","","","","","","S20","60","-","-","0","Skipped","-","-"
"","","","","","","","","","","","","","","","","S1","0","18:32:44","18:36:06","0","Incomplete","2130 PRODUCTION PART COUNT REACHED.","Network Off"
"","","","","","","","","","","","","","","","","S1","0","18:36:06","18:38:58","14","Unknown","2130 PRODUCTION PART COUNT REACHED.","-"
"381","24-06-2026 18:16:26","SURIN_PUNE-BFW01","-","No operator","3","demo 2 ","-","-","-","83","00:12:10","00:04:31","00:00:00","00:00:00","NEW","S12","60","-","-","0","Skipped","-","-"
"","","","","","","","","","","","","","","","","S14","120","-","-","0","Skipped","-","-"
"","","","","","","","","","","","","","","","","S16","60","-","-","0","Skipped","-","-"
"","","","","","","","","","","","","","","","","S18","120","-","-","0","Skipped","-","-"
"","","","","","","","","","","","","","","","","S20","60","-","-","0","Skipped","-","-"
"382","24-06-2026 18:15:47","SURIN-BFW_XTRON_1","-","No operator","3","demo 2 ","40304110102","-","0","84","00:09:44","00:04:31","00:02:44","00:00:00","duplicate","S12","60","-","-","0","Skipped","-","-"
"","","","","","","","","","","","","","","","","S14","120","-","-","0","Skipped","-","-"
"","","","","","","","","","","","","","","","","S16","60","-","-","0","Skipped","-","-"
"","","","","","","","","","","","","","","","","S18","120","-","-","0","Skipped","-","-"
"","","","","","","","","","","","","","","","","S20","60","-","-","0","Skipped","-","-"
"","","","","","","","","","","","","","","","","S1","0","18:26:02","18:28:52","125","Incomplete","2130 PRODUCTION PART COUNT REACHED.","Network Off"
"","","","","","","","","","","","","","","","","S1","0","18:28:52","18:31:25","55","Incomplete","2130 PRODUCTION PART COUNT REACHED.","Network Off"
"","","","","","","","","","","","","","","","","S1","0","18:31:25","18:32:44","69","Incomplete","2130 PRODUCTION PART COUNT REACHED.","Network Off"
"","","","","","","","","","","","","","","","","S1","0","18:32:44","18:32:44","0","Unknown","2130 PRODUCTION PART COUNT REACHED.","-"
"383","24-06-2026 18:06:46","SURIN_PUNE-BFW02","-","No operator","-","No component","-","-","-","568","00:32:36","00:05:44","00:00:00","00:00:00","NEW","","","","","","","",""
"384","24-06-2026 17:53:12","SURIN_PUNE-BFW01","-","No operator","3","demo 2 ","-","-","-","82","00:03:41","00:19:34","00:00:00","00:00:00","NEW","S12","60","-","-","0","Skipped","-","-"
"","","","","","","","","","","","","","","","","S14","120","-","-","0","Skipped","-","-"
"","","","","","","","","","","","","","","","","S16","60","-","-","0","Skipped","-","-"
"","","","","","","","","","","","","","","","","S18","120","-","-","0","Skipped","-","-"
"","","","","","","","","","","","","","","","","S20","60","-","-","0","Skipped","-","-"
"385","24-06-2026 17:52:31","SURIN-BFW_XTRON_1","-","No operator","3","demo 2 ","40304110102","-","0","83","00:03:42","00:19:32","00:00:02","00:00:00","duplicate","S12","60","-","-","0","Skipped","-","-"
"","","","","","","","","","","","","","","","","S14","120","-","-","0","Skipped","-","-"
"","","","","","","","","","","","","","","","","S16","60","-","-","0","Skipped","-","-"
"","","","","","","","","","","","","","","","","S18","120","-","-","0","Skipped","-","-"
"","","","","","","","","","","","","","","","","S20","60","-","-","0","Skipped","-","-"
"","","","","","","","","","","","","","","","","S1","0","18:02:59","18:15:47","222","Unknown","2130 PRODUCTION PART COUNT REACHED.","-"
"386","24-06-2026 17:43:03","SURIN_PUNE-BFW02","-","No operator","-","No component","-","-","-","567","00:22:02","00:01:41","00:00:00","00:00:00","NEW","","","","","","","",""
"387","24-06-2026 17:42:37","SURIN_PUNE-BFW01","-","No operator","3","demo 2 ","-","-","-","81","00:06:28","00:04:07","00:00:00","00:00:00","NEW","S12","60","-","-","0","Skipped","-","-"
"","","","","","","","","","","","","","","","","S14","120","-","-","0","Skipped","-","-"
"","","","","","","","","","","","","","","","","S16","60","-","-","0","Skipped","-","-"
"","","","","","","","","","","","","","","","","S18","120","-","-","0","Skipped","-","-"
"","","","","","","","","","","","","","","","","S20","60","-","-","0","Skipped","-","-"
"388","24-06-2026 17:41:57","SURIN-BFW_XTRON_1","-","No operator","3","demo 2 ","-","-","-","82","00:06:29","00:04:06","00:00:00","00:00:00","NEW","S12","60","-","-","0","Skipped","-","-"
"","","","","","","","","","","","","","","","","S14","120","-","-","0","Skipped","-","-"
"","","","","","","","","","","","","","","","","S16","60","-","-","0","Skipped","-","-"
"","","","","","","","","","","","","","","","","S18","120","-","-","0","Skipped","-","-"
"","","","","","","","","","","","","","","","","S20","60","-","-","0","Skipped","-","-"
"389","24-06-2026 17:21:39","SURIN_PUNE-BFW02","-","No operator","-","No component","-","-","-","566","00:20:33","00:00:51","00:00:00","00:00:00","NEW","","","","","","","",""
"390","24-06-2026 17:21:17","SURIN_PUNE-BFW01","-","No operator","3","demo 2 ","-","-","-","80","00:10:24","00:10:55","00:00:00","00:00:00","NEW","S12","60","-","-","0","Skipped","-","-"
"","","","","","","","","","","","","","","","","S14","120","-","-","0","Skipped","-","-"
"","","","","","","","","","","","","","","","","S16","60","-","-","0","Skipped","-","-"
"","","","","","","","","","","","","","","","","S18","120","-","-","0","Skipped","-","-"
"","","","","","","","","","","","","","","","","S20","60","-","-","0","Skipped","-","-"
"391","24-06-2026 17:20:37","SURIN-BFW_XTRON_1","-","No operator","3","demo 2 ","40304110102","-","0","81","00:10:25","00:10:50","00:00:05","00:00:00","duplicate","S12","60","-","-","0","Skipped","-","-"
"","","","","","","","","","","","","","","","","S14","120","-","-","0","Skipped","-","-"
"","","","","","","","","","","","","","","","","S16","60","-","-","0","Skipped","-","-"
"","","","","","","","","","","","","","","","","S18","120","-","-","0","Skipped","-","-"
"","","","","","","","","","","","","","","","","S20","60","-","-","0","Skipped","-","-"
"","","","","","","","","","","","","","","","","S1","0","17:30:15","17:41:57","625","Unknown","2130 PRODUCTION PART COUNT REACHED.","-"
"392","24-06-2026 17:08:46","SURIN_PUNE-BFW01","-","No operator","3","demo 2 ","-","-","-","79","00:05:46","00:06:46","00:00:00","00:00:00","NEW","S12","60","-","-","0","Skipped","-","-"
"","","","","","","","","","","","","","","","","S14","120","-","-","0","Skipped","-","-"
"","","","","","","","","","","","","","","","","S16","60","-","-","0","Skipped","-","-"
"","","","","","","","","","","","","","","","","S18","120","-","-","0","Skipped","-","-"
"","","","","","","","","","","","","","","","","S20","60","-","-","0","Skipped","-","-"
"393","24-06-2026 17:08:05","SURIN-BFW_XTRON_1","-","No operator","3","demo 2 ","40304110102","-","0","80","00:05:43","00:06:47","00:00:03","00:00:00","duplicate","S12","60","-","-","0","Skipped","-","-"
"","","","","","","","","","","","","","","","","S14","120","-","-","0","Skipped","-","-"
"","","","","","","","","","","","","","","","","S16","60","-","-","0","Skipped","-","-"
"","","","","","","","","","","","","","","","","S18","120","-","-","0","Skipped","-","-"
"","","","","","","","","","","","","","","","","S20","60","-","-","0","Skipped","-","-"
"","","","","","","","","","","","","","","","","S1","0","17:20:02","17:20:37","36","Unknown","2130 PRODUCTION PART COUNT REACHED.","-"
"394","24-06-2026 16:57:30","SURIN_PUNE-BFW01","-","No operator","3","demo 2 ","-","-","-","78","00:05:02","00:06:14","00:00:00","00:00:00","NEW","S12","60","-","-","0","Skipped","-","-"
"","","","","","","","","","","","","","","","","S14","120","-","-","0","Skipped","-","-"
"","","","","","","","","","","","","","","","","S16","60","-","-","0","Skipped","-","-"
"","","","","","","","","","","","","","","","","S18","120","-","-","0","Skipped","-","-"
"","","","","","","","","","","","","","","","","S20","60","-","-","0","Skipped","-","-"
"395","24-06-2026 16:56:50","SURIN-BFW_XTRON_1","-","No operator","3","demo 2 ","-","-","-","79","00:05:02","00:06:14","00:00:00","00:00:00","NEW","S12","60","-","-","0","Skipped","-","-"
"","","","","","","","","","","","","","","","","S14","120","-","-","0","Skipped","-","-"
"","","","","","","","","","","","","","","","","S16","60","-","-","0","Skipped","-","-"
"","","","","","","","","","","","","","","","","S18","120","-","-","0","Skipped","-","-"
"","","","","","","","","","","","","","","","","S20","60","-","-","0","Skipped","-","-"
"396","24-06-2026 16:36:45","SURIN_PUNE-BFW02","-","No operator","-","No component","-","-","-","565","00:33:53","00:10:46","00:00:00","00:00:00","NEW","","","","","","","",""
"397","24-06-2026 16:27:30","SURIN_PUNE-BFW01","-","No operator","3","demo 2 ","-","-","-","77","00:12:57","00:17:03","00:00:00","00:00:00","NEW","S12","60","-","-","0","Skipped","-","-"
"","","","","","","","","","","","","","","","","S14","120","-","-","0","Skipped","-","-"
"","","","","","","","","","","","","","","","","S16","60","-","-","0","Skipped","-","-"
"","","","","","","","","","","","","","","","","S18","120","-","-","0","Skipped","-","-"
"","","","","","","","","","","","","","","","","S20","60","-","-","0","Skipped","-","-"
"398","24-06-2026 16:26:40","SURIN-BFW_XTRON_1","-","No operator","3","demo 2 ","-","-","-","78","00:12:58","00:17:12","00:00:00","00:00:00","NEW","S12","60","-","-","0","Skipped","-","-"
"","","","","","","","","","","","","","","","","S14","120","-","-","0","Skipped","-","-"
"","","","","","","","","","","","","","","","","S16","60","-","-","0","Skipped","-","-"
"","","","","","","","","","","","","","","","","S18","120","-","-","0","Skipped","-","-"
"","","","","","","","","","","","","","","","","S20","60","-","-","0","Skipped","-","-"
"399","24-06-2026 16:16:25","SURIN_PUNE-BFW01","-","No operator","3","demo 2 ","-","-","-","76","00:03:52","00:07:13","00:00:00","00:00:00","NEW","S12","60","-","-","0","Skipped","-","-"
"","","","","","","","","","","","","","","","","S14","120","-","-","0","Skipped","-","-"
"","","","","","","","","","","","","","","","","S16","60","-","-","0","Skipped","-","-"
"","","","","","","","","","","","","","","","","S18","120","-","-","0","Skipped","-","-"
"","","","","","","","","","","","","","","","","S20","60","-","-","0","Skipped","-","-"
"400","24-06-2026 16:15:53","SURIN_PUNE-BFW02","-","No operator","-","No component","-","-","-","564","00:20:30","00:00:22","00:00:00","00:00:00","NEW","","","","","","","",""
"401","24-06-2026 16:15:44","SURIN-BFW_XTRON_1","-","No operator","3","demo 2 ","-","-","-","77","00:03:43","00:07:13","00:00:00","00:00:00","NEW","S12","60","-","-","0","Skipped","-","-"
"","","","","","","","","","","","","","","","","S14","120","-","-","0","Skipped","-","-"
"","","","","","","","","","","","","","","","","S16","60","-","-","0","Skipped","-","-"
"","","","","","","","","","","","","","","","","S18","120","-","-","0","Skipped","-","-"
"","","","","","","","","","","","","","","","","S20","60","-","-","0","Skipped","-","-"
"402","24-06-2026 15:46:05","SURIN_PUNE-BFW02","-","No operator","-","No component","-","-","-","563","00:22:14","00:07:34","00:00:00","00:00:00","NEW","","","","","","","",""
"403","24-06-2026 15:31:28","SURIN_PUNE-BFW01","-","No operator","3","demo 2 ","-","-","-","75","00:06:00","00:38:56","00:00:00","00:00:00","NEW","S12","60","-","-","0","Skipped","-","-"
"","","","","","","","","","","","","","","","","S14","120","-","-","0","Skipped","-","-"
"","","","","","","","","","","","","","","","","S16","60","-","-","0","Skipped","-","-"
"","","","","","","","","","","","","","","","","S18","120","-","-","0","Skipped","-","-"
"","","","","","","","","","","","","","","","","S20","60","-","-","0","Skipped","-","-"
"404","24-06-2026 15:30:48","SURIN-BFW_XTRON_1","-","No operator","3","demo 2 ","-","-","-","76","00:06:00","00:38:57","00:00:00","00:00:00","NEW","S12","60","-","-","0","Skipped","-","-"
"","","","","","","","","","","","","","","","","S14","120","-","-","0","Skipped","-","-"
"","","","","","","","","","","","","","","","","S16","60","-","-","0","Skipped","-","-"
"","","","","","","","","","","","","","","","","S18","120","-","-","0","Skipped","-","-"
"","","","","","","","","","","","","","","","","S20","60","-","-","0","Skipped","-","-"
"405","24-06-2026 15:15:41","SURIN_PUNE-BFW01","-","No operator","3","demo 2 ","-","-","-","74","00:11:44","00:04:03","00:00:00","00:00:00","NEW","S12","60","-","-","0","Skipped","-","-"
"","","","","","","","","","","","","","","","","S14","120","-","-","0","Skipped","-","-"
"","","","","","","","","","","","","","","","","S16","60","-","-","0","Skipped","-","-"
"","","","","","","","","","","","","","","","","S18","120","-","-","0","Skipped","-","-"
"","","","","","","","","","","","","","","","","S20","60","-","-","0","Skipped","-","-"
"406","24-06-2026 15:15:01","SURIN-BFW_XTRON_1","-","No operator","3","demo 2 ","40304110102","-","0","75","00:10:44","00:04:20","00:00:44","00:00:00","NEW","S12","60","-","-","0","Skipped","-","-"
"","","","","","","","","","","","","","","","","S14","120","-","-","0","Skipped","-","-"
"","","","","","","","","","","","","","","","","S16","60","-","-","0","Skipped","-","-"
"","","","","","","","","","","","","","","","","S18","120","-","-","0","Skipped","-","-"
"","","","","","","","","","","","","","","","","S20","60","-","-","0","Skipped","-","-"
"","","","","","","","","","","","","","","","","S1","0","15:22:58","15:30:48","470","Unknown","2130 PRODUCTION PART COUNT REACHED.","-"
"407","24-06-2026 15:03:00","SURIN_PUNE-BFW02","-","No operator","-","No component","-","-","-","562","00:32:52","00:10:13","00:00:00","00:00:00","NEW","","","","","","","",""
"408","24-06-2026 14:34:57","SURIN_PUNE-BFW02","-","No operator","-","No component","-","-","-","561","00:17:54","00:10:10","00:00:00","00:00:00","NEW","","","","","","","",""
"409","24-06-2026 14:17:22","SURIN_PUNE-BFW01","-","No operator","3","demo 2 ","-","-","-","73","00:03:43","00:54:35","00:00:00","00:00:00","NEW","S12","60","-","-","0","Skipped","-","-"
"","","","","","","","","","","","","","","","","S14","120","-","-","0","Skipped","-","-"
"","","","","","","","","","","","","","","","","S16","60","-","-","0","Skipped","-","-"
"","","","","","","","","","","","","","","","","S18","120","-","-","0","Skipped","-","-"
"","","","","","","","","","","","","","","","","S20","60","-","-","0","Skipped","-","-"
"410","24-06-2026 14:16:42","SURIN-BFW_XTRON_1","-","No operator","2||3","demo component||demo 2 ","-","-","-","74","00:03:43","00:54:36","00:00:00","00:00:00","NEW","S1","60","-","-","0","Skipped","-","-"
"","","","","","","","","","","","","","","","","S2","60","-","-","0","Skipped","-","-"
"","","","","","","","","","","","","","","","","S3","120","-","-","0","Skipped","-","-"
"","","","","","","","","","","","","","","","","S4","60","-","-","0","Skipped","-","-"
"","","","","","","","","","","","","","","","","S5","120","-","-","0","Skipped","-","-"
"","","","","","","","","","","","","","","","","S12","60","-","-","0","Skipped","-","-"
"","","","","","","","","","","","","","","","","S14","120","-","-","0","Skipped","-","-"
"","","","","","","","","","","","","","","","","S16","60","-","-","0","Skipped","-","-"
"","","","","","","","","","","","","","","","","S18","120","-","-","0","Skipped","-","-"
"","","","","","","","","","","","","","","","","S20","60","-","-","0","Skipped","-","-"
"411","24-06-2026 14:02:08","SURIN_PUNE-BFW02","-","No operator","-","No component","-","-","-","560","00:20:58","00:10:35","00:00:00","00:00:00","NEW","","","","","","","",""
"412","24-06-2026 13:49:28","SURIN_PUNE-BFW01","-","No operator","3","demo 2 ","-","-","-","72","00:07:52","00:20:01","00:00:00","00:00:00","NEW","S12","60","-","-","0","Skipped","-","-"
"","","","","","","","","","","","","","","","","S14","120","-","-","0","Skipped","-","-"
"","","","","","","","","","","","","","","","","S16","60","-","-","0","Skipped","-","-"
"","","","","","","","","","","","","","","","","S18","120","-","-","0","Skipped","-","-"
"","","","","","","","","","","","","","","","","S20","60","-","-","0","Skipped","-","-"
"413","24-06-2026 13:48:44","SURIN-BFW_XTRON_1","-","No operator","2||3","demo component||demo 2 ","40304110102","-","0","73","00:08:03","00:19:36","00:00:19","00:00:00","duplicate","S1","60","13:57:38","14:16:42","483","Completed","2130 PRODUCTION PART COUNT REACHED.","-"
"","","","","","","","","","","","","","","","","S2","60","-","-","0","Skipped","-","-"
"","","","","","","","","","","","","","","","","S3","120","-","-","0","Skipped","-","-"
"","","","","","","","","","","","","","","","","S4","60","-","-","0","Skipped","-","-"
"","","","","","","","","","","","","","","","","S5","120","-","-","0","Skipped","-","-"
"","","","","","","","","","","","","","","","","S12","60","-","-","0","Skipped","-","-"
"","","","","","","","","","","","","","","","","S14","120","-","-","0","Skipped","-","-"
"","","","","","","","","","","","","","","","","S16","60","-","-","0","Skipped","-","-"
"","","","","","","","","","","","","","","","","S18","120","-","-","0","Skipped","-","-"
"","","","","","","","","","","","","","","","","S20","60","-","-","0","Skipped","-","-"
"","","","","","","","","","","","","","","","","S1","0","13:57:38","14:16:42","483","Unknown","2130 PRODUCTION PART COUNT REACHED.","-"
"414","24-06-2026 13:22:58","SURIN_PUNE-BFW01","-","No operator","3","demo 2 ","-","-","-","71","00:16:17","00:10:13","00:00:00","00:00:00","NEW","S12","60","-","-","0","Skipped","-","-"
"","","","","","","","","","","","","","","","","S14","120","-","-","0","Skipped","-","-"
"","","","","","","","","","","","","","","","","S16","60","-","-","0","Skipped","-","-"
"","","","","","","","","","","","","","","","","S18","120","-","-","0","Skipped","-","-"
"","","","","","","","","","","","","","","","","S20","60","-","-","0","Skipped","-","-"
"415","24-06-2026 13:22:19","SURIN-BFW_XTRON_1","-","No operator","2||3","demo component||demo 2 ","40304110102","-","0","72","00:16:39","00:09:43","00:00:04","00:00:00","duplicate","S1","60","13:38:26","13:48:44","618","Completed","2130 PRODUCTION PART COUNT REACHED.","-"
"","","","","","","","","","","","","","","","","S2","60","-","-","0","Skipped","-","-"
"","","","","","","","","","","","","","","","","S3","120","-","-","0","Skipped","-","-"
"","","","","","","","","","","","","","","","","S4","60","-","-","0","Skipped","-","-"
"","","","","","","","","","","","","","","","","S5","120","-","-","0","Skipped","-","-"
"","","","","","","","","","","","","","","","","S12","60","-","-","0","Skipped","-","-"
"","","","","","","","","","","","","","","","","S14","120","-","-","0","Skipped","-","-"
"","","","","","","","","","","","","","","","","S16","60","-","-","0","Skipped","-","-"
"","","","","","","","","","","","","","","","","S18","120","-","-","0","Skipped","-","-"
"","","","","","","","","","","","","","","","","S20","60","-","-","0","Skipped","-","-"
"","","","","","","","","","","","","","","","","S1","0","13:38:26","13:48:44","618","Unknown","2130 PRODUCTION PART COUNT REACHED.","-"
"416","24-06-2026 13:15:14","SURIN_PUNE-BFW01","-","No operator","3","demo 2 ","-","-","-","70","00:03:48","00:03:56","00:00:00","00:00:00","NEW","S12","60","-","-","0","Skipped","-","-"
"","","","","","","","","","","","","","","","","S14","120","-","-","0","Skipped","-","-"
"","","","","","","","","","","","","","","","","S16","60","-","-","0","Skipped","-","-"
"","","","","","","","","","","","","","","","","S18","120","-","-","0","Skipped","-","-"
"","","","","","","","","","","","","","","","","S20","60","-","-","0","Skipped","-","-"
"417","24-06-2026 13:14:35","SURIN-BFW_XTRON_1","-","No operator","2||3","demo component||demo 2 ","-","-","-","71","00:03:49","00:03:56","00:00:00","00:00:00","NEW","S1","60","-","-","0","Skipped","-","-"
"","","","","","","","","","","","","","","","","S2","60","-","-","0","Skipped","-","-"
"","","","","","","","","","","","","","","","","S3","120","-","-","0","Skipped","-","-"
"","","","","","","","","","","","","","","","","S4","60","-","-","0","Skipped","-","-"
"","","","","","","","","","","","","","","","","S5","120","-","-","0","Skipped","-","-"
"","","","","","","","","","","","","","","","","S12","60","-","-","0","Skipped","-","-"
"","","","","","","","","","","","","","","","","S14","120","-","-","0","Skipped","-","-"
"","","","","","","","","","","","","","","","","S16","60","-","-","0","Skipped","-","-"
"","","","","","","","","","","","","","","","","S18","120","-","-","0","Skipped","-","-"
"","","","","","","","","","","","","","","","","S20","60","-","-","0","Skipped","-","-"
"418","24-06-2026 12:30:46","SURIN_PUNE-BFW01","-","No operator","3","demo 2 ","-","-","-","69","00:20:33","00:22:13","00:00:00","00:00:00","NEW","S12","60","-","-","0","Skipped","-","-"
"","","","","","","","","","","","","","","","","S14","120","-","-","0","Skipped","-","-"
"","","","","","","","","","","","","","","","","S16","60","-","-","0","Skipped","-","-"
"","","","","","","","","","","","","","","","","S18","120","-","-","0","Skipped","-","-"
"","","","","","","","","","","","","","","","","S20","60","-","-","0","Skipped","-","-"
"419","24-06-2026 12:30:07","SURIN-BFW_XTRON_1","-","No operator","2||3","demo component||demo 2 ","40304110102","-","0","70","00:20:29","00:23:57","00:00:03","00:00:00","duplicate","S1","60","12:51:56","13:14:35","706","Completed","2130 PRODUCTION PART COUNT REACHED.||SPINDLE NOT PROGRAMMED.                 REMEDY:-PROGRAM M3/M4 PRIOR TO G01      COMMAND.||AUTO COOLANT NOT ON.                    REMEDY:-ACTUATE THE  COOLANT PUSH BUTTON.","-"
"","","","","","","","","","","","","","","","","S2","60","-","-","0","Skipped","-","-"
"","","","","","","","","","","","","","","","","S3","120","-","-","0","Skipped","-","-"
"","","","","","","","","","","","","","","","","S4","60","-","-","0","Skipped","-","-"
"","","","","","","","","","","","","","","","","S5","120","-","-","0","Skipped","-","-"
"","","","","","","","","","","","","","","","","S12","60","-","-","0","Skipped","-","-"
"","","","","","","","","","","","","","","","","S14","120","-","-","0","Skipped","-","-"
"","","","","","","","","","","","","","","","","S16","60","-","-","0","Skipped","-","-"
"","","","","","","","","","","","","","","","","S18","120","-","-","0","Skipped","-","-"
"","","","","","","","","","","","","","","","","S20","60","-","-","0","Skipped","-","-"
"","","","","","","","","","","","","","","","","S1","0","12:51:56","13:14:35","706","Unknown","2130 PRODUCTION PART COUNT REACHED.||SPINDLE NOT PROGRAMMED.                 REMEDY:-PROGRAM M3/M4 PRIOR TO G01      COMMAND.||AUTO COOLANT NOT ON.                    REMEDY:-ACTUATE THE  COOLANT PUSH BUTTON.","-"
"420","24-06-2026 12:14:53","SURIN_PUNE-BFW01","-","No operator","3","demo 2 ","-","-","-","68","00:08:19","00:07:33","00:00:00","00:00:00","NEW","S12","60","-","-","0","Skipped","-","-"
"","","","","","","","","","","","","","","","","S14","120","-","-","0","Skipped","-","-"
"","","","","","","","","","","","","","","","","S16","60","-","-","0","Skipped","-","-"
"","","","","","","","","","","","","","","","","S18","120","-","-","0","Skipped","-","-"
"","","","","","","","","","","","","","","","","S20","60","-","-","0","Skipped","-","-"
"421","24-06-2026 12:14:14","SURIN-BFW_XTRON_1","-","No operator","2||3","demo component||demo 2 ","40304110102","-","0","68","00:08:19","00:07:28","00:00:06","00:00:00","duplicate","S1","60","12:17:39","12:19:31","0","Incomplete","2130 PRODUCTION PART COUNT REACHED.","Network Off"
"","","","","","","","","","","","","","","","","S2","60","-","-","0","Skipped","-","-"
"","","","","","","","","","","","","","","","","S3","120","-","-","0","Skipped","-","-"
"","","","","","","","","","","","","","","","","S4","60","-","-","0","Skipped","-","-"
"","","","","","","","","","","","","","","","","S5","120","-","-","0","Skipped","-","-"
"","","","","","","","","","","","","","","","","S1","60","12:19:31","12:30:07","499","Rework-1","2130 PRODUCTION PART COUNT REACHED.","-"
"","","","","","","","","","","","","","","","","S12","60","-","-","0","Skipped","-","-"
"","","","","","","","","","","","","","","","","S14","120","-","-","0","Skipped","-","-"
"","","","","","","","","","","","","","","","","S16","60","-","-","0","Skipped","-","-"
"","","","","","","","","","","","","","","","","S18","120","-","-","0","Skipped","-","-"
"","","","","","","","","","","","","","","","","S20","60","-","-","0","Skipped","-","-"
"","","","","","","","","","","","","","","","","S1","0","12:17:39","12:19:31","0","Incomplete","2130 PRODUCTION PART COUNT REACHED.","Network Off"
"","","","","","","","","","","","","","","","","S1","0","12:19:31","12:30:07","499","Unknown","2130 PRODUCTION PART COUNT REACHED.","-"
"422","24-06-2026 12:01:14","SURIN_PUNE-BFW02","-","No operator","-","No component","-","-","-","559","00:40:03","01:04:00","00:00:00","00:07:20","NEW","","","","","","","",""
"423","24-06-2026 11:45:08","SURIN_PUNE-BFW02","-","No operator","-","No component","-","-","-","558","00:15:03","00:01:03","00:00:00","00:00:00","NEW","","","","","","","",""
"424","24-06-2026 11:08:52","SURIN_PUNE-BFW02","-","No operator","-","No component","-","-","-","557","00:32:27","00:03:49","00:00:00","00:00:00","NEW","","","","","","","",""
"425","24-06-2026 09:42:27","SURIN_PUNE-BFW01","-","No operator","3","demo 2 ","-","-","-","67","00:07:51","01:16:05","00:00:00","00:00:04","NEW","S12","60","-","-","0","Skipped","-","-"
"","","","","","","","","","","","","","","","","S14","120","-","-","0","Skipped","-","-"
"","","","","","","","","","","","","","","","","S16","60","-","-","0","Skipped","-","-"
"","","","","","","","","","","","","","","","","S18","120","-","-","0","Skipped","-","-"
"","","","","","","","","","","","","","","","","S20","60","-","-","0","Skipped","-","-"
"426","24-06-2026 09:41:47","SURIN-BFW_XTRON_1","-","No operator","2||3","demo component||demo 2 ","40304110102","-","0","67","00:07:46","02:24:20","00:00:15","00:00:07","NEW","S1","60","11:28:46","12:14:14","455","Completed","2130 PRODUCTION PART COUNT REACHED.||UNKNOWN||SP.TOOL#1                     CH.TOOL#0                     CH.POT#2                      B-POSITION#0||COLLET NOT CLOSED.                      REMEDY:-FOR MORE DETAIL REFER OPERATION & MAINTENENCE MANUAL PAGE 21-9.||ATC NOT IN HOME POSITION.               REMEDY:-FOR MORE DETAIL REFER OPERATION & MAINTENENCE MANUAL PAGE 21-11.||WRONG OPERATING MODE.                   REMEDY:-OPERATE AT PROPER MODE.||SP.TOOL#2                     CH.TOOL#0                     CH.POT#11                      B-POSITION#0||AUTO COOLANT NOT ON.                    REMEDY:-ACTUATE THE  COOLANT PUSH BUTTON.","-"
"","","","","","","","","","","","","","","","","S2","60","-","-","0","Skipped","-","-"
"","","","","","","","","","","","","","","","","S3","120","-","-","0","Skipped","-","-"
"","","","","","","","","","","","","","","","","S4","60","-","-","0","Skipped","-","-"
"","","","","","","","","","","","","","","","","S5","120","-","-","0","Skipped","-","-"
"","","","","","","","","","","","","","","","","S12","60","-","-","0","Skipped","-","-"
"","","","","","","","","","","","","","","","","S14","120","-","-","0","Skipped","-","-"
"","","","","","","","","","","","","","","","","S16","60","-","-","0","Skipped","-","-"
"","","","","","","","","","","","","","","","","S18","120","-","-","0","Skipped","-","-"
"","","","","","","","","","","","","","","","","S20","60","-","-","0","Skipped","-","-"
"427","24-06-2026 09:26:16","SURIN_PUNE-BFW02","-","No operator","-","No component","-","-","-","556","00:56:06","00:46:29","00:00:00","00:00:00","NEW","","","","","","","",""
"428","24-06-2026 09:09:42","SURIN-BFW_XTRON_1","-","No operator","-","No component","40304110102","-","-","67","00:19:47","00:12:18","00:00:00","00:00:00","NEW","","","","","","","",""
"429","24-06-2026 09:09:30","SURIN_PUNE-BFW01","-","No operator","-","No component","-","-","-","66","00:19:54","00:11:16","00:00:00","00:00:00","NEW","","","","","","","",""
"430","24-06-2026 08:15:24","SURIN_PUNE-BFW02","-","No operator","-","No component","-","-","-","555","00:40:54","00:27:35","00:00:00","00:00:00","NEW","","","","","","","",""
"431","24-06-2026 08:14:25","SURIN_PUNE-BFW01","-","No operator","-","No component","-","-","-","65","00:25:50","00:19:24","00:00:00","00:00:00","NEW","","","","","","","",""
"432","24-06-2026 08:14:02","SURIN-BFW_XTRON_1","-","No operator","-","No component","40304110102||304110102","-","0","66","00:26:35","00:28:53","00:00:13","00:00:00","NEW","","","","","","","",""
"433","24-06-2026 07:00:38","SURIN_PUNE-BFW02","-","No operator","-","No component","-","-","-","554","00:22:57","00:51:25","00:00:00","00:00:00","NEW","","","","","","","",""
"434","24-06-2026 06:24:11","SURIN_PUNE-BFW01","-","No operator","-","No component","-","-","-","64","00:37:53","01:10:05","00:00:00","00:00:00","NEW","","","","","","","",""
"435","24-06-2026 06:23:32","SURIN-BFW_XTRON_1","-","No operator","-","No component","40304110102","-","0","65","00:38:19","01:11:01","00:01:11","00:00:00","NEW","","","","","","","",""
"436","24-06-2026 05:42:53","SURIN_PUNE-BFW01","-","No operator","-","No component","-","-","-","63","00:24:47","00:14:27","00:00:00","00:00:00","NEW","","","","","","","",""
"437","24-06-2026 05:42:14","SURIN-BFW_XTRON_1","-","No operator","-","No component","40304110102","-","-","64","00:24:47","00:16:31","00:00:00","00:00:00","NEW","","","","","","","",""
"438","24-06-2026 05:06:59","SURIN_PUNE-BFW01","-","No operator","-","No component","-","-","-","62","00:21:25","00:11:40","00:00:00","00:00:00","NEW","","","","","","","",""
"439","24-06-2026 05:06:21","SURIN-BFW_XTRON_1","-","No operator","-","No component","-","-","-","63","00:21:25","00:14:29","00:00:00","00:00:00","NEW","","","","","","","",""
"440","24-06-2026 03:51:44","SURIN_PUNE-BFW01","-","No operator","-","No component","-","-","-","61","00:28:33","00:40:43","00:00:00","00:00:00","NEW","","","","","","","",""
"441","24-06-2026 03:51:05","SURIN-BFW_XTRON_1","-","No operator","-","No component","304110102","-","0","62","00:27:28","00:46:48","00:01:00","00:00:00","NEW","","","","","","","",""
"442","24-06-2026 03:38:03","SURIN_PUNE-BFW02","-","No operator","-","No component","-","-","-","553","00:24:05","02:27:15","00:00:00","00:05:05","NEW","","","","","","","",""
"443","24-06-2026 03:05:03","SURIN_PUNE-BFW02","-","No operator","-","No component","-","-","-","552","00:23:01","00:09:04","00:00:00","00:00:00","NEW","","","","","","","",""
"444","24-06-2026 02:39:16","SURIN_PUNE-BFW02","-","No operator","-","No component","-","-","-","551","00:25:32","00:00:15","00:00:00","00:00:00","NEW","","","","","","","",""
"445","24-06-2026 02:10:53","SURIN_PUNE-BFW01","-","No operator","-","No component","-","-","-","60","00:38:42","00:53:40","00:00:00","00:00:00","NEW","","","","","","","",""
"446","24-06-2026 02:10:14","SURIN-BFW_XTRON_1","-","No operator","-","No component","40304110102","-","0","61","00:38:32","00:58:28","00:03:52","00:00:00","NEW","","","","","","","",""
"447","24-06-2026 01:42:30","SURIN_PUNE-BFW02","-","No operator","-","No component","-","-","-","550","00:38:07","00:18:39","00:00:00","00:00:00","NEW","","","","","","","",""
"448","24-06-2026 01:23:56","SURIN_PUNE-BFW02","-","No operator","-","No component","-","-","-","549","00:17:50","00:00:44","00:00:00","00:00:00","NEW","","","","","","","",""
"449","24-06-2026 01:03:52","SURIN_PUNE-BFW02","-","No operator","-","No component","-","-","-","548","00:16:45","00:03:04","00:00:00","00:00:00","NEW","","","","","","","",""
"450","23-06-2026 23:27:02","SURIN_PUNE-BFW01","-","No operator","-","No component","-","-","-","59","00:22:02","02:15:59","00:00:00","00:00:00","NEW","","","","","","","",""
"451","23-06-2026 23:26:23","SURIN-BFW_XTRON_1","-","No operator","-","No component","40304110102","-","0","60","00:22:21","02:21:27","00:00:03","00:00:00","NEW","","","","","","","",""
"452","23-06-2026 23:13:03","SURIN_PUNE-BFW02","-","No operator","-","No component","-","-","-","547","00:40:05","01:02:29","00:00:00","00:00:09","NEW","","","","","","","",""
"453","23-06-2026 23:09:15","SURIN_PUNE-BFW02","-","No operator","-","No component","-","-","-","546","00:01:48","00:02:00","00:00:00","00:00:00","NEW","","","","","","","",""
"454","23-06-2026 22:51:53","SURIN_PUNE-BFW02","-","No operator","-","No component","-","-","-","545","00:15:25","00:01:57","00:00:00","00:00:00","NEW","","","","","","","",""
"455","23-06-2026 22:27:33","SURIN_PUNE-BFW01","-","No operator","-","No component","-","-","-","58","00:30:17","00:23:27","00:00:00","00:00:00","NEW","","","","","","","",""
"456","23-06-2026 22:26:55","SURIN-BFW_XTRON_1","-","No operator","-","No component","-","-","-","59","00:30:16","00:29:13","00:00:00","00:00:00","NEW","","","","","","","",""
"457","23-06-2026 22:10:30","SURIN_PUNE-BFW02","-","No operator","-","No component","-","-","-","544","00:31:31","00:07:29","00:00:00","00:00:00","NEW","","","","","","","",""
"458","23-06-2026 22:08:44","SURIN_PUNE-BFW02","-","No operator","-","No component","-","-","-","543","00:01:34","00:00:11","00:00:00","00:00:00","NEW","","","","","","","",""
"459","23-06-2026 21:48:54","SURIN_PUNE-BFW02","-","No operator","-","No component","-","-","-","542","00:01:42","00:14:07","00:00:00","00:00:00","NEW","","","","","","","",""
"460","23-06-2026 21:28:32","SURIN_PUNE-BFW02","-","No operator","-","No component","-","-","-","541","00:14:38","00:05:44","00:00:00","00:00:00","NEW","","","","","","","",""
"461","23-06-2026 20:22:46","SURIN_PUNE-BFW02","-","No operator","-","No component","-","-","-","540","00:27:52","00:31:51","00:00:00","00:00:00","NEW","","","","","","","",""
"462","23-06-2026 20:18:55","SURIN_PUNE-BFW02","-","No operator","-","No component","-","-","-","539","00:02:37","00:01:14","00:00:00","00:00:00","NEW","","","","","","","",""
"463","23-06-2026 19:51:00","SURIN_PUNE-BFW02","-","No operator","-","No component","-","-","-","538","00:26:37","00:01:17","00:00:00","00:00:00","NEW","","","","","","","",""
"464","23-06-2026 19:33:00","SURIN_PUNE-BFW01","-","No operator","-","No component","-","-","-","57","00:38:48","02:01:09","00:00:00","00:00:22","NEW","","","","","","","",""
"465","23-06-2026 19:32:21","SURIN-BFW_XTRON_1","-","No operator","-","No component","40304110102","-","-","58","00:38:55","02:15:09","00:00:00","00:00:31","NEW","","","","","","","",""
"466","23-06-2026 19:26:54","SURIN_PUNE-BFW01","-","No operator","-","No component","-","-","-","56","00:01:21","00:04:45","00:00:00","00:00:00","NEW","","","","","","","",""
"467","23-06-2026 19:26:16","SURIN-BFW_XTRON_1","-","No operator","-","No component","-","-","-","57","00:01:21","00:04:45","00:00:00","00:00:00","NEW","","","","","","","",""
"468","23-06-2026 19:17:00","SURIN_PUNE-BFW01","-","No operator","-","No component","-","-","-","55","00:07:37","00:01:58","00:00:00","00:00:19","NEW","","","","","","","",""
"469","23-06-2026 19:08:05","SURIN_PUNE-BFW01","-","No operator","-","No component","-","-","-","0","00:00:00","00:00:00","00:08:55","00:00:00","NEW","","","","","","","",""
"470","23-06-2026 18:55:36","SURIN_PUNE-BFW01","-","No operator","-","No component","-","-","-","55","00:05:58","00:06:31","00:00:00","00:00:00","NEW","","","","","","","",""
"471","23-06-2026 18:54:58","SURIN-BFW_XTRON_1","-","No operator","-","No component","40410001006","-","0","56","00:13:09","00:08:28","00:09:27","00:00:15","NEW","","","","","","","",""
"472","23-06-2026 18:35:02","SURIN_PUNE-BFW02","-","No operator","-","No component","-","-","-","537","00:47:42","00:15:46","00:00:00","00:10:13","NEW","","","","","","","",""
"473","23-06-2026 18:32:14","SURIN_PUNE-BFW02","-","No operator","-","No component","-","-","-","536","00:01:58","00:00:49","00:00:00","00:00:00","NEW","","","","","","","",""
"474","23-06-2026 18:16:32","SURIN_PUNE-BFW02","-","No operator","-","No component","-","-","-","535","00:15:25","00:00:17","00:00:00","00:00:00","NEW","","","","","","","",""
"475","23-06-2026 18:16:24","SURIN_PUNE-BFW01","-","No operator","-","No component","-","-","-","54","00:01:49","00:37:23","00:00:00","00:00:00","NEW","","","","","","","",""
"476","23-06-2026 18:15:46","SURIN-BFW_XTRON_1","-","No operator","-","No component","40410001006","-","0","55","00:01:49","00:37:20","00:00:03","00:00:00","NEW","","","","","","","",""
"477","23-06-2026 17:45:45","SURIN_PUNE-BFW01","-","No operator","-","No component","-","-","-","53","00:14:03","00:16:37","00:00:00","00:00:00","NEW","","","","","","","",""
"478","23-06-2026 17:45:06","SURIN-BFW_XTRON_1","-","No operator","-","No component","-","-","-","54","00:14:03","00:16:38","00:00:00","00:00:00","NEW","","","","","","","",""
"479","23-06-2026 17:40:48","SURIN_PUNE-BFW01","-","No operator","-","No component","-","-","-","52","00:01:57","00:02:59","00:00:00","00:00:00","NEW","","","","","","","",""
"480","23-06-2026 17:40:09","SURIN-BFW_XTRON_1","-","No operator","-","No component","-","-","-","53","00:01:55","00:03:02","00:00:00","00:00:00","NEW","","","","","","","",""
"481","23-06-2026 17:31:32","SURIN_PUNE-BFW02","-","No operator","-","No component","-","-","-","534","00:27:59","00:14:36","00:00:00","00:00:00","NEW","","","","","","","",""
"482","23-06-2026 17:27:32","SURIN_PUNE-BFW02","-","No operator","-","No component","-","-","-","533","00:02:03","00:01:46","00:00:00","00:00:11","NEW","","","","","","","",""
"483","23-06-2026 17:14:03","SURIN_PUNE-BFW01","-","No operator","-","No component","-","-","-","51","00:13:27","00:13:18","00:00:00","00:00:00","NEW","","","","","","","",""
"484","23-06-2026 17:13:24","SURIN-BFW_XTRON_1","-","No operator","-","No component","-","-","-","52","00:13:27","00:13:19","00:00:00","00:00:00","NEW","","","","","","","",""
"485","23-06-2026 17:09:14","SURIN_PUNE-BFW01","-","No operator","-","No component","-","-","-","50","00:02:05","00:02:44","00:00:00","00:00:00","NEW","","","","","","","",""
"486","23-06-2026 17:08:36","SURIN-BFW_XTRON_1","-","No operator","-","No component","-","-","-","51","00:02:05","00:02:44","00:00:00","00:00:00","NEW","","","","","","","",""
"487","23-06-2026 17:07:22","SURIN_PUNE-BFW02","-","No operator","-","No component","-","-","-","532","00:18:37","00:01:34","00:00:00","00:00:00","NEW","","","","","","","",""
"488","23-06-2026 16:43:35","SURIN_PUNE-BFW01","-","No operator","-","No component","-","-","-","49","00:13:26","00:12:14","00:00:00","00:00:00","NEW","","","","","","","",""
"489","23-06-2026 16:42:57","SURIN-BFW_XTRON_1","-","No operator","-","No component","-","-","-","50","00:13:26","00:12:13","00:00:00","00:00:00","NEW","","","","","","","",""
"490","23-06-2026 16:29:23","SURIN_PUNE-BFW01","-","No operator","-","No component","-","-","-","48","00:02:56","00:07:46","00:00:00","00:00:43","NEW","","","","","","","",""
"491","23-06-2026 16:28:44","SURIN-BFW_XTRON_1","-","No operator","-","No component","-","-","-","49","00:02:47","00:10:43","00:00:00","00:00:44","NEW","","","","","","","",""
"492","23-06-2026 14:04:50","SURIN_PUNE-BFW02","-","No operator","-","No component","-","-","-","531","00:31:50","00:54:42","00:00:00","00:00:00","NEW","","","","","","","",""
"493","23-06-2026 13:42:13","SURIN_PUNE-BFW02","-","No operator","-","No component","-","-","-","530","00:08:55","00:13:43","00:00:00","00:00:00","NEW","","","","","","","",""
"494","23-06-2026 13:24:58","SURIN_PUNE-BFW02","-","No operator","-","No component","-","-","-","529","00:10:45","00:06:30","00:00:00","00:00:00","NEW","","","","","","","",""
"495","23-06-2026 12:51:21","SURIN_PUNE-BFW02","-","No operator","-","No component","-","-","-","528","00:05:45","00:27:52","00:00:00","00:00:00","NEW","","","","","","","",""
"496","23-06-2026 12:40:52","SURIN_PUNE-BFW01","-","No operator","-","No component","-","-","-","47","00:11:46","01:57:52","00:00:00","00:00:02","NEW","","","","","","","",""
"497","23-06-2026 12:40:14","SURIN-BFW_XTRON_1","-","No operator","-","No component","40304110102||40410001006","-","0","48","00:11:43","03:20:09","00:16:38","00:00:02","NEW","","","","","","","",""
"498","23-06-2026 12:25:21","SURIN_PUNE-BFW01","-","No operator","-","No component","-","-","-","46","00:15:11","00:00:19","00:00:00","00:00:00","NEW","","","","","","","",""
"499","23-06-2026 12:24:38","SURIN-BFW_XTRON_1","-","No operator","-","No component","-","-","-","47","00:15:11","00:00:25","00:00:00","00:00:00","NEW","","","","","","","",""
"500","23-06-2026 11:53:06","SURIN_PUNE-BFW02","-","No operator","-","No component","-","-","-","527","00:08:53","00:46:59","00:00:00","00:00:00","NEW","","","","","","","",""
"501","23-06-2026 11:49:49","SURIN_PUNE-BFW02","-","No operator","-","No component","-","-","-","526","00:00:58","00:01:40","00:00:00","00:00:00","NEW","","","","","","","",""
"502","23-06-2026 11:46:25","SURIN_PUNE-BFW02","-","No operator","-","No component","-","-","-","525","00:01:01","00:01:39","00:00:00","00:00:00","NEW","","","","","","","",""
"503","23-06-2026 11:40:29","SURIN_PUNE-BFW02","-","No operator","-","No component","-","-","-","524","00:02:55","00:02:01","00:00:00","00:00:00","NEW","","","","","","","",""
"504","23-06-2026 11:38:11","SURIN_PUNE-BFW02","-","No operator","-","No component","-","-","-","523","00:02:17","00:00:02","00:00:00","00:00:00","NEW","","","","","","","",""
"505","23-06-2026 11:25:37","SURIN_PUNE-BFW02","-","No operator","-","No component","-","-","-","522","00:12:31","00:00:03","00:00:00","00:00:00","NEW","","","","","","","",""
"506","23-06-2026 11:18:24","SURIN_PUNE-BFW02","-","No operator","-","No component","-","-","-","521","00:02:12","00:05:01","00:00:00","00:00:00","NEW","","","","","","","",""
"507","23-06-2026 11:16:08","SURIN_PUNE-BFW02","-","No operator","-","No component","-","-","-","520","00:02:13","00:00:03","00:00:00","00:00:00","NEW","","","","","","","",""
"508","23-06-2026 11:11:22","SURIN_PUNE-BFW02","-","No operator","-","No component","-","-","-","519","00:04:40","00:00:07","00:00:00","00:00:00","NEW","","","","","","","",""
"509","23-06-2026 11:02:55","SURIN_PUNE-BFW01","-","No operator","-","No component","-","-","-","45","01:02:36","00:17:09","00:00:00","00:00:00","NEW","","","","","","","",""
"510","23-06-2026 11:02:18","SURIN-BFW_XTRON_1","-","No operator","-","No component","-","-","-","46","01:00:35","00:18:03","00:00:00","00:03:41","NEW","","","","","","","",""
"511","23-06-2026 10:54:11","SURIN_PUNE-BFW02","-","No operator","-","No component","-","-","-","518","00:01:23","00:14:45","00:00:00","00:00:00","NEW","","","","","","","",""
"512","23-06-2026 10:48:39","SURIN_PUNE-BFW02","-","No operator","-","No component","-","-","-","517","00:01:06","00:03:30","00:00:00","00:00:00","NEW","","","","","","","",""
"513","23-06-2026 10:44:05","SURIN_PUNE-BFW02","-","No operator","-","No component","-","-","-","516","00:00:59","00:02:42","00:00:00","00:00:00","NEW","","","","","","","",""
"514","23-06-2026 10:39:55","SURIN_PUNE-BFW02","-","No operator","-","No component","-","-","-","515","00:01:02","00:02:21","00:00:00","00:00:00","NEW","","","","","","","",""
"515","23-06-2026 10:34:49","SURIN_PUNE-BFW02","-","No operator","-","No component","-","-","-","514","00:01:05","00:02:53","00:00:00","00:00:00","NEW","","","","","","","",""
"516","23-06-2026 10:33:41","SURIN_PUNE-BFW02","-","No operator","-","No component","-","-","-","513","00:00:53","00:00:15","00:00:00","00:00:00","NEW","","","","","","","",""
"517","23-06-2026 10:30:46","SURIN_PUNE-BFW02","-","No operator","-","No component","-","-","-","512","00:00:24","00:02:30","00:00:00","00:00:00","NEW","","","","","","","",""
"518","23-06-2026 10:06:55","SURIN_PUNE-BFW02","-","No operator","-","No component","-","-","-","511","00:00:54","00:21:38","00:00:00","00:00:00","NEW","","","","","","","",""
"519","23-06-2026 10:02:15","SURIN_PUNE-BFW01","-","No operator","-","No component","-","-","-","44","00:15:39","00:42:51","00:00:00","00:00:00","NEW","","","","","","","",""
"520","23-06-2026 10:01:37","SURIN-BFW_XTRON_1","-","No operator","-","No component","40304110102","-","-","45","00:15:36","00:45:06","00:00:00","00:00:00","NEW","","","","","","","",""
"521","23-06-2026 09:32:26","SURIN_PUNE-BFW01","-","No operator","-","No component","-","-","-","43","00:18:12","00:09:00","00:00:00","00:00:00","NEW","","","","","","","",""
"522","23-06-2026 09:31:49","SURIN-BFW_XTRON_1","-","No operator","-","No component","-","-","-","44","00:18:13","00:11:36","00:00:00","00:00:00","NEW","","","","","","","",""
"523","23-06-2026 09:04:28","SURIN_PUNE-BFW01","-","No operator","-","No component","-","-","-","42","00:16:33","00:09:07","00:00:00","00:00:00","NEW","","","","","","","",""
"524","23-06-2026 09:03:50","SURIN-BFW_XTRON_1","-","No operator","-","No component","-","-","-","43","00:16:33","00:11:26","00:00:00","00:00:00","NEW","","","","","","","",""
"525","23-06-2026 08:36:45","SURIN_PUNE-BFW01","-","No operator","-","No component","-","-","-","41","00:16:23","00:05:58","00:00:00","00:00:00","NEW","","","","","","","",""
"526","23-06-2026 08:36:07","SURIN-BFW_XTRON_1","-","No operator","-","No component","304110102","-","0","42","00:16:20","00:11:21","00:00:03","00:00:00","NEW","","","","","","","",""
"527","23-06-2026 08:35:06","SURIN_PUNE-BFW02","-","No operator","-","No component","-","-","-","510","00:02:48","01:24:22","00:00:00","00:00:00","NEW","","","","","","","",""
"528","23-06-2026 06:59:42","SURIN_PUNE-BFW02","-","No operator","-","No component","-","-","-","509","00:28:41","01:03:29","00:00:00","00:00:00","NEW","","","","","","","",""
"529","23-06-2026 06:40:11","SURIN_PUNE-BFW01","-","No operator","-","No component","-","-","-","40","00:22:54","01:31:23","00:00:00","00:00:00","NEW","","","","","","","",""
"530","23-06-2026 06:39:35","SURIN-BFW_XTRON_1","-","No operator","-","No component","40304110102||304110102","-","0","41","00:22:54","01:33:18","00:00:21","00:00:00","NEW","","","","","","","",""
"531","23-06-2026 06:30:00","SURIN_PUNE-BFW01","-","No operator","-","No component","-","-","-","39","00:07:05","00:03:06","00:00:00","00:00:00","NEW","","","","","","","",""
"532","23-06-2026 06:29:23","SURIN-BFW_XTRON_1","-","No operator","-","No component","-","-","-","40","00:07:06","00:03:07","00:00:00","00:00:00","NEW","","","","","","","",""
"533","23-06-2026 05:35:05","SURIN_PUNE-BFW02","-","No operator","-","No component","-","-","-","508","00:28:33","00:50:34","00:00:00","00:00:00","NEW","","","","","","","",""
"534","23-06-2026 05:26:48","SURIN_PUNE-BFW02","-","No operator","-","No component","-","-","-","507","00:02:41","00:03:35","00:00:00","00:00:00","NEW","","","","","","","",""
"535","23-06-2026 05:01:55","SURIN_PUNE-BFW02","-","No operator","-","No component","-","-","-","506","00:19:24","00:05:28","00:00:00","00:00:00","NEW","","","","","","","",""
"536","23-06-2026 03:24:33","SURIN_PUNE-BFW02","-","No operator","-","No component","-","-","-","505","00:31:46","00:53:56","00:00:00","00:00:07","NEW","","","","","","","",""
"537","23-06-2026 03:09:04","SURIN_PUNE-BFW02","-","No operator","-","No component","-","-","-","504","00:01:51","00:13:38","00:00:00","00:00:00","NEW","","","","","","","",""
"538","23-06-2026 02:45:45","SURIN_PUNE-BFW02","-","No operator","-","No component","-","-","-","503","00:15:41","00:07:38","00:00:00","00:00:00","NEW","","","","","","","",""
"539","23-06-2026 02:25:39","SURIN_PUNE-BFW01","-","No operator","-","No component","-","-","-","38","00:37:26","03:14:55","00:00:00","00:00:00","NEW","","","","","","","",""
"540","23-06-2026 02:25:02","SURIN-BFW_XTRON_1","-","No operator","-","No component","50||40304110102","-","0","39","00:35:09","03:26:12","00:03:01","00:00:00","NEW","","","","","","","",""
"541","23-06-2026 02:03:45","SURIN_PUNE-BFW01","-","No operator","-","No component","-","-","-","37","00:09:58","00:11:57","00:00:00","00:00:00","NEW","","","","","","","",""
"542","23-06-2026 02:03:08","SURIN-BFW_XTRON_1","-","No operator","-","No component","-","-","-","38","00:09:58","00:11:56","00:00:00","00:00:00","NEW","","","","","","","",""
"543","23-06-2026 01:48:23","SURIN_PUNE-BFW02","-","No operator","-","No component","-","-","-","502","00:36:43","00:18:44","00:00:00","00:00:00","NEW","","","","","","","",""
"544","23-06-2026 01:43:46","SURIN_PUNE-BFW02","-","No operator","-","No component","-","-","-","501","00:02:08","00:02:29","00:00:00","00:00:00","NEW","","","","","","","",""
"545","23-06-2026 01:25:02","SURIN_PUNE-BFW02","-","No operator","-","No component","-","-","-","500","00:18:27","00:00:17","00:00:00","00:00:00","NEW","","","","","","","",""
"546","23-06-2026 00:40:51","SURIN_PUNE-BFW02","-","No operator","-","No component","-","-","-","499","00:31:16","00:10:21","00:00:00","00:00:00","NEW","","","","","","","",""
"547","23-06-2026 00:37:41","SURIN_PUNE-BFW02","-","No operator","-","No component","-","-","-","498","00:02:00","00:01:10","00:00:00","00:00:00","NEW","","","","","","","",""
"548","23-06-2026 00:20:11","SURIN_PUNE-BFW02","-","No operator","-","No component","-","-","-","497","00:15:26","00:02:04","00:00:00","00:00:00","NEW","","","","","","","",""
"549","23-06-2026 00:10:33","SURIN_PUNE-BFW01","-","No operator","-","No component","-","-","-","36","00:07:53","01:45:19","00:00:00","00:00:00","NEW","","","","","","","",""
"550","23-06-2026 00:09:55","SURIN-BFW_XTRON_1","-","No operator","-","No component","50","-","0","37","00:07:53","01:45:15","00:00:06","00:00:00","NEW","","","","","","","",""
"551","23-06-2026 00:02:54","SURIN_PUNE-BFW02","-","No operator","-","No component","-","-","-","496","00:16:18","00:00:59","00:00:00","00:00:00","NEW","","","","","","","",""
"552","22-06-2026 22:57:48","SURIN_PUNE-BFW02","-","No operator","-","No component","-","-","-","495","00:49:09","00:14:13","00:00:00","00:00:00","NEW","","","","","","","",""
"553","22-06-2026 22:46:32","SURIN_PUNE-BFW01","-","No operator","-","No component","-","-","-","35","00:13:47","01:10:14","00:00:00","00:00:00","NEW","","","","","","","",""
"554","22-06-2026 22:45:57","SURIN-BFW_XTRON_1","-","No operator","-","No component","50","-","0","36","00:13:48","00:58:35","00:11:36","00:00:00","NEW","","","","","","","",""
"555","22-06-2026 22:40:46","SURIN_PUNE-BFW02","-","No operator","-","No component","-","-","-","494","00:01:53","00:15:08","00:00:00","00:00:00","NEW","","","","","","","",""
"556","22-06-2026 22:18:16","SURIN_PUNE-BFW02","-","No operator","-","No component","-","-","-","493","00:18:29","00:04:01","00:00:00","00:00:00","NEW","","","","","","","",""
"557","22-06-2026 22:09:03","SURIN_PUNE-BFW01","-","No operator","-","No component","-","-","-","34","00:13:49","00:23:40","00:00:00","00:00:00","NEW","","","","","","","",""
"558","22-06-2026 22:08:38","SURIN-BFW_XTRON_1","-","No operator","-","No component","50","-","0","35","00:13:51","00:22:50","00:00:39","00:00:00","NEW","","","","","","","",""
"559","22-06-2026 21:42:46","SURIN-BFW_XTRON_1","-","No operator","-","No component","50","-","0","34","00:06:47","00:17:47","00:01:19","00:00:00","NEW","","","","","","","",""
"560","22-06-2026 21:42:03","SURIN_PUNE-BFW01","-","No operator","-","No component","-","-","-","33","00:08:03","00:18:57","00:00:00","00:00:00","NEW","","","","","","","",""
"561","22-06-2026 21:33:00","SURIN_PUNE-BFW02","-","No operator","-","No component","-","-","-","492","00:31:35","00:11:57","00:00:00","00:00:00","NEW","","","","","","","",""
"562","22-06-2026 21:28:50","SURIN_PUNE-BFW02","-","No operator","-","No component","-","-","-","491","00:02:11","00:01:59","00:00:00","00:00:00","NEW","","","","","","","",""
"563","22-06-2026 21:08:21","SURIN_PUNE-BFW01","-","No operator","-","No component","-","-","-","32","00:08:17","00:25:25","00:00:00","00:00:00","NEW","","","","","","","",""
"564","22-06-2026 21:08:21","SURIN_PUNE-BFW02","-","No operator","-","No component","-","-","-","490","00:15:33","00:04:56","00:00:00","00:00:00","NEW","","","","","","","",""
"565","22-06-2026 21:07:44","SURIN-BFW_XTRON_1","-","No operator","-","No component","50","-","0","33","00:09:31","00:25:26","00:00:06","00:00:00","NEW","","","","","","","",""
"566","22-06-2026 20:50:26","SURIN_PUNE-BFW01","-","No operator","-","No component","-","-","-","31","00:10:49","00:07:06","00:00:00","00:00:00","NEW","","","","","","","",""
"567","22-06-2026 20:49:49","SURIN-BFW_XTRON_1","-","No operator","-","No component","-","-","-","32","00:10:50","00:07:05","00:00:00","00:00:00","NEW","","","","","","","",""
"568","22-06-2026 20:25:06","SURIN_PUNE-BFW02","-","No operator","-","No component","-","-","-","489","00:31:33","00:09:55","00:00:00","00:00:00","NEW","","","","","","","",""
"569","22-06-2026 20:22:08","SURIN_PUNE-BFW01","-","No operator","-","No component","-","-","-","30","00:08:53","00:19:25","00:00:00","00:00:00","NEW","","","","","","","",""
"570","22-06-2026 20:21:45","SURIN_PUNE-BFW02","-","No operator","-","No component","-","-","-","488","00:01:44","00:01:37","00:00:00","00:00:00","NEW","","","","","","","",""
"571","22-06-2026 20:21:30","SURIN-BFW_XTRON_1","-","No operator","-","No component","-","-","-","31","00:08:53","00:19:27","00:00:00","00:00:00","NEW","","","","","","","",""
"572","22-06-2026 20:02:06","SURIN_PUNE-BFW02","-","No operator","-","No component","-","-","-","487","00:15:40","00:04:00","00:00:00","00:00:00","NEW","","","","","","","",""
"573","22-06-2026 19:58:18","SURIN_PUNE-BFW01","-","No operator","-","No component","-","-","-","29","00:13:51","00:09:59","00:00:00","00:00:00","NEW","","","","","","","",""
"574","22-06-2026 19:57:41","SURIN-BFW_XTRON_1","-","No operator","-","No component","-","-","-","30","00:13:50","00:09:59","00:00:00","00:00:00","NEW","","","","","","","",""
"575","22-06-2026 19:40:13","SURIN_PUNE-BFW01","-","No operator","-","No component","-","-","-","28","00:08:15","00:09:49","00:00:00","00:00:00","NEW","","","","","","","",""
"576","22-06-2026 19:39:37","SURIN-BFW_XTRON_1","-","No operator","-","No component","-","-","-","29","00:08:22","00:09:43","00:00:00","00:00:00","NEW","","","","","","","",""
"577","22-06-2026 19:26:08","SURIN_PUNE-BFW01","-","No operator","-","No component","-","-","-","27","00:07:28","00:06:38","00:00:00","00:00:00","NEW","","","","","","","",""
"578","22-06-2026 19:25:32","SURIN-BFW_XTRON_1","-","No operator","-","No component","50","-","0","28","00:07:13","00:06:39","00:00:14","00:00:00","NEW","","","","","","","",""
"579","22-06-2026 19:17:03","SURIN_PUNE-BFW02","-","No operator","-","No component","-","-","-","486","00:29:46","00:10:56","00:00:00","00:00:00","NEW","","","","","","","",""
"580","22-06-2026 19:12:52","SURIN_PUNE-BFW02","-","No operator","-","No component","-","-","-","485","00:01:46","00:02:25","00:00:00","00:00:00","NEW","","","","","","","",""
"581","22-06-2026 19:03:43","SURIN-BFW_XTRON_1","-","No operator","-","No component","50","-","0","27","00:08:20","00:10:50","00:02:39","00:00:00","NEW","","","","","","","",""
"582","22-06-2026 19:03:37","SURIN_PUNE-BFW01","-","No operator","-","No component","-","-","-","26","00:09:36","00:12:55","00:00:00","00:00:00","NEW","","","","","","","",""
"583","22-06-2026 18:59:03","SURIN_PUNE-BFW02","-","No operator","-","No component","-","-","-","484","00:12:53","00:00:56","00:00:00","00:00:00","NEW","","","","","","","",""
"584","22-06-2026 18:50:55","SURIN-BFW_XTRON_1","-","No operator","-","No component","50","-","0","26","00:07:12","00:04:05","00:01:32","00:00:00","NEW","","","","","","","",""
"585","22-06-2026 18:49:08","SURIN_PUNE-BFW01","-","No operator","-","No component","-","-","-","25","00:08:34","00:05:55","00:00:00","00:00:00","NEW","","","","","","","",""
"586","22-06-2026 18:23:11","SURIN_PUNE-BFW02","-","No operator","-","No component","-","-","-","483","00:26:28","00:08:03","00:00:00","00:00:00","NEW","","","","","","","",""
"587","22-06-2026 18:21:51","SURIN_PUNE-BFW01","-","No operator","-","No component","-","-","-","24","00:08:03","00:19:13","00:00:00","00:00:00","NEW","","","","","","","",""
"588","22-06-2026 18:21:15","SURIN-BFW_XTRON_1","-","No operator","-","No component","50","-","0","25","00:07:50","00:12:03","00:09:47","00:00:00","NEW","","","","","","","",""
"589","22-06-2026 18:18:42","SURIN_PUNE-BFW02","-","No operator","-","No component","-","-","-","482","00:01:41","00:02:48","00:00:00","00:00:00","NEW","","","","","","","",""
"590","22-06-2026 18:01:45","SURIN_PUNE-BFW01","-","No operator","-","No component","-","-","-","23","00:13:49","00:06:17","00:00:00","00:00:00","NEW","","","","","","","",""
"591","22-06-2026 18:01:09","SURIN-BFW_XTRON_1","-","No operator","-","No component","-","-","-","24","00:13:49","00:06:18","00:00:00","00:00:00","NEW","","","","","","","",""
"592","22-06-2026 17:59:38","SURIN_PUNE-BFW02","-","No operator","-","No component","-","-","-","481","00:18:28","00:00:36","00:00:00","00:00:00","NEW","","","","","","","",""
"593","22-06-2026 17:45:36","SURIN_PUNE-BFW01","-","No operator","-","No component","-","-","-","22","00:07:16","00:08:53","00:00:00","00:00:00","NEW","","","","","","","",""
"594","22-06-2026 17:44:59","SURIN-BFW_XTRON_1","-","No operator","-","No component","-","-","-","23","00:07:17","00:08:53","00:00:00","00:00:00","NEW","","","","","","","",""
"595","22-06-2026 17:32:55","SURIN_PUNE-BFW01","-","No operator","-","No component","-","-","-","21","00:07:27","00:05:14","00:00:00","00:00:00","NEW","","","","","","","",""
"596","22-06-2026 17:32:18","SURIN-BFW_XTRON_1","-","No operator","-","No component","-","-","-","22","00:07:28","00:05:14","00:00:00","00:00:00","NEW","","","","","","","",""
"597","22-06-2026 17:21:40","SURIN_PUNE-BFW02","-","No operator","-","No component","-","-","-","480","00:27:38","00:06:54","00:00:00","00:00:00","NEW","","","","","","","",""
"598","22-06-2026 17:17:14","SURIN_PUNE-BFW01","-","No operator","-","No component","-","-","-","20","00:07:01","00:08:40","00:00:00","00:00:00","NEW","","","","","","","",""
"599","22-06-2026 17:16:38","SURIN-BFW_XTRON_1","-","No operator","-","No component","-","-","-","21","00:07:00","00:08:41","00:00:00","00:00:00","NEW","","","","","","","",""
"600","22-06-2026 17:03:19","SURIN_PUNE-BFW02","-","No operator","-","No component","-","-","-","479","00:02:09","00:13:37","00:00:00","00:00:00","NEW","","","","","","","",""
"601","22-06-2026 17:00:34","SURIN_PUNE-BFW01","-","No operator","-","No component","-","-","-","19","00:07:42","00:08:58","00:00:00","00:00:00","NEW","","","","","","","",""
"602","22-06-2026 16:59:57","SURIN-BFW_XTRON_1","-","No operator","-","No component","50","-","-","20","00:07:43","00:08:58","00:00:00","00:00:00","NEW","","","","","","","",""
"603","22-06-2026 16:46:33","SURIN_PUNE-BFW02","-","No operator","-","No component","-","-","-","478","00:16:17","00:00:28","00:00:00","00:00:00","NEW","","","","","","","",""
"604","22-06-2026 14:30:23","SURIN_PUNE-BFW01","-","No operator","-","No component","-","-","-","18","00:07:05","02:20:25","00:00:00","00:00:02","NEW","","","","","","","",""
"605","22-06-2026 14:29:46","SURIN-BFW_XTRON_1","-","No operator","-","No component","606019004","-","0","19","00:07:04","02:23:04","00:00:02","00:00:02","NEW","","","","","","","",""
"606","22-06-2026 14:12:21","SURIN-BFW_XTRON_1","-","No operator","-","No component","606019004","-","0","18","00:16:00","00:00:00","00:01:26","00:00:00","NEW","","","","","","","",""
"607","22-06-2026 14:12:11","SURIN_PUNE-BFW01","-","No operator","-","No component","-","-","-","17","00:16:13","00:01:59","00:00:00","00:00:00","NEW","","","","","","","",""
"608","22-06-2026 13:55:13","SURIN_PUNE-BFW01","-","No operator","-","No component","-","-","-","16","00:16:44","00:00:14","00:00:00","00:00:00","NEW","","","","","","","",""
"609","22-06-2026 13:54:37","SURIN-BFW_XTRON_1","-","No operator","-","No component","606019004","-","0","17","00:17:15","00:00:14","00:00:16","00:00:00","NEW","","","","","","","",""
"610","22-06-2026 12:57:14","SURIN_PUNE-BFW01","-","No operator","-","No component","-","-","-","15","00:32:34","00:22:54","00:00:00","00:00:00","NEW","","","","","","","",""
"611","22-06-2026 12:56:38","SURIN-BFW_XTRON_1","-","No operator","-","No component","-","-","-","16","00:33:12","00:24:48","00:00:00","00:00:00","NEW","","","","","","","",""
"612","22-06-2026 12:39:00","SURIN_PUNE-BFW01","-","No operator","-","No component","-","-","-","14","00:16:49","00:01:26","00:00:00","00:00:00","NEW","","","","","","","",""
"613","22-06-2026 12:38:24","SURIN-BFW_XTRON_1","-","No operator","-","No component","-","-","-","15","00:16:49","00:01:25","00:00:00","00:00:00","NEW","","","","","","","",""
"614","22-06-2026 12:18:57","SURIN_PUNE-BFW01","-","No operator","-","No component","-","-","-","13","00:18:12","00:01:49","00:00:00","00:00:02","NEW","","","","","","","",""
"615","22-06-2026 12:18:22","SURIN-BFW_XTRON_1","-","No operator","-","No component","-","-","-","14","00:18:12","00:01:49","00:00:00","00:00:02","NEW","","","","","","","",""
"616","22-06-2026 12:03:53","SURIN_PUNE-BFW01","-","No operator","-","No component","-","-","-","12","00:10:24","00:04:25","00:00:00","00:00:15","NEW","","","","","","","",""
"617","22-06-2026 12:03:42","SURIN_PUNE-BFW02","-","No operator","-","No component","-","-","-","477","01:45:15","02:37:24","00:00:00","00:14:35","NEW","","","","","","","",""
"618","22-06-2026 12:03:36","SURIN_PUNE-BFW02","-","No operator","-","No component","-","-","-","0","00:00:00","00:00:00","00:00:06","00:00:00","NEW","","","","","","","",""
"619","22-06-2026 12:03:21","SURIN_PUNE-BFW01","-","No operator","-","No component","-","-","-","0","00:00:00","00:00:00","00:00:32","00:00:00","NEW","","","","","","","",""
"620","22-06-2026 11:49:49","SURIN_PUNE-BFW01","-","No operator","-","No component","-","-","-","12","00:10:58","00:00:56","00:00:00","00:01:37","NEW","","","","","","","",""
"621","22-06-2026 11:49:40","SURIN_PUNE-BFW02","-","No operator","-","No component","-","-","-","477","00:00:00","00:12:45","00:00:00","00:01:12","NEW","","","","","","","",""
"622","22-06-2026 11:45:12","SURIN_PUNE-BFW01","-","No operator","-","No component","-","-","-","0","00:00:00","00:00:00","00:04:37","00:00:00","NEW","","","","","","","",""
"623","22-06-2026 11:45:12","SURIN_PUNE-BFW02","-","No operator","-","No component","-","-","-","0","00:00:00","00:00:00","00:04:27","00:00:00","NEW","","","","","","","",""
"624","22-06-2026 10:20:24","SURIN_PUNE-BFW01","-","No operator","-","No component","-","-","-","12","00:22:43","01:01:32","00:00:00","00:00:00","NEW","","","","","","","",""
"625","22-06-2026 10:19:48","SURIN-BFW_XTRON_1","-","No operator","-","No component","606019004","-","0","13","00:42:59","01:07:28","00:06:26","00:01:42","NEW","","","","","","","",""
"626","22-06-2026 10:14:52","SURIN_PUNE-BFW02","-","No operator","-","No component","-","-","-","477","00:02:21","01:23:44","00:00:00","00:00:00","NEW","","","","","","","",""
"627","22-06-2026 09:59:25","SURIN_PUNE-BFW01","-","No operator","-","No component","-","-","-","11","00:20:40","00:00:18","00:00:00","00:00:00","NEW","","","","","","","",""
"628","22-06-2026 09:58:49","SURIN-BFW_XTRON_1","-","No operator","-","No component","-","-","-","12","00:20:42","00:00:18","00:00:00","00:00:00","NEW","","","","","","","",""
"629","22-06-2026 09:22:51","SURIN_PUNE-BFW01","-","No operator","-","No component","-","-","-","10","00:16:50","00:19:44","00:00:00","00:00:00","NEW","","","","","","","",""
"630","22-06-2026 09:22:15","SURIN-BFW_XTRON_1","-","No operator","-","No component","-","-","-","11","00:16:51","00:19:44","00:00:00","00:00:00","NEW","","","","","","","",""
"631","22-06-2026 08:52:21","SURIN_PUNE-BFW02","-","No operator","-","No component","-","-","-","476","00:35:00","00:42:59","00:00:00","00:00:41","NEW","","","","","","","",""
"632","22-06-2026 08:49:03","SURIN_PUNE-BFW02","-","No operator","-","No component","-","-","-","475","00:00:36","00:02:41","00:00:00","00:00:00","NEW","","","","","","","",""
"633","22-06-2026 08:47:48","SURIN_PUNE-BFW02","-","No operator","-","No component","-","-","-","474","00:00:10","00:01:06","00:00:00","00:00:00","NEW","","","","","","","",""
"634","22-06-2026 06:38:41","SURIN_PUNE-BFW02","-","No operator","-","No component","-","-","-","473","00:05:45","01:46:52","00:00:00","00:00:00","NEW","","","","","","","",""
"635","22-06-2026 05:52:43","SURIN_PUNE-BFW01","-","No operator","-","No component","-","-","-","9","00:32:21","02:57:45","00:00:00","00:00:00","NEW","","","","","","","",""
"636","22-06-2026 05:52:08","SURIN-BFW_XTRON_1","-","No operator","-","No component","606019004","-","0","10","00:31:46","02:58:08","00:00:14","00:00:00","NEW","","","","","","","",""
"637","22-06-2026 05:35:20","SURIN_PUNE-BFW01","-","No operator","-","No component","-","-","-","8","00:16:33","00:00:49","00:00:00","00:00:00","NEW","","","","","","","",""
"638","22-06-2026 05:34:45","SURIN-BFW_XTRON_1","-","No operator","-","No component","-","-","-","9","00:16:35","00:00:49","00:00:00","00:00:00","NEW","","","","","","","",""
"639","22-06-2026 05:16:40","SURIN_PUNE-BFW01","-","No operator","-","No component","-","-","-","7","00:18:04","00:00:36","00:00:00","00:00:00","NEW","","","","","","","",""
"640","22-06-2026 05:16:05","SURIN-BFW_XTRON_1","-","No operator","-","No component","-","-","-","8","00:18:05","00:00:35","00:00:00","00:00:00","NEW","","","","","","","",""
"641","22-06-2026 03:50:01","SURIN_PUNE-BFW01","-","No operator","-","No component","-","-","-","6","00:35:38","00:48:31","00:00:00","00:00:00","NEW","","","","","","","",""
"642","22-06-2026 03:49:23","SURIN-BFW_XTRON_1","-","No operator","-","No component","606019004","-","0","7","00:35:31","00:51:07","00:00:06","00:00:00","NEW","","","","","","","",""
"643","22-06-2026 03:06:03","SURIN_PUNE-BFW02","-","No operator","-","No component","-","-","-","472","00:30:16","02:47:33","00:00:00","00:03:00","NEW","","","","","","","",""
"644","22-06-2026 03:05:55","SURIN_PUNE-BFW01","-","No operator","-","No component","-","-","-","5","00:20:59","00:18:44","00:00:00","00:03:28","NEW","","","","","","","",""
"645","21-06-2026 12:23:36","SURIN_PUNE-BFW02","-","No operator","-","No component","-","-","-","0","00:00:00","00:00:00","14:42:28","00:00:00","NEW","","","","","","","",""
"646","21-06-2026 12:23:13","SURIN_PUNE-BFW01","-","No operator","-","No component","-","-","-","0","00:00:00","00:00:00","14:42:42","00:00:00","NEW","","","","","","","",""
"647","21-06-2026 12:11:26","SURIN_PUNE-BFW02","-","No operator","-","No component","-","-","-","472","00:00:00","00:09:00","00:00:00","00:03:10","NEW","","","","","","","",""
"648","21-06-2026 12:11:21","SURIN_PUNE-BFW02","-","No operator","-","No component","-","-","-","0","00:00:00","00:00:00","00:00:05","00:00:00","NEW","","","","","","","",""
"649","21-06-2026 11:44:43","SURIN_PUNE-BFW01","-","No operator","-","No component","-","-","-","5","00:04:08","00:09:27","00:00:00","00:24:55","NEW","","","","","","","",""
"650","21-06-2026 11:44:12","SURIN_PUNE-BFW01","-","No operator","-","No component","-","-","-","0","00:00:00","00:00:00","00:00:30","00:00:00","NEW","","","","","","","",""
"651","21-06-2026 11:22:46","SURIN_PUNE-BFW01","-","No operator","-","No component","-","-","-","5","00:00:00","00:20:23","00:00:00","00:01:03","NEW","","","","","","","",""
"652","21-06-2026 11:22:25","SURIN-BFW_XTRON_1","-","No operator","-","No component","40316207604||606019001","-","0","6","00:25:03","00:48:02","14:45:12","00:28:42","NEW","","","","","","","",""
"653","21-06-2026 11:11:36","SURIN_PUNE-BFW02","-","No operator","-","No component","-","-","-","472","00:00:00","00:54:32","00:00:00","00:05:13","NEW","","","","","","","",""
"654","21-06-2026 11:08:56","SURIN_PUNE-BFW02","-","No operator","-","No component","-","-","-","471","00:01:55","00:00:44","00:00:00","00:00:00","NEW","","","","","","","",""
"655","21-06-2026 11:02:28","SURIN_PUNE-BFW01","-","No operator","-","No component","-","-","-","4","00:17:12","00:01:48","00:00:00","00:00:00","NEW","","","","","","","",""
"656","21-06-2026 11:01:53","SURIN-BFW_XTRON_1","-","No operator","-","No component","-","-","-","5","00:17:11","00:03:21","00:00:00","00:00:00","NEW","","","","","","","",""
"657","21-06-2026 10:57:07","SURIN_PUNE-BFW02","-","No operator","-","No component","-","-","-","470","00:02:19","00:03:12","00:00:00","00:00:00","NEW","","","","","","","",""
"658","21-06-2026 10:34:42","SURIN_PUNE-BFW02","-","No operator","-","No component","-","-","-","469","00:21:31","00:00:54","00:00:00","00:00:00","NEW","","","","","","","",""
"659","21-06-2026 09:29:35","SURIN_PUNE-BFW01","-","No operator","-","No component","-","-","-","3","00:34:17","00:57:32","00:00:00","00:01:04","NEW","","","","","","","",""
"660","21-06-2026 09:28:58","SURIN-BFW_XTRON_1","-","No operator","-","No component","40316207604","-","0","4","00:34:04","00:57:26","00:00:18","00:01:09","NEW","","","","","","","",""
"661","21-06-2026 09:10:05","SURIN_PUNE-BFW01","-","No operator","-","No component","-","-","-","2","00:17:33","00:01:58","00:00:00","00:00:00","NEW","","","","","","","",""
"662","21-06-2026 09:09:48","SURIN-BFW_XTRON_1","-","No operator","-","No component","-","-","-","3","00:17:58","00:01:12","00:00:00","00:00:00","NEW","","","","","","","",""
"663","21-06-2026 08:40:00","SURIN_PUNE-BFW02","-","No operator","-","No component","-","-","-","468","00:33:33","00:54:43","00:00:00","00:11:31","NEW","","","","","","","",""
"664","21-06-2026 08:34:02","SURIN_PUNE-BFW01","-","No operator","-","No component","-","-","-","1","00:29:47","00:03:33","00:00:00","00:00:00","NEW","","","","","","","",""
"665","21-06-2026 08:33:28","SURIN-BFW_XTRON_1","-","No operator","-","No component","-","-","-","2","00:30:10","00:06:11","00:00:00","00:00:00","NEW","","","","","","","",""
"666","21-06-2026 06:22:08","SURIN_PUNE-BFW02","-","No operator","-","No component","-","-","-","467","01:08:31","01:05:04","00:00:00","00:00:00","NEW","","","","","","","",""
"667","21-06-2026 05:50:09","SURIN_PUNE-BFW01","-","No operator","-","No component","-","-","-","0","00:37:46","01:34:40","00:00:00","00:00:34","NEW","","","","","","","",""
"668","21-06-2026 05:49:34","SURIN-BFW_XTRON_1","-","No operator","-","No component","40316207604","-","0","1","00:36:41","02:05:34","00:01:08","00:00:33","NEW","","","","","","","",""
"669","21-06-2026 05:21:09","SURIN_PUNE-BFW01","-","No operator","-","No component","-","-","-","72","00:00:00","00:24:58","00:00:00","00:04:02","NEW","","","","","","","",""
"670","21-06-2026 05:20:35","SURIN-BFW_XTRON_1","-","No operator","-","No component","44249","-","0","0","00:00:00","00:24:09","00:00:48","00:04:02","NEW","","","","","","","",""
"671","21-06-2026 05:18:18","SURIN_PUNE-BFW01","-","No operator","-","No component","-","-","-","71","00:00:34","00:02:17","00:00:00","00:00:00","NEW","","","","","","","",""
"672","21-06-2026 05:17:44","SURIN-BFW_XTRON_1","-","No operator","-","No component","-","-","-","72","00:00:34","00:02:17","00:00:00","00:00:00","NEW","","","","","","","",""
"673","21-06-2026 05:16:58","SURIN_PUNE-BFW01","-","No operator","-","No component","-","-","-","70","00:00:34","00:00:46","00:00:00","00:00:00","NEW","","","","","","","",""
"674","21-06-2026 05:16:24","SURIN-BFW_XTRON_1","-","No operator","-","No component","-","-","-","71","00:00:34","00:00:47","00:00:00","00:00:00","NEW","","","","","","","",""
"675","21-06-2026 05:15:47","SURIN_PUNE-BFW01","-","No operator","-","No component","-","-","-","69","00:00:34","00:00:37","00:00:00","00:00:00","NEW","","","","","","","",""
"676","21-06-2026 05:15:13","SURIN-BFW_XTRON_1","-","No operator","-","No component","-","-","-","70","00:00:34","00:00:37","00:00:00","00:00:00","NEW","","","","","","","",""
"677","21-06-2026 05:14:25","SURIN_PUNE-BFW01","-","No operator","-","No component","-","-","-","68","00:00:34","00:00:48","00:00:00","00:00:00","NEW","","","","","","","",""
"678","21-06-2026 05:13:51","SURIN-BFW_XTRON_1","-","No operator","-","No component","-","-","-","69","00:00:35","00:00:48","00:00:00","00:00:00","NEW","","","","","","","",""
"679","21-06-2026 05:12:21","SURIN_PUNE-BFW01","-","No operator","-","No component","-","-","-","67","00:00:28","00:01:36","00:00:00","00:00:00","NEW","","","","","","","",""
"680","21-06-2026 05:12:04","SURIN_PUNE-BFW01","-","No operator","-","No component","-","-","-","66","00:00:17","00:00:00","00:00:00","00:00:00","NEW","","","","","","","",""
"681","21-06-2026 05:11:47","SURIN-BFW_XTRON_1","-","No operator","-","No component","-","-","-","68","00:00:34","00:01:31","00:00:00","00:00:00","NEW","","","","","","","",""
"682","21-06-2026 05:10:59","SURIN-BFW_XTRON_1","-","No operator","-","No component","-","-","-","67","00:00:34","00:00:15","00:00:00","00:00:00","NEW","","","","","","","",""
"683","21-06-2026 05:10:02","SURIN_PUNE-BFW01","-","No operator","-","No component","-","-","-","65","00:01:23","00:00:38","00:00:00","00:00:00","NEW","","","","","","","",""
"684","21-06-2026 05:09:56","SURIN-BFW_XTRON_1","-","No operator","-","No component","-","-","-","66","00:00:25","00:00:38","00:00:00","00:00:00","NEW","","","","","","","",""
"685","21-06-2026 05:09:04","SURIN_PUNE-BFW01","-","No operator","-","No component","-","-","-","64","00:00:33","00:00:26","00:00:00","00:00:00","NEW","","","","","","","",""
"686","21-06-2026 05:08:39","SURIN-BFW_XTRON_1","-","No operator","-","No component","-","-","-","65","00:00:36","00:00:42","00:00:00","00:00:00","NEW","","","","","","","",""
"687","21-06-2026 05:07:40","SURIN_PUNE-BFW01","-","No operator","-","No component","-","-","-","63","00:00:00","00:01:23","00:00:00","00:00:00","NEW","","","","","","","",""
"688","21-06-2026 05:07:01","SURIN-BFW_XTRON_1","-","No operator","-","No component","-","-","-","64","00:00:59","00:00:39","00:00:00","00:00:00","NEW","","","","","","","",""
"689","21-06-2026 05:06:35","SURIN_PUNE-BFW01","-","No operator","-","No component","-","-","-","62","00:00:43","00:00:22","00:00:00","00:00:00","NEW","","","","","","","",""
"690","21-06-2026 05:05:51","SURIN-BFW_XTRON_1","-","No operator","-","No component","-","-","-","63","00:00:38","00:00:32","00:00:00","00:00:00","NEW","","","","","","","",""
"691","21-06-2026 05:03:52","SURIN_PUNE-BFW01","-","No operator","-","No component","-","-","-","61","00:00:35","00:02:08","00:00:00","00:00:00","NEW","","","","","","","",""
"692","21-06-2026 05:03:16","SURIN-BFW_XTRON_1","-","No operator","-","No component","-","-","-","62","00:00:31","00:02:04","00:00:00","00:00:00","NEW","","","","","","","",""
"693","21-06-2026 05:02:33","SURIN_PUNE-BFW01","-","No operator","-","No component","-","-","-","60","00:00:32","00:00:48","00:00:00","00:00:00","NEW","","","","","","","",""
"694","21-06-2026 05:01:59","SURIN-BFW_XTRON_1","-","No operator","-","No component","-","-","-","61","00:00:31","00:00:47","00:00:00","00:00:00","NEW","","","","","","","",""
"695","21-06-2026 05:01:33","SURIN_PUNE-BFW01","-","No operator","-","No component","-","-","-","59","00:00:30","00:00:30","00:00:00","00:00:00","NEW","","","","","","","",""
"696","21-06-2026 05:00:58","SURIN-BFW_XTRON_1","-","No operator","-","No component","-","-","-","60","00:00:30","00:00:31","00:00:00","00:00:00","NEW","","","","","","","",""
"697","21-06-2026 05:00:16","SURIN_PUNE-BFW01","-","No operator","-","No component","-","-","-","58","00:00:44","00:00:33","00:00:00","00:00:00","NEW","","","","","","","",""
"698","21-06-2026 04:59:41","SURIN-BFW_XTRON_1","-","No operator","-","No component","-","-","-","59","00:00:43","00:00:34","00:00:00","00:00:00","NEW","","","","","","","",""
"699","21-06-2026 04:58:51","SURIN_PUNE-BFW01","-","No operator","-","No component","-","-","-","57","00:00:43","00:00:42","00:00:00","00:00:00","NEW","","","","","","","",""
"700","21-06-2026 04:58:17","SURIN-BFW_XTRON_1","-","No operator","-","No component","-","-","-","58","00:00:43","00:00:41","00:00:00","00:00:00","NEW","","","","","","","",""
"701","21-06-2026 04:57:29","SURIN_PUNE-BFW01","-","No operator","-","No component","-","-","-","56","00:00:43","00:00:39","00:00:00","00:00:00","NEW","","","","","","","",""
"702","21-06-2026 04:56:55","SURIN-BFW_XTRON_1","-","No operator","-","No component","-","-","-","57","00:00:44","00:00:38","00:00:00","00:00:00","NEW","","","","","","","",""
"703","21-06-2026 04:56:08","SURIN_PUNE-BFW01","-","No operator","-","No component","-","-","-","55","00:00:41","00:00:40","00:00:00","00:00:00","NEW","","","","","","","",""
"704","21-06-2026 04:55:34","SURIN-BFW_XTRON_1","-","No operator","-","No component","-","-","-","56","00:00:44","00:00:38","00:00:00","00:00:00","NEW","","","","","","","",""
"705","21-06-2026 04:55:04","SURIN_PUNE-BFW01","-","No operator","-","No component","-","-","-","54","00:00:33","00:00:32","00:00:00","00:00:00","NEW","","","","","","","",""
"706","21-06-2026 04:54:26","SURIN-BFW_XTRON_1","-","No operator","-","No component","-","-","-","55","00:00:36","00:00:32","00:00:00","00:00:00","NEW","","","","","","","",""
"707","21-06-2026 04:54:02","SURIN_PUNE-BFW02","-","No operator","-","No component","-","-","-","466","01:19:03","00:06:50","00:00:00","00:00:51","NEW","","","","","","","",""
"708","21-06-2026 04:53:30","SURIN_PUNE-BFW01","-","No operator","-","No component","-","-","-","53","00:00:59","00:00:34","00:00:00","00:00:00","NEW","","","","","","","",""
"709","21-06-2026 04:52:57","SURIN-BFW_XTRON_1","-","No operator","-","No component","-","-","-","54","00:00:56","00:00:34","00:00:00","00:00:00","NEW","","","","","","","",""
"710","21-06-2026 04:51:51","SURIN_PUNE-BFW01","-","No operator","-","No component","-","-","-","52","00:00:43","00:00:55","00:00:00","00:00:00","NEW","","","","","","","",""
"711","21-06-2026 04:51:11","SURIN-BFW_XTRON_1","-","No operator","-","No component","-","-","-","53","00:00:44","00:01:02","00:00:00","00:00:00","NEW","","","","","","","",""
"712","21-06-2026 04:51:03","SURIN_PUNE-BFW01","-","No operator","-","No component","-","-","-","51","00:00:49","00:00:00","00:00:00","00:00:00","NEW","","","","","","","",""
"713","21-06-2026 04:49:37","SURIN-BFW_XTRON_1","-","No operator","-","No component","-","-","-","52","00:00:14","00:01:21","00:00:00","00:00:00","NEW","","","","","","","",""
"714","21-06-2026 04:48:37","SURIN_PUNE-BFW01","-","No operator","-","No component","-","-","-","50","00:01:38","00:00:48","00:00:00","00:00:00","NEW","","","","","","","",""
"715","21-06-2026 04:48:05","SURIN-BFW_XTRON_1","-","No operator","-","No component","-","-","-","51","00:00:46","00:00:46","00:00:00","00:00:00","NEW","","","","","","","",""
"716","21-06-2026 04:47:14","SURIN_PUNE-BFW01","-","No operator","-","No component","-","-","-","49","00:00:43","00:00:41","00:00:00","00:00:00","NEW","","","","","","","",""
"717","21-06-2026 04:46:39","SURIN-BFW_XTRON_1","-","No operator","-","No component","-","-","-","50","00:00:47","00:00:40","00:00:00","00:00:00","NEW","","","","","","","",""
"718","21-06-2026 04:45:52","SURIN_PUNE-BFW01","-","No operator","-","No component","-","-","-","48","00:00:43","00:00:38","00:00:00","00:00:00","NEW","","","","","","","",""
"719","21-06-2026 04:45:18","SURIN-BFW_XTRON_1","-","No operator","-","No component","-","-","-","49","00:00:44","00:00:38","00:00:00","00:00:00","NEW","","","","","","","",""
"720","21-06-2026 04:44:22","SURIN_PUNE-BFW01","-","No operator","-","No component","-","-","-","47","00:00:45","00:00:46","00:00:00","00:00:00","NEW","","","","","","","",""
"721","21-06-2026 04:43:47","SURIN-BFW_XTRON_1","-","No operator","-","No component","-","-","-","48","00:00:44","00:00:47","00:00:00","00:00:00","NEW","","","","","","","",""
"722","21-06-2026 04:42:53","SURIN_PUNE-BFW01","-","No operator","-","No component","-","-","-","46","00:00:44","00:00:44","00:00:00","00:00:00","NEW","","","","","","","",""
"723","21-06-2026 04:42:20","SURIN-BFW_XTRON_1","-","No operator","-","No component","-","-","-","47","00:00:43","00:00:45","00:00:00","00:00:00","NEW","","","","","","","",""
"724","21-06-2026 04:41:34","SURIN_PUNE-BFW01","-","No operator","-","No component","-","-","-","45","00:00:41","00:00:38","00:00:00","00:00:00","NEW","","","","","","","",""
"725","21-06-2026 04:40:59","SURIN-BFW_XTRON_1","-","No operator","-","No component","-","-","-","46","00:00:43","00:00:38","00:00:00","00:00:00","NEW","","","","","","","",""
"726","21-06-2026 04:40:03","SURIN_PUNE-BFW01","-","No operator","-","No component","-","-","-","44","00:00:45","00:00:46","00:00:00","00:00:00","NEW","","","","","","","",""
"727","21-06-2026 04:39:29","SURIN-BFW_XTRON_1","-","No operator","-","No component","-","-","-","45","00:00:44","00:00:47","00:00:00","00:00:00","NEW","","","","","","","",""
"728","21-06-2026 04:38:38","SURIN_PUNE-BFW01","-","No operator","-","No component","-","-","-","43","00:00:44","00:00:41","00:00:00","00:00:00","NEW","","","","","","","",""
"729","21-06-2026 04:38:04","SURIN-BFW_XTRON_1","-","No operator","-","No component","-","-","-","44","00:00:43","00:00:43","00:00:00","00:00:00","NEW","","","","","","","",""
"730","21-06-2026 04:37:10","SURIN_PUNE-BFW01","-","No operator","-","No component","-","-","-","42","00:00:44","00:00:43","00:00:00","00:00:00","NEW","","","","","","","",""
"731","21-06-2026 04:36:35","SURIN-BFW_XTRON_1","-","No operator","-","No component","-","-","-","43","00:00:46","00:00:43","00:00:00","00:00:00","NEW","","","","","","","",""
"732","21-06-2026 04:35:42","SURIN_PUNE-BFW01","-","No operator","-","No component","-","-","-","41","00:00:44","00:00:44","00:00:00","00:00:00","NEW","","","","","","","",""
"733","21-06-2026 04:35:10","SURIN-BFW_XTRON_1","-","No operator","-","No component","-","-","-","42","00:00:43","00:00:43","00:00:00","00:00:00","NEW","","","","","","","",""
"734","21-06-2026 04:34:16","SURIN_PUNE-BFW01","-","No operator","-","No component","-","-","-","40","00:00:43","00:00:43","00:00:00","00:00:00","NEW","","","","","","","",""
"735","21-06-2026 04:33:43","SURIN-BFW_XTRON_1","-","No operator","-","No component","-","-","-","41","00:00:45","00:00:42","00:00:00","00:00:00","NEW","","","","","","","",""
"736","21-06-2026 04:31:23","SURIN_PUNE-BFW01","-","No operator","-","No component","-","-","-","39","00:00:44","00:02:10","00:00:00","00:00:00","NEW","","","","","","","",""
"737","21-06-2026 04:30:49","SURIN-BFW_XTRON_1","-","No operator","-","No component","-","-","-","40","00:00:45","00:02:10","00:00:00","00:00:00","NEW","","","","","","","",""
"738","21-06-2026 04:26:08","SURIN_PUNE-BFW01","-","No operator","-","No component","-","-","-","38","00:00:38","00:04:37","00:00:00","00:00:00","NEW","","","","","","","",""
"739","21-06-2026 04:25:34","SURIN-BFW_XTRON_1","-","No operator","-","No component","-","-","-","39","00:00:43","00:04:32","00:00:00","00:00:00","NEW","","","","","","","",""
"740","21-06-2026 04:04:05","SURIN_PUNE-BFW01","-","No operator","-","No component","-","-","-","37","00:00:41","00:21:23","00:00:00","00:00:00","NEW","","","","","","","",""
"741","21-06-2026 04:03:30","SURIN-BFW_XTRON_1","-","No operator","-","No component","-","-","-","38","00:00:44","00:21:20","00:00:00","00:00:00","NEW","","","","","","","",""
"742","21-06-2026 04:02:33","SURIN_PUNE-BFW01","-","No operator","-","No component","-","-","-","36","00:00:35","00:00:56","00:00:00","00:00:00","NEW","","","","","","","",""
"743","21-06-2026 04:02:00","SURIN-BFW_XTRON_1","-","No operator","-","No component","-","-","-","37","00:00:32","00:00:59","00:00:00","00:00:00","NEW","","","","","","","",""
"744","21-06-2026 04:01:00","SURIN_PUNE-BFW01","-","No operator","-","No component","-","-","-","35","00:00:43","00:00:50","00:00:00","00:00:00","NEW","","","","","","","",""
"745","21-06-2026 04:00:26","SURIN-BFW_XTRON_1","-","No operator","-","No component","-","-","-","36","00:00:44","00:00:51","00:00:00","00:00:00","NEW","","","","","","","",""
"746","21-06-2026 03:59:30","SURIN_PUNE-BFW01","-","No operator","-","No component","-","-","-","34","00:00:44","00:00:45","00:00:00","00:00:00","NEW","","","","","","","",""
"747","21-06-2026 03:58:56","SURIN-BFW_XTRON_1","-","No operator","-","No component","-","-","-","35","00:00:44","00:00:46","00:00:00","00:00:00","NEW","","","","","","","",""
"748","21-06-2026 03:58:09","SURIN_PUNE-BFW01","-","No operator","-","No component","-","-","-","33","00:00:44","00:00:38","00:00:00","00:00:00","NEW","","","","","","","",""
"749","21-06-2026 03:57:33","SURIN-BFW_XTRON_1","-","No operator","-","No component","-","-","-","34","00:00:43","00:00:41","00:00:00","00:00:00","NEW","","","","","","","",""
"750","21-06-2026 03:56:41","SURIN_PUNE-BFW01","-","No operator","-","No component","-","-","-","32","00:00:47","00:00:42","00:00:00","00:00:00","NEW","","","","","","","",""
"751","21-06-2026 03:56:07","SURIN-BFW_XTRON_1","-","No operator","-","No component","-","-","-","33","00:00:44","00:00:43","00:00:00","00:00:00","NEW","","","","","","","",""
"752","21-06-2026 03:54:39","SURIN_PUNE-BFW01","-","No operator","-","No component","-","-","-","31","00:00:44","00:01:17","00:00:00","00:00:00","NEW","","","","","","","",""
"753","21-06-2026 03:54:05","SURIN-BFW_XTRON_1","-","No operator","-","No component","-","-","-","32","00:00:44","00:01:19","00:00:00","00:00:00","NEW","","","","","","","",""
"754","21-06-2026 03:53:03","SURIN_PUNE-BFW01","-","No operator","-","No component","-","-","-","30","00:00:47","00:00:50","00:00:00","00:00:00","NEW","","","","","","","",""
"755","21-06-2026 03:52:29","SURIN-BFW_XTRON_1","-","No operator","-","No component","-","-","-","31","00:00:46","00:00:50","00:00:00","00:00:00","NEW","","","","","","","",""
"756","21-06-2026 03:51:21","SURIN_PUNE-BFW01","-","No operator","-","No component","-","-","-","29","00:00:45","00:00:56","00:00:00","00:00:00","NEW","","","","","","","",""
"757","21-06-2026 03:50:47","SURIN-BFW_XTRON_1","-","No operator","-","No component","-","-","-","30","00:00:46","00:00:57","00:00:00","00:00:00","NEW","","","","","","","",""
"758","21-06-2026 03:49:24","SURIN_PUNE-BFW01","-","No operator","-","No component","-","-","-","28","00:00:39","00:01:18","00:00:00","00:00:00","NEW","","","","","","","",""
"759","21-06-2026 03:48:50","SURIN-BFW_XTRON_1","-","No operator","-","No component","-","-","-","29","00:00:39","00:01:19","00:00:00","00:00:00","NEW","","","","","","","",""
"760","21-06-2026 03:47:50","SURIN_PUNE-BFW01","-","No operator","-","No component","-","-","-","27","00:00:26","00:01:07","00:00:00","00:00:00","NEW","","","","","","","",""
"761","21-06-2026 03:47:16","SURIN-BFW_XTRON_1","-","No operator","-","No component","-","-","-","28","00:00:38","00:00:56","00:00:00","00:00:00","NEW","","","","","","","",""
"762","21-06-2026 03:46:03","SURIN_PUNE-BFW01","-","No operator","-","No component","-","-","-","26","00:00:40","00:01:08","00:00:00","00:00:00","NEW","","","","","","","",""
"763","21-06-2026 03:45:28","SURIN-BFW_XTRON_1","-","No operator","-","No component","-","-","-","27","00:00:39","00:01:09","00:00:00","00:00:00","NEW","","","","","","","",""
"764","21-06-2026 03:44:41","SURIN_PUNE-BFW01","-","No operator","-","No component","-","-","-","25","00:00:19","00:01:02","00:00:00","00:00:00","NEW","","","","","","","",""
"765","21-06-2026 03:44:07","SURIN-BFW_XTRON_1","-","No operator","-","No component","-","-","-","26","00:00:40","00:00:42","00:00:00","00:00:00","NEW","","","","","","","",""
"766","21-06-2026 03:42:43","SURIN_PUNE-BFW01","-","No operator","-","No component","-","-","-","24","00:00:47","00:01:11","00:00:00","00:00:00","NEW","","","","","","","",""
"767","21-06-2026 03:42:10","SURIN-BFW_XTRON_1","-","No operator","-","No component","-","-","-","25","00:00:46","00:01:11","00:00:00","00:00:00","NEW","","","","","","","",""
"768","21-06-2026 03:40:52","SURIN_PUNE-BFW01","-","No operator","-","No component","-","-","-","23","00:00:45","00:01:06","00:00:00","00:00:00","NEW","","","","","","","",""
"769","21-06-2026 03:40:09","SURIN-BFW_XTRON_1","-","No operator","-","No component","44249","-","0","24","00:00:46","00:01:15","00:00:00","00:00:00","NEW","","","","","","","",""
"770","21-06-2026 03:34:09","SURIN_PUNE-BFW01","-","No operator","-","No component","-","-","-","22","00:01:31","00:05:12","00:00:00","00:00:00","NEW","","","","","","","",""
"771","21-06-2026 03:33:42","SURIN-BFW_XTRON_1","-","No operator","-","No component","44249","-","0","23","00:01:17","00:05:05","00:00:05","00:00:00","NEW","","","","","","","",""
"772","21-06-2026 03:12:27","SURIN_PUNE-BFW01","-","No operator","-","No component","-","-","-","21","00:01:45","00:05:20","00:00:00","00:06:46","NEW","","","","","","","",""
"773","21-06-2026 03:12:17","SURIN_PUNE-BFW02","-","No operator","-","No component","-","-","-","465","01:05:55","00:08:56","00:00:00","00:24:21","NEW","","","","","","","",""
"774","21-06-2026 02:47:05","SURIN_PUNE-BFW01","-","No operator","-","No component","-","-","-","0","00:00:00","00:00:00","00:25:22","00:00:00","NEW","","","","","","","",""
"775","21-06-2026 02:47:05","SURIN_PUNE-BFW02","-","No operator","-","No component","-","-","-","0","00:00:00","00:00:00","00:25:12","00:00:00","NEW","","","","","","","",""
"776","21-06-2026 02:36:02","SURIN_PUNE-BFW02","-","No operator","-","No component","-","-","-","465","00:00:00","00:11:04","00:00:00","00:00:00","NEW","","","","","","","",""
"777","21-06-2026 02:18:17","SURIN_PUNE-BFW01","-","No operator","-","No component","-","-","-","21","00:00:00","00:28:48","00:00:00","00:00:00","NEW","","","","","","","",""
"778","21-06-2026 02:17:42","SURIN-BFW_XTRON_1","-","No operator","-","No component","44249","-","0","22","00:01:56","00:39:18","00:27:29","00:07:18","NEW","","","","","","","",""
"779","21-06-2026 02:12:47","SURIN-BFW_XTRON_1","-","No operator","-","No component","44249","-","0","21","00:02:14","00:02:11","00:00:31","00:00:00","NEW","","","","","","","",""
"780","21-06-2026 02:12:27","SURIN_PUNE-BFW01","-","No operator","-","No component","-","-","-","20","00:02:45","00:03:05","00:00:00","00:00:00","NEW","","","","","","","",""
"781","21-06-2026 02:03:03","SURIN_PUNE-BFW01","-","No operator","-","No component","-","-","-","19","00:02:45","00:06:39","00:00:00","00:00:00","NEW","","","","","","","",""
"782","21-06-2026 02:02:04","SURIN-BFW_XTRON_1","-","No operator","-","No component","44249","-","0","20","00:03:39","00:07:04","00:00:00","00:00:00","NEW","","","","","","","",""
"783","21-06-2026 01:52:49","SURIN_PUNE-BFW01","-","No operator","-","No component","-","-","-","18","00:04:58","00:05:17","00:00:00","00:00:00","NEW","","","","","","","",""
"784","21-06-2026 01:52:15","SURIN-BFW_XTRON_1","-","No operator","-","No component","44249","-","0","19","00:02:54","00:05:25","00:01:31","00:00:00","NEW","","","","","","","",""
"785","20-06-2026 22:47:07","SURIN_PUNE-BFW01","-","No operator","-","No component","-","-","-","17","01:14:00","01:51:41","00:00:00","00:00:00","NEW","","","","","","","",""
"786","20-06-2026 22:46:34","SURIN-BFW_XTRON_1","-","No operator","-","No component","44249","-","0","18","01:13:35","01:51:41","00:00:26","00:00:00","NEW","","","","","","","",""
"787","20-06-2026 22:37:02","SURIN_PUNE-BFW02","-","No operator","-","No component","-","-","-","464","00:56:02","03:02:58","00:00:00","00:00:00","NEW","","","","","","","",""
"788","20-06-2026 22:24:57","SURIN_PUNE-BFW01","-","No operator","-","No component","-","-","-","16","00:03:57","00:18:13","00:00:00","00:00:00","NEW","","","","","","","",""
"789","20-06-2026 22:24:23","SURIN-BFW_XTRON_1","-","No operator","-","No component","44249","-","0","17","00:03:39","00:18:03","00:00:30","00:00:00","NEW","","","","","","","",""
"790","20-06-2026 21:34:54","SURIN_PUNE-BFW02","-","No operator","-","No component","-","-","-","463","00:52:13","00:05:34","00:00:00","00:00:00","NEW","","","","","","","",""
"791","20-06-2026 21:13:45","SURIN_PUNE-BFW01","-","No operator","-","No component","-","-","-","15","01:01:00","00:10:12","00:00:00","00:00:00","NEW","","","","","","","",""
"792","20-06-2026 21:12:58","SURIN-BFW_XTRON_1","-","No operator","-","No component","44249","-","0","16","01:00:56","00:10:19","00:00:11","00:00:00","NEW","","","","","","","",""
"793","20-06-2026 21:05:31","SURIN_PUNE-BFW01","-","No operator","-","No component","-","-","-","14","00:03:05","00:05:09","00:00:00","00:00:00","NEW","","","","","","","",""
"794","20-06-2026 21:04:58","SURIN-BFW_XTRON_1","-","No operator","-","No component","-","-","-","15","00:02:52","00:05:09","00:00:00","00:00:00","NEW","","","","","","","",""
"795","20-06-2026 21:00:17","SURIN_PUNE-BFW01","-","No operator","-","No component","-","-","-","13","00:02:46","00:02:29","00:00:00","00:00:00","NEW","","","","","","","",""
"796","20-06-2026 20:59:44","SURIN-BFW_XTRON_1","-","No operator","-","No component","-","-","-","14","00:02:46","00:02:29","00:00:00","00:00:00","NEW","","","","","","","",""
"797","20-06-2026 20:54:58","SURIN_PUNE-BFW01","-","No operator","-","No component","-","-","-","12","00:02:45","00:02:34","00:00:00","00:00:00","NEW","","","","","","","",""
"798","20-06-2026 20:54:23","SURIN-BFW_XTRON_1","-","No operator","-","No component","-","-","-","13","00:02:46","00:02:35","00:00:00","00:00:00","NEW","","","","","","","",""
"799","20-06-2026 20:47:46","SURIN_PUNE-BFW02","-","No operator","-","No component","-","-","-","462","00:23:10","00:23:58","00:00:00","00:00:00","NEW","","","","","","","",""
"800","20-06-2026 20:35:20","SURIN_PUNE-BFW01","-","No operator","-","No component","-","-","-","11","00:02:58","00:16:39","00:00:00","00:00:00","NEW","","","","","","","",""
"801","20-06-2026 20:34:47","SURIN-BFW_XTRON_1","-","No operator","-","No component","44249","-","0","12","00:02:57","00:16:27","00:00:13","00:00:00","NEW","","","","","","","",""
"802","20-06-2026 20:29:50","SURIN_PUNE-BFW01","-","No operator","-","No component","-","-","-","10","00:02:58","00:02:33","00:00:00","00:00:00","NEW","","","","","","","",""
"803","20-06-2026 20:29:43","SURIN-BFW_XTRON_1","-","No operator","-","No component","-","-","-","11","00:02:50","00:02:15","00:00:00","00:00:00","NEW","","","","","","","",""
"804","20-06-2026 20:20:03","SURIN_PUNE-BFW01","-","No operator","-","No component","-","-","-","9","00:02:48","00:06:58","00:00:00","00:00:00","NEW","","","","","","","",""
"805","20-06-2026 20:19:08","SURIN-BFW_XTRON_1","-","No operator","-","No component","44249","-","0","10","00:02:37","00:07:37","00:00:21","00:00:00","NEW","","","","","","","",""
"806","20-06-2026 20:11:49","SURIN_PUNE-BFW01","-","No operator","-","No component","-","-","-","8","00:04:00","00:04:14","00:00:00","00:00:00","NEW","","","","","","","",""
"807","20-06-2026 20:11:16","SURIN-BFW_XTRON_1","-","No operator","-","No component","44249","-","0","9","00:03:09","00:04:34","00:00:11","00:00:00","NEW","","","","","","","",""
"808","20-06-2026 20:04:03","SURIN_PUNE-BFW01","-","No operator","-","No component","-","-","-","7","00:02:43","00:05:03","00:00:00","00:00:00","NEW","","","","","","","",""
"809","20-06-2026 20:03:16","SURIN-BFW_XTRON_1","-","No operator","-","No component","-","-","-","8","00:02:46","00:05:14","00:00:00","00:00:00","NEW","","","","","","","",""
"810","20-06-2026 19:41:49","SURIN_PUNE-BFW02","-","No operator","-","No component","-","-","-","461","00:55:39","00:10:18","00:00:00","00:00:00","NEW","","","","","","","",""
"811","20-06-2026 18:30:53","SURIN_PUNE-BFW01","-","No operator","-","No component","-","-","-","6","00:27:09","01:06:01","00:00:00","00:00:00","NEW","","","","","","","",""
"812","20-06-2026 18:30:20","SURIN-BFW_XTRON_1","-","No operator","-","No component","44249","-","0","7","00:26:02","01:06:20","00:00:34","00:00:00","NEW","","","","","","","",""
"813","20-06-2026 18:24:32","SURIN_PUNE-BFW01","-","No operator","-","No component","-","-","-","5","00:02:45","00:03:37","00:00:00","00:00:00","NEW","","","","","","","",""
"814","20-06-2026 18:23:58","SURIN-BFW_XTRON_1","-","No operator","-","No component","-","-","-","6","00:02:45","00:03:37","00:00:00","00:00:00","NEW","","","","","","","",""
"815","20-06-2026 18:21:31","SURIN_PUNE-BFW02","-","No operator","-","No component","-","-","-","460","00:59:16","00:13:35","00:00:00","00:00:00","NEW","","","","","","","",""
"816","20-06-2026 18:18:36","SURIN_PUNE-BFW01","-","No operator","-","No component","-","-","-","4","00:02:45","00:03:11","00:00:00","00:00:00","NEW","","","","","","","",""
"817","20-06-2026 18:18:02","SURIN-BFW_XTRON_1","-","No operator","-","No component","-","-","-","5","00:02:46","00:03:11","00:00:00","00:00:00","NEW","","","","","","","",""
"818","20-06-2026 18:09:50","SURIN_PUNE-BFW01","-","No operator","-","No component","-","-","-","3","00:02:35","00:06:11","00:00:00","00:00:00","NEW","","","","","","","",""
"819","20-06-2026 18:09:17","SURIN-BFW_XTRON_1","-","No operator","-","No component","-","-","-","4","00:02:46","00:05:59","00:00:00","00:00:00","NEW","","","","","","","",""
"820","20-06-2026 17:54:42","SURIN_PUNE-BFW02","-","No operator","-","No component","-","-","-","459","00:14:58","00:09:53","00:00:00","00:00:00","NEW","","","","","","","",""
"821","20-06-2026 17:53:10","SURIN_PUNE-BFW01","-","No operator","-","No component","-","-","-","2","00:02:43","00:13:57","00:00:00","00:00:00","NEW","","","","","","","",""
"822","20-06-2026 17:52:36","SURIN-BFW_XTRON_1","-","No operator","-","No component","-","-","-","3","00:02:45","00:13:56","00:00:00","00:00:00","NEW","","","","","","","",""
"823","20-06-2026 17:47:41","SURIN_PUNE-BFW01","-","No operator","-","No component","-","-","-","1","00:02:46","00:02:43","00:00:00","00:00:00","NEW","","","","","","","",""
"824","20-06-2026 17:47:09","SURIN-BFW_XTRON_1","-","No operator","-","No component","-","-","-","2","00:02:45","00:02:43","00:00:00","00:00:00","NEW","","","","","","","",""
"825","20-06-2026 17:43:04","SURIN_PUNE-BFW01","-","No operator","-","No component","-","-","-","0","00:02:46","00:01:51","00:00:00","00:00:00","NEW","","","","","","","",""
"826","20-06-2026 17:42:32","SURIN-BFW_XTRON_1","-","No operator","-","No component","-","-","-","1","00:02:46","00:01:51","00:00:00","00:00:00","NEW","","","","","","","",""
"827","20-06-2026 17:28:16","SURIN_PUNE-BFW01","-","No operator","-","No component","-","-","-","208","00:00:09","00:14:40","00:00:00","00:00:00","NEW","","","","","","","",""
"828","20-06-2026 17:27:43","SURIN-BFW_XTRON_1","-","No operator","-","No component","-","-","-","0","00:00:09","00:14:40","00:00:00","00:00:00","NEW","","","","","","","",""
"829","20-06-2026 17:24:54","SURIN_PUNE-BFW02","-","No operator","-","No component","-","-","-","458","00:15:09","00:12:30","00:00:00","00:00:00","NEW","","","","","","","",""
"830","20-06-2026 16:56:17","SURIN_PUNE-BFW02","-","No operator","-","No component","-","-","-","457","00:16:45","00:09:25","00:00:00","00:00:00","NEW","","","","","","","",""
"831","20-06-2026 16:21:56","SURIN_PUNE-BFW02","-","No operator","-","No component","-","-","-","456","00:16:07","00:14:20","00:00:00","00:00:00","NEW","","","","","","","",""
"832","20-06-2026 15:32:37","SURIN_PUNE-BFW02","-","No operator","-","No component","-","-","-","455","00:17:00","00:29:41","00:00:00","00:00:00","NEW","","","","","","","",""
"833","20-06-2026 14:43:53","SURIN_PUNE-BFW02","-","No operator","-","No component","-","-","-","454","00:16:19","00:28:13","00:00:00","00:00:00","NEW","","","","","","","",""
"834","20-06-2026 14:30:09","SURIN_PUNE-BFW01","-","No operator","-","No component","-","-","-","207","00:50:04","02:01:25","00:00:00","00:00:00","NEW","","","","","","","",""
"835","20-06-2026 14:29:36","SURIN-BFW_XTRON_1","-","No operator","-","No component","7||44249","-","0","208","00:49:50","02:06:14","00:02:04","00:00:00","NEW","","","","","","","",""
"836","20-06-2026 14:28:29","SURIN_PUNE-BFW01","-","No operator","-","No component","-","-","-","206","00:00:40","00:00:59","00:00:00","00:00:00","NEW","","","","","","","",""
"837","20-06-2026 14:27:57","SURIN-BFW_XTRON_1","-","No operator","-","No component","-","-","-","207","00:00:40","00:01:00","00:00:00","00:00:00","NEW","","","","","","","",""
"838","20-06-2026 14:26:58","SURIN_PUNE-BFW01","-","No operator","-","No component","-","-","-","205","00:00:39","00:00:52","00:00:00","00:00:00","NEW","","","","","","","",""
"839","20-06-2026 14:26:25","SURIN-BFW_XTRON_1","-","No operator","-","No component","-","-","-","206","00:00:39","00:00:53","00:00:00","00:00:00","NEW","","","","","","","",""
"840","20-06-2026 14:25:16","SURIN_PUNE-BFW01","-","No operator","-","No component","-","-","-","204","00:00:41","00:01:02","00:00:00","00:00:00","NEW","","","","","","","",""
"841","20-06-2026 14:24:43","SURIN-BFW_XTRON_1","-","No operator","-","No component","-","-","-","205","00:00:40","00:01:03","00:00:00","00:00:00","NEW","","","","","","","",""
"842","20-06-2026 14:23:03","SURIN_PUNE-BFW01","-","No operator","-","No component","-","-","-","203","00:00:39","00:01:33","00:00:00","00:00:00","NEW","","","","","","","",""
"843","20-06-2026 14:22:31","SURIN-BFW_XTRON_1","-","No operator","-","No component","-","-","-","204","00:00:39","00:01:33","00:00:00","00:00:00","NEW","","","","","","","",""
"844","20-06-2026 13:49:08","SURIN_PUNE-BFW01","-","No operator","-","No component","-","-","-","202","00:00:58","00:32:47","00:00:00","00:00:00","NEW","","","","","","","",""
"845","20-06-2026 13:48:35","SURIN-BFW_XTRON_1","-","No operator","-","No component","-","-","-","203","00:00:59","00:32:57","00:00:00","00:00:00","NEW","","","","","","","",""
"846","20-06-2026 13:48:14","SURIN_PUNE-BFW01","-","No operator","-","No component","-","-","-","201","00:00:40","00:00:14","00:00:00","00:00:00","NEW","","","","","","","",""
"847","20-06-2026 13:47:41","SURIN-BFW_XTRON_1","-","No operator","-","No component","-","-","-","202","00:00:40","00:00:15","00:00:00","00:00:00","NEW","","","","","","","",""
"848","20-06-2026 13:30:35","SURIN_PUNE-BFW01","-","No operator","-","No component","-","-","-","200","00:00:42","00:00:20","00:00:00","00:16:38","NEW","","","","","","","",""
"849","20-06-2026 13:30:23","SURIN_PUNE-BFW02","-","No operator","-","No component","-","-","-","453","00:58:14","00:10:34","00:00:00","00:04:42","NEW","","","","","","","",""
"850","20-06-2026 13:25:19","SURIN_PUNE-BFW02","-","No operator","-","No component","-","-","-","0","00:00:00","00:00:00","00:05:03","00:00:00","NEW","","","","","","","",""
"851","20-06-2026 13:24:17","SURIN_PUNE-BFW01","-","No operator","-","No component","-","-","-","0","00:00:00","00:00:00","00:06:17","00:00:00","NEW","","","","","","","",""
"852","20-06-2026 13:22:21","SURIN_PUNE-BFW01","-","No operator","-","No component","-","-","-","200","00:01:12","00:00:45","00:00:00","00:00:00","NEW","","","","","","","",""
"853","20-06-2026 13:21:49","SURIN-BFW_XTRON_1","-","No operator","-","No component","7","-","0","201","00:01:27","00:01:04","00:06:46","00:16:36","NEW","","","","","","","",""
"854","20-06-2026 13:20:49","SURIN_PUNE-BFW01","-","No operator","-","No component","-","-","-","199","00:00:36","00:00:56","00:00:00","00:00:00","NEW","","","","","","","",""
"855","20-06-2026 13:20:16","SURIN-BFW_XTRON_1","-","No operator","-","No component","-","-","-","200","00:00:37","00:00:57","00:00:00","00:00:00","NEW","","","","","","","",""
"856","20-06-2026 13:19:15","SURIN_PUNE-BFW01","-","No operator","-","No component","-","-","-","198","00:00:33","00:01:01","00:00:00","00:00:00","NEW","","","","","","","",""
"857","20-06-2026 13:18:42","SURIN-BFW_XTRON_1","-","No operator","-","No component","-","-","-","199","00:00:36","00:00:58","00:00:00","00:00:00","NEW","","","","","","","",""
"858","20-06-2026 13:01:35","SURIN_PUNE-BFW01","-","No operator","-","No component","-","-","-","197","00:00:24","00:00:55","00:00:00","00:16:21","NEW","","","","","","","",""
"859","20-06-2026 13:01:24","SURIN_PUNE-BFW02","-","No operator","-","No component","-","-","-","453","00:19:21","00:01:40","00:00:00","00:02:48","NEW","","","","","","","",""
"860","20-06-2026 12:57:20","SURIN_PUNE-BFW02","-","No operator","-","No component","-","-","-","0","00:00:00","00:00:00","00:04:04","00:00:00","NEW","","","","","","","",""
"861","20-06-2026 12:57:06","SURIN_PUNE-BFW01","-","No operator","-","No component","-","-","-","0","00:00:00","00:00:00","00:04:29","00:00:00","NEW","","","","","","","",""
"862","20-06-2026 12:31:53","SURIN_PUNE-BFW02","-","No operator","-","No component","-","-","-","453","00:10:01","00:08:42","00:00:00","00:00:00","NEW","","","","","","","",""
"863","20-06-2026 12:31:12","SURIN_PUNE-BFW01","-","No operator","-","No component","-","-","-","197","00:00:00","00:25:53","00:00:00","00:00:00","NEW","","","","","","","",""
"864","20-06-2026 12:30:40","SURIN-BFW_XTRON_1","-","No operator","-","No component","7","-","0","198","00:00:25","00:26:22","00:04:55","00:16:21","NEW","","","","","","","",""
"865","20-06-2026 12:30:11","SURIN_PUNE-BFW01","-","No operator","-","No component","-","-","-","196","00:00:36","00:00:26","00:00:00","00:00:00","NEW","","","","","","","",""
"866","20-06-2026 12:29:35","SURIN-BFW_XTRON_1","-","No operator","-","No component","-","-","-","197","00:00:37","00:00:29","00:00:00","00:00:00","NEW","","","","","","","",""
"867","20-06-2026 12:28:50","SURIN_PUNE-BFW01","-","No operator","-","No component","-","-","-","195","00:00:41","00:00:40","00:00:00","00:00:00","NEW","","","","","","","",""
"868","20-06-2026 12:28:18","SURIN-BFW_XTRON_1","-","No operator","-","No component","-","-","-","196","00:00:38","00:00:39","00:00:00","00:00:00","NEW","","","","","","","",""
"869","20-06-2026 12:27:23","SURIN_PUNE-BFW01","-","No operator","-","No component","-","-","-","194","00:00:36","00:00:51","00:00:00","00:00:00","NEW","","","","","","","",""
"870","20-06-2026 12:26:50","SURIN-BFW_XTRON_1","-","No operator","-","No component","-","-","-","195","00:00:37","00:00:51","00:00:00","00:00:00","NEW","","","","","","","",""
"871","20-06-2026 12:26:02","SURIN_PUNE-BFW01","-","No operator","-","No component","-","-","-","193","00:00:36","00:00:45","00:00:00","00:00:00","NEW","","","","","","","",""
"872","20-06-2026 12:25:29","SURIN-BFW_XTRON_1","-","No operator","-","No component","-","-","-","194","00:00:37","00:00:45","00:00:00","00:00:00","NEW","","","","","","","",""
"873","20-06-2026 12:24:51","SURIN_PUNE-BFW01","-","No operator","-","No component","-","-","-","192","00:00:37","00:00:34","00:00:00","00:00:00","NEW","","","","","","","",""
"874","20-06-2026 12:24:18","SURIN-BFW_XTRON_1","-","No operator","-","No component","-","-","-","193","00:00:37","00:00:35","00:00:00","00:00:00","NEW","","","","","","","",""
"875","20-06-2026 12:23:43","SURIN_PUNE-BFW01","-","No operator","-","No component","-","-","-","191","00:00:36","00:00:31","00:00:00","00:00:00","NEW","","","","","","","",""
"876","20-06-2026 12:23:09","SURIN-BFW_XTRON_1","-","No operator","-","No component","-","-","-","192","00:00:36","00:00:33","00:00:00","00:00:00","NEW","","","","","","","",""
"877","20-06-2026 12:21:58","SURIN_PUNE-BFW01","-","No operator","-","No component","-","-","-","190","00:00:38","00:01:07","00:00:00","00:00:00","NEW","","","","","","","",""
"878","20-06-2026 12:21:25","SURIN-BFW_XTRON_1","-","No operator","-","No component","-","-","-","191","00:00:37","00:01:08","00:00:00","00:00:00","NEW","","","","","","","",""
"879","20-06-2026 12:18:32","SURIN_PUNE-BFW01","-","No operator","-","No component","-","-","-","189","00:00:37","00:02:49","00:00:00","00:00:00","NEW","","","","","","","",""
"880","20-06-2026 12:17:58","SURIN-BFW_XTRON_1","-","No operator","-","No component","-","-","-","190","00:00:36","00:02:51","00:00:00","00:00:00","NEW","","","","","","","",""
"881","20-06-2026 12:14:44","SURIN_PUNE-BFW01","-","No operator","-","No component","-","-","-","188","00:00:37","00:03:11","00:00:00","00:00:00","NEW","","","","","","","",""
"882","20-06-2026 12:14:11","SURIN-BFW_XTRON_1","-","No operator","-","No component","-","-","-","189","00:00:37","00:03:11","00:00:00","00:00:00","NEW","","","","","","","",""
"883","20-06-2026 12:12:45","SURIN_PUNE-BFW01","-","No operator","-","No component","-","-","-","187","00:00:31","00:01:28","00:00:00","00:00:00","NEW","","","","","","","",""
"884","20-06-2026 12:12:10","SURIN-BFW_XTRON_1","-","No operator","-","No component","-","-","-","188","00:00:36","00:01:25","00:00:00","00:00:00","NEW","","","","","","","",""
"885","20-06-2026 12:11:53","SURIN_PUNE-BFW01","-","No operator","-","No component","-","-","-","186","00:00:40","00:00:12","00:00:00","00:00:00","NEW","","","","","","","",""
"886","20-06-2026 12:11:07","SURIN-BFW_XTRON_1","-","No operator","-","No component","-","-","-","187","00:00:39","00:00:25","00:00:00","00:00:00","NEW","","","","","","","",""
"887","20-06-2026 12:10:17","SURIN_PUNE-BFW01","-","No operator","-","No component","-","-","-","185","00:00:54","00:00:42","00:00:00","00:00:00","NEW","","","","","","","",""
"888","20-06-2026 12:09:45","SURIN-BFW_XTRON_1","-","No operator","-","No component","-","-","-","186","00:00:40","00:00:42","00:00:00","00:00:00","NEW","","","","","","","",""
"889","20-06-2026 12:08:18","SURIN_PUNE-BFW01","-","No operator","-","No component","-","-","-","184","00:00:36","00:01:24","00:00:00","00:00:00","NEW","","","","","","","",""
"890","20-06-2026 12:07:44","SURIN-BFW_XTRON_1","-","No operator","-","No component","-","-","-","185","00:00:37","00:01:25","00:00:00","00:00:00","NEW","","","","","","","",""
"891","20-06-2026 12:02:13","SURIN_PUNE-BFW01","-","No operator","-","No component","-","-","-","183","00:00:37","00:05:28","00:00:00","00:00:00","NEW","","","","","","","",""
"892","20-06-2026 12:01:41","SURIN-BFW_XTRON_1","-","No operator","-","No component","-","-","-","184","00:00:37","00:05:27","00:00:00","00:00:00","NEW","","","","","","","",""
"893","20-06-2026 12:00:20","SURIN_PUNE-BFW01","-","No operator","-","No component","-","-","-","182","00:00:36","00:01:17","00:00:00","00:00:00","NEW","","","","","","","",""
"894","20-06-2026 11:59:47","SURIN-BFW_XTRON_1","-","No operator","-","No component","-","-","-","183","00:00:36","00:01:18","00:00:00","00:00:00","NEW","","","","","","","",""
"895","20-06-2026 11:59:10","SURIN_PUNE-BFW01","-","No operator","-","No component","-","-","-","181","00:00:38","00:00:32","00:00:00","00:00:00","NEW","","","","","","","",""
"896","20-06-2026 11:58:38","SURIN-BFW_XTRON_1","-","No operator","-","No component","-","-","-","182","00:00:37","00:00:33","00:00:00","00:00:00","NEW","","","","","","","",""
"897","20-06-2026 11:58:04","SURIN_PUNE-BFW01","-","No operator","-","No component","-","-","-","180","00:00:33","00:00:34","00:00:00","00:00:00","NEW","","","","","","","",""
"898","20-06-2026 11:57:31","SURIN-BFW_XTRON_1","-","No operator","-","No component","-","-","-","181","00:00:37","00:00:30","00:00:00","00:00:00","NEW","","","","","","","",""
"899","20-06-2026 11:57:00","SURIN_PUNE-BFW01","-","No operator","-","No component","-","-","-","179","00:00:36","00:00:28","00:00:00","00:00:00","NEW","","","","","","","",""
"900","20-06-2026 11:56:27","SURIN-BFW_XTRON_1","-","No operator","-","No component","-","-","-","180","00:00:37","00:00:28","00:00:00","00:00:00","NEW","","","","","","","",""
"901","20-06-2026 11:53:44","SURIN_PUNE-BFW01","-","No operator","-","No component","-","-","-","178","00:00:35","00:02:40","00:00:00","00:00:00","NEW","","","","","","","",""
"902","20-06-2026 11:53:12","SURIN-BFW_XTRON_1","-","No operator","-","No component","-","-","-","179","00:00:34","00:02:41","00:00:00","00:00:00","NEW","","","","","","","",""
"903","20-06-2026 11:51:55","SURIN_PUNE-BFW01","-","No operator","-","No component","-","-","-","177","00:00:33","00:01:16","00:00:00","00:00:00","NEW","","","","","","","",""
"904","20-06-2026 11:51:23","SURIN-BFW_XTRON_1","-","No operator","-","No component","-","-","-","178","00:00:35","00:01:15","00:00:00","00:00:00","NEW","","","","","","","",""
"905","20-06-2026 11:50:49","SURIN_PUNE-BFW01","-","No operator","-","No component","-","-","-","176","00:00:34","00:00:33","00:00:00","00:00:00","NEW","","","","","","","",""
"906","20-06-2026 11:50:17","SURIN-BFW_XTRON_1","-","No operator","-","No component","-","-","-","177","00:00:35","00:00:32","00:00:00","00:00:00","NEW","","","","","","","",""
"907","20-06-2026 11:05:51","SURIN_PUNE-BFW01","-","No operator","-","No component","-","-","-","175","00:00:34","00:44:25","00:00:00","00:00:00","NEW","","","","","","","",""
"908","20-06-2026 11:05:11","SURIN-BFW_XTRON_1","-","No operator","-","No component","-","-","-","176","00:00:34","00:44:32","00:00:00","00:00:00","NEW","","","","","","","",""
"909","20-06-2026 11:04:42","SURIN_PUNE-BFW01","-","No operator","-","No component","-","-","-","174","00:00:40","00:00:28","00:00:00","00:00:00","NEW","","","","","","","",""
"910","20-06-2026 11:04:09","SURIN-BFW_XTRON_1","-","No operator","-","No component","-","-","-","175","00:00:34","00:00:29","00:00:00","00:00:00","NEW","","","","","","","",""
"911","20-06-2026 11:03:33","SURIN_PUNE-BFW01","-","No operator","-","No component","-","-","-","173","00:00:34","00:00:35","00:00:00","00:00:00","NEW","","","","","","","",""
"912","20-06-2026 11:03:01","SURIN-BFW_XTRON_1","-","No operator","-","No component","-","-","-","174","00:00:34","00:00:34","00:00:00","00:00:00","NEW","","","","","","","",""
"913","20-06-2026 11:02:28","SURIN_PUNE-BFW01","-","No operator","-","No component","-","-","-","172","00:00:33","00:00:32","00:00:00","00:00:00","NEW","","","","","","","",""
"914","20-06-2026 11:01:56","SURIN-BFW_XTRON_1","-","No operator","-","No component","-","-","-","173","00:00:34","00:00:32","00:00:00","00:00:00","NEW","","","","","","","",""
"915","20-06-2026 11:00:44","SURIN_PUNE-BFW01","-","No operator","-","No component","-","-","-","171","00:00:33","00:01:10","00:00:00","00:00:00","NEW","","","","","","","",""
"916","20-06-2026 11:00:12","SURIN-BFW_XTRON_1","-","No operator","-","No component","-","-","-","172","00:00:34","00:01:10","00:00:00","00:00:00","NEW","","","","","","","",""
"917","20-06-2026 10:59:09","SURIN_PUNE-BFW01","-","No operator","-","No component","-","-","-","170","00:00:33","00:01:02","00:00:00","00:00:00","NEW","","","","","","","",""
"918","20-06-2026 10:58:34","SURIN-BFW_XTRON_1","-","No operator","-","No component","-","-","-","171","00:00:34","00:01:05","00:00:00","00:00:00","NEW","","","","","","","",""
"919","20-06-2026 10:58:03","SURIN_PUNE-BFW01","-","No operator","-","No component","-","-","-","169","00:00:37","00:00:29","00:00:00","00:00:00","NEW","","","","","","","",""
"920","20-06-2026 10:57:31","SURIN-BFW_XTRON_1","-","No operator","-","No component","-","-","-","170","00:00:33","00:00:30","00:00:00","00:00:00","NEW","","","","","","","",""
"921","20-06-2026 10:56:59","SURIN_PUNE-BFW01","-","No operator","-","No component","-","-","-","168","00:00:33","00:00:31","00:00:00","00:00:00","NEW","","","","","","","",""
"922","20-06-2026 10:56:26","SURIN-BFW_XTRON_1","-","No operator","-","No component","-","-","-","169","00:00:34","00:00:31","00:00:00","00:00:00","NEW","","","","","","","",""
"923","20-06-2026 10:55:05","SURIN_PUNE-BFW01","-","No operator","-","No component","-","-","-","167","00:00:34","00:01:20","00:00:00","00:00:00","NEW","","","","","","","",""
"924","20-06-2026 10:54:32","SURIN-BFW_XTRON_1","-","No operator","-","No component","-","-","-","168","00:00:33","00:01:21","00:00:00","00:00:00","NEW","","","","","","","",""
"925","20-06-2026 10:53:23","SURIN_PUNE-BFW01","-","No operator","-","No component","-","-","-","166","00:00:34","00:01:09","00:00:00","00:00:00","NEW","","","","","","","",""
"926","20-06-2026 10:52:52","SURIN-BFW_XTRON_1","-","No operator","-","No component","-","-","-","167","00:00:34","00:01:07","00:00:00","00:00:00","NEW","","","","","","","",""
"927","20-06-2026 10:52:19","SURIN_PUNE-BFW01","-","No operator","-","No component","-","-","-","165","00:00:34","00:00:30","00:00:00","00:00:00","NEW","","","","","","","",""
"928","20-06-2026 10:51:44","SURIN-BFW_XTRON_1","-","No operator","-","No component","-","-","-","166","00:00:35","00:00:33","00:00:00","00:00:00","NEW","","","","","","","",""
"929","20-06-2026 10:50:23","SURIN_PUNE-BFW01","-","No operator","-","No component","-","-","-","164","00:00:36","00:01:20","00:00:00","00:00:00","NEW","","","","","","","",""
"930","20-06-2026 10:49:51","SURIN-BFW_XTRON_1","-","No operator","-","No component","-","-","-","165","00:00:34","00:01:20","00:00:00","00:00:00","NEW","","","","","","","",""
"931","20-06-2026 10:48:57","SURIN_PUNE-BFW01","-","No operator","-","No component","-","-","-","163","00:00:29","00:00:56","00:00:00","00:00:00","NEW","","","","","","","",""
"932","20-06-2026 10:48:24","SURIN-BFW_XTRON_1","-","No operator","-","No component","-","-","-","164","00:00:33","00:00:54","00:00:00","00:00:00","NEW","","","","","","","",""
"933","20-06-2026 10:47:51","SURIN_PUNE-BFW01","-","No operator","-","No component","-","-","-","162","00:00:34","00:00:33","00:00:00","00:00:00","NEW","","","","","","","",""
"934","20-06-2026 10:47:18","SURIN-BFW_XTRON_1","-","No operator","-","No component","-","-","-","163","00:00:34","00:00:33","00:00:00","00:00:00","NEW","","","","","","","",""
"935","20-06-2026 10:46:48","SURIN_PUNE-BFW01","-","No operator","-","No component","-","-","-","161","00:00:33","00:00:30","00:00:00","00:00:00","NEW","","","","","","","",""
"936","20-06-2026 10:46:15","SURIN-BFW_XTRON_1","-","No operator","-","No component","-","-","-","162","00:00:34","00:00:30","00:00:00","00:00:00","NEW","","","","","","","",""
"937","20-06-2026 10:45:44","SURIN_PUNE-BFW01","-","No operator","-","No component","-","-","-","160","00:00:35","00:00:28","00:00:00","00:00:00","NEW","","","","","","","",""
"938","20-06-2026 10:45:11","SURIN-BFW_XTRON_1","-","No operator","-","No component","-","-","-","161","00:00:34","00:00:30","00:00:00","00:00:00","NEW","","","","","","","",""
"939","20-06-2026 10:44:33","SURIN_PUNE-BFW01","-","No operator","-","No component","-","-","-","159","00:00:34","00:00:38","00:00:00","00:00:00","NEW","","","","","","","",""
"940","20-06-2026 10:43:58","SURIN-BFW_XTRON_1","-","No operator","-","No component","-","-","-","160","00:00:33","00:00:40","00:00:00","00:00:00","NEW","","","","","","","",""
"941","20-06-2026 10:43:30","SURIN_PUNE-BFW01","-","No operator","-","No component","-","-","-","158","00:00:36","00:00:26","00:00:00","00:00:00","NEW","","","","","","","",""
"942","20-06-2026 10:42:58","SURIN-BFW_XTRON_1","-","No operator","-","No component","-","-","-","159","00:00:34","00:00:27","00:00:00","00:00:00","NEW","","","","","","","",""
"943","20-06-2026 10:42:15","SURIN_PUNE-BFW01","-","No operator","-","No component","-","-","-","157","00:00:33","00:00:42","00:00:00","00:00:00","NEW","","","","","","","",""
"944","20-06-2026 10:41:43","SURIN-BFW_XTRON_1","-","No operator","-","No component","-","-","-","158","00:00:33","00:00:42","00:00:00","00:00:00","NEW","","","","","","","",""
"945","20-06-2026 10:40:54","SURIN_PUNE-BFW01","-","No operator","-","No component","-","-","-","156","00:00:34","00:00:48","00:00:00","00:00:00","NEW","","","","","","","",""
"946","20-06-2026 10:40:21","SURIN-BFW_XTRON_1","-","No operator","-","No component","-","-","-","157","00:00:34","00:00:49","00:00:00","00:00:00","NEW","","","","","","","",""
"947","20-06-2026 10:39:39","SURIN_PUNE-BFW01","-","No operator","-","No component","-","-","-","155","00:00:34","00:00:41","00:00:00","00:00:00","NEW","","","","","","","",""
"948","20-06-2026 10:39:05","SURIN-BFW_XTRON_1","-","No operator","-","No component","-","-","-","156","00:00:34","00:00:43","00:00:00","00:00:00","NEW","","","","","","","",""
"949","20-06-2026 10:37:44","SURIN_PUNE-BFW01","-","No operator","-","No component","-","-","-","154","00:00:35","00:01:20","00:00:00","00:00:00","NEW","","","","","","","",""
"950","20-06-2026 10:37:12","SURIN-BFW_XTRON_1","-","No operator","-","No component","-","-","-","155","00:00:33","00:01:20","00:00:00","00:00:00","NEW","","","","","","","",""
"951","20-06-2026 10:36:19","SURIN_PUNE-BFW01","-","No operator","-","No component","-","-","-","153","00:00:34","00:00:51","00:00:00","00:00:00","NEW","","","","","","","",""
"952","20-06-2026 10:35:47","SURIN-BFW_XTRON_1","-","No operator","-","No component","-","-","-","154","00:00:34","00:00:51","00:00:00","00:00:00","NEW","","","","","","","",""
"953","20-06-2026 10:34:07","SURIN_PUNE-BFW01","-","No operator","-","No component","-","-","-","152","00:00:49","00:01:22","00:00:00","00:00:00","NEW","","","","","","","",""
"954","20-06-2026 10:33:35","SURIN-BFW_XTRON_1","-","No operator","-","No component","-","-","-","153","00:00:50","00:01:23","00:00:00","00:00:00","NEW","","","","","","","",""
"955","20-06-2026 10:33:05","SURIN_PUNE-BFW01","-","No operator","-","No component","-","-","-","151","00:00:34","00:00:28","00:00:00","00:00:00","NEW","","","","","","","",""
"956","20-06-2026 10:32:33","SURIN-BFW_XTRON_1","-","No operator","-","No component","-","-","-","152","00:00:33","00:00:29","00:00:00","00:00:00","NEW","","","","","","","",""
"957","20-06-2026 10:31:47","SURIN_PUNE-BFW01","-","No operator","-","No component","-","-","-","150","00:00:33","00:00:45","00:00:00","00:00:00","NEW","","","","","","","",""
"958","20-06-2026 10:31:14","SURIN-BFW_XTRON_1","-","No operator","-","No component","-","-","-","151","00:00:34","00:00:45","00:00:00","00:00:00","NEW","","","","","","","",""
"959","20-06-2026 10:30:49","SURIN_PUNE-BFW01","-","No operator","-","No component","-","-","-","149","00:00:33","00:00:25","00:00:00","00:00:00","NEW","","","","","","","",""
"960","20-06-2026 10:30:16","SURIN-BFW_XTRON_1","-","No operator","-","No component","-","-","-","150","00:00:33","00:00:26","00:00:00","00:00:00","NEW","","","","","","","",""
"961","20-06-2026 10:29:28","SURIN_PUNE-BFW01","-","No operator","-","No component","-","-","-","148","00:00:34","00:00:47","00:00:00","00:00:00","NEW","","","","","","","",""
"962","20-06-2026 10:28:56","SURIN-BFW_XTRON_1","-","No operator","-","No component","-","-","-","149","00:00:33","00:00:48","00:00:00","00:00:00","NEW","","","","","","","",""
"963","20-06-2026 10:27:30","SURIN_PUNE-BFW01","-","No operator","-","No component","-","-","-","147","00:00:34","00:01:25","00:00:00","00:00:00","NEW","","","","","","","",""
"964","20-06-2026 10:26:58","SURIN-BFW_XTRON_1","-","No operator","-","No component","-","-","-","148","00:00:34","00:01:25","00:00:00","00:00:00","NEW","","","","","","","",""
"965","20-06-2026 10:26:22","SURIN_PUNE-BFW01","-","No operator","-","No component","-","-","-","146","00:00:33","00:00:35","00:00:00","00:00:00","NEW","","","","","","","",""
"966","20-06-2026 10:25:49","SURIN-BFW_XTRON_1","-","No operator","-","No component","-","-","-","147","00:00:33","00:00:36","00:00:00","00:00:00","NEW","","","","","","","",""
"967","20-06-2026 10:24:33","SURIN_PUNE-BFW01","-","No operator","-","No component","-","-","-","145","00:00:34","00:01:14","00:00:00","00:00:00","NEW","","","","","","","",""
"968","20-06-2026 10:24:01","SURIN-BFW_XTRON_1","-","No operator","-","No component","-","-","-","146","00:00:35","00:01:14","00:00:00","00:00:00","NEW","","","","","","","",""
"969","20-06-2026 10:23:01","SURIN_PUNE-BFW01","-","No operator","-","No component","-","-","-","144","00:00:52","00:00:40","00:00:00","00:00:00","NEW","","","","","","","",""
"970","20-06-2026 10:22:28","SURIN-BFW_XTRON_1","-","No operator","-","No component","-","-","-","145","00:00:53","00:00:40","00:00:00","00:00:00","NEW","","","","","","","",""
"971","20-06-2026 10:14:54","SURIN_PUNE-BFW01","-","No operator","-","No component","-","-","-","143","00:00:50","00:07:17","00:00:00","00:00:00","NEW","","","","","","","",""
"972","20-06-2026 10:14:22","SURIN-BFW_XTRON_1","-","No operator","-","No component","-","-","-","144","00:00:50","00:07:17","00:00:00","00:00:00","NEW","","","","","","","",""
"973","20-06-2026 10:13:32","SURIN_PUNE-BFW01","-","No operator","-","No component","-","-","-","142","00:00:46","00:00:37","00:00:00","00:00:00","NEW","","","","","","","",""
"974","20-06-2026 10:12:57","SURIN-BFW_XTRON_1","-","No operator","-","No component","-","-","-","143","00:00:45","00:00:40","00:00:00","00:00:00","NEW","","","","","","","",""
"975","20-06-2026 10:12:07","SURIN_PUNE-BFW01","-","No operator","-","No component","-","-","-","141","00:00:29","00:00:55","00:00:00","00:00:00","NEW","","","","","","","",""
"976","20-06-2026 10:11:35","SURIN-BFW_XTRON_1","-","No operator","-","No component","-","-","-","142","00:00:49","00:00:34","00:00:00","00:00:00","NEW","","","","","","","",""
"977","20-06-2026 10:10:39","SURIN_PUNE-BFW01","-","No operator","-","No component","-","-","-","140","00:00:48","00:00:40","00:00:00","00:00:00","NEW","","","","","","","",""
"978","20-06-2026 10:10:07","SURIN-BFW_XTRON_1","-","No operator","-","No component","-","-","-","141","00:00:48","00:00:40","00:00:00","00:00:00","NEW","","","","","","","",""
"979","20-06-2026 10:09:16","SURIN_PUNE-BFW01","-","No operator","-","No component","-","-","-","139","00:00:47","00:00:36","00:00:00","00:00:00","NEW","","","","","","","",""
"980","20-06-2026 10:08:44","SURIN-BFW_XTRON_1","-","No operator","-","No component","-","-","-","140","00:00:48","00:00:36","00:00:00","00:00:00","NEW","","","","","","","",""
"981","20-06-2026 10:07:04","SURIN_PUNE-BFW01","-","No operator","-","No component","-","-","-","138","00:00:47","00:01:24","00:00:00","00:00:00","NEW","","","","","","","",""
"982","20-06-2026 10:06:32","SURIN-BFW_XTRON_1","-","No operator","-","No component","-","-","-","139","00:00:48","00:01:25","00:00:00","00:00:00","NEW","","","","","","","",""
"983","20-06-2026 10:05:43","SURIN_PUNE-BFW01","-","No operator","-","No component","-","-","-","137","00:00:48","00:00:34","00:00:00","00:00:00","NEW","","","","","","","",""
"984","20-06-2026 10:05:10","SURIN-BFW_XTRON_1","-","No operator","-","No component","-","-","-","138","00:00:48","00:00:34","00:00:00","00:00:00","NEW","","","","","","","",""
"985","20-06-2026 10:04:28","SURIN_PUNE-BFW01","-","No operator","-","No component","-","-","-","136","00:00:47","00:00:28","00:00:00","00:00:00","NEW","","","","","","","",""
"986","20-06-2026 10:03:56","SURIN-BFW_XTRON_1","-","No operator","-","No component","-","-","-","137","00:00:48","00:00:27","00:00:00","00:00:00","NEW","","","","","","","",""
"987","20-06-2026 10:02:58","SURIN_PUNE-BFW01","-","No operator","-","No component","-","-","-","135","00:00:48","00:00:42","00:00:00","00:00:00","NEW","","","","","","","",""
"988","20-06-2026 10:02:25","SURIN-BFW_XTRON_1","-","No operator","-","No component","-","-","-","136","00:00:48","00:00:43","00:00:00","00:00:00","NEW","","","","","","","",""
"989","20-06-2026 09:56:15","SURIN_PUNE-BFW01","-","No operator","-","No component","-","-","-","134","00:00:47","00:05:55","00:00:00","00:00:00","NEW","","","","","","","",""
"990","20-06-2026 09:55:43","SURIN-BFW_XTRON_1","-","No operator","-","No component","-","-","-","135","00:00:48","00:05:55","00:00:00","00:00:00","NEW","","","","","","","",""
"991","20-06-2026 09:54:13","SURIN_PUNE-BFW01","-","No operator","-","No component","-","-","-","133","00:00:47","00:01:15","00:00:00","00:00:00","NEW","","","","","","","",""
"992","20-06-2026 09:53:40","SURIN-BFW_XTRON_1","-","No operator","-","No component","-","-","-","134","00:00:47","00:01:16","00:00:00","00:00:00","NEW","","","","","","","",""
"993","20-06-2026 09:52:35","SURIN_PUNE-BFW01","-","No operator","-","No component","-","-","-","132","00:00:47","00:00:50","00:00:00","00:00:00","NEW","","","","","","","",""
"994","20-06-2026 09:52:02","SURIN-BFW_XTRON_1","-","No operator","-","No component","-","-","-","133","00:00:48","00:00:51","00:00:00","00:00:00","NEW","","","","","","","",""
"995","20-06-2026 09:49:31","SURIN_PUNE-BFW02","-","No operator","-","No component","-","-","-","452","00:55:12","01:39:57","00:00:00","00:00:00","NEW","","","","","","","",""
"996","20-06-2026 09:32:49","SURIN_PUNE-BFW01","-","No operator","-","No component","-","-","-","131","00:00:47","00:18:59","00:00:00","00:00:00","NEW","","","","","","","",""
"997","20-06-2026 09:32:16","SURIN-BFW_XTRON_1","-","No operator","-","No component","7","-","0","132","00:00:48","00:18:53","00:00:06","00:00:00","NEW","","","","","","","",""
"998","20-06-2026 09:31:08","SURIN_PUNE-BFW01","-","No operator","-","No component","-","-","-","130","00:00:47","00:00:54","00:00:00","00:00:00","NEW","","","","","","","",""
"999","20-06-2026 09:30:37","SURIN-BFW_XTRON_1","-","No operator","-","No component","-","-","-","131","00:00:48","00:00:52","00:00:00","00:00:00","NEW","","","","","","","",""
"1000","20-06-2026 09:29:12","SURIN_PUNE-BFW01","-","No operator","-","No component","-","-","-","129","00:00:48","00:01:09","00:00:00","00:00:00","NEW","","","","","","","",""
"1001","20-06-2026 09:28:39","SURIN-BFW_XTRON_1","-","No operator","-","No component","-","-","-","130","00:00:49","00:01:10","00:00:00","00:00:00","NEW","","","","","","","",""
"1002","20-06-2026 09:24:54","SURIN_PUNE-BFW01","-","No operator","-","No component","-","-","-","128","00:00:49","00:03:29","00:00:00","00:00:00","NEW","","","","","","","",""
"1003","20-06-2026 09:24:21","SURIN-BFW_XTRON_1","-","No operator","-","No component","-","-","-","129","00:00:48","00:03:30","00:00:00","00:00:00","NEW","","","","","","","",""
"1004","20-06-2026 09:23:12","SURIN_PUNE-BFW01","-","No operator","-","No component","-","-","-","127","00:00:48","00:00:54","00:00:00","00:00:00","NEW","","","","","","","",""
"1005","20-06-2026 09:22:39","SURIN-BFW_XTRON_1","-","No operator","-","No component","-","-","-","128","00:00:48","00:00:55","00:00:00","00:00:00","NEW","","","","","","","",""
"1006","20-06-2026 09:21:25","SURIN-BFW_XTRON_1","-","No operator","-","No component","-","-","-","127","00:00:49","00:00:26","00:00:00","00:00:00","NEW","","","","","","","",""
"1007","20-06-2026 09:21:17","SURIN_PUNE-BFW01","-","No operator","-","No component","-","-","-","126","00:00:49","00:01:06","00:00:00","00:00:00","NEW","","","","","","","",""
"1008","20-06-2026 09:19:40","SURIN_PUNE-BFW01","-","No operator","-","No component","-","-","-","125","00:00:47","00:00:50","00:00:00","00:00:00","NEW","","","","","","","",""
"1009","20-06-2026 09:19:07","SURIN-BFW_XTRON_1","-","No operator","-","No component","-","-","-","126","00:01:28","00:00:50","00:00:00","00:00:00","NEW","","","","","","","",""
"1010","20-06-2026 09:17:17","SURIN_PUNE-BFW01","-","No operator","-","No component","-","-","-","124","00:00:48","00:01:35","00:00:00","00:00:00","NEW","","","","","","","",""
"1011","20-06-2026 09:16:44","SURIN-BFW_XTRON_1","-","No operator","-","No component","-","-","-","125","00:00:47","00:01:36","00:00:00","00:00:00","NEW","","","","","","","",""
"1012","20-06-2026 09:15:15","SURIN_PUNE-BFW01","-","No operator","-","No component","-","-","-","123","00:00:36","00:01:26","00:00:00","00:00:00","NEW","","","","","","","",""
"1013","20-06-2026 09:14:42","SURIN-BFW_XTRON_1","-","No operator","-","No component","-","-","-","124","00:00:36","00:01:27","00:00:00","00:00:00","NEW","","","","","","","",""
"1014","20-06-2026 09:13:58","SURIN_PUNE-BFW01","-","No operator","-","No component","-","-","-","122","00:00:36","00:00:41","00:00:00","00:00:00","NEW","","","","","","","",""
"1015","20-06-2026 09:13:25","SURIN-BFW_XTRON_1","-","No operator","-","No component","-","-","-","123","00:00:36","00:00:42","00:00:00","00:00:00","NEW","","","","","","","",""
"1016","20-06-2026 09:11:40","SURIN_PUNE-BFW01","-","No operator","-","No component","-","-","-","121","00:00:39","00:01:38","00:00:00","00:00:00","NEW","","","","","","","",""
"1017","20-06-2026 09:11:08","SURIN-BFW_XTRON_1","-","No operator","-","No component","-","-","-","122","00:00:39","00:01:39","00:00:00","00:00:00","NEW","","","","","","","",""
"1018","20-06-2026 09:09:56","SURIN_PUNE-BFW01","-","No operator","-","No component","-","-","-","120","00:00:36","00:01:09","00:00:00","00:00:00","NEW","","","","","","","",""
"1019","20-06-2026 09:09:23","SURIN-BFW_XTRON_1","-","No operator","-","No component","-","-","-","121","00:00:36","00:01:10","00:00:00","00:00:00","NEW","","","","","","","",""
"1020","20-06-2026 09:07:48","SURIN_PUNE-BFW01","-","No operator","-","No component","-","-","-","119","00:00:44","00:01:23","00:00:00","00:00:00","NEW","","","","","","","",""
"1021","20-06-2026 09:07:16","SURIN-BFW_XTRON_1","-","No operator","-","No component","-","-","-","120","00:00:44","00:01:23","00:00:00","00:00:00","NEW","","","","","","","",""
"1022","20-06-2026 09:06:02","SURIN_PUNE-BFW01","-","No operator","-","No component","-","-","-","118","00:00:36","00:01:10","00:00:00","00:00:00","NEW","","","","","","","",""
"1023","20-06-2026 09:05:30","SURIN-BFW_XTRON_1","-","No operator","-","No component","-","-","-","119","00:00:37","00:01:10","00:00:00","00:00:00","NEW","","","","","","","",""
"1024","20-06-2026 09:04:37","SURIN_PUNE-BFW01","-","No operator","-","No component","-","-","-","117","00:00:36","00:00:50","00:00:00","00:00:00","NEW","","","","","","","",""
"1025","20-06-2026 09:04:05","SURIN-BFW_XTRON_1","-","No operator","-","No component","-","-","-","118","00:00:36","00:00:49","00:00:00","00:00:00","NEW","","","","","","","",""
"1026","20-06-2026 09:02:21","SURIN_PUNE-BFW01","-","No operator","-","No component","-","-","-","116","00:00:41","00:01:34","00:00:00","00:00:00","NEW","","","","","","","",""
"1027","20-06-2026 09:01:41","SURIN-BFW_XTRON_1","-","No operator","-","No component","-","-","-","117","00:00:45","00:01:39","00:00:00","00:00:00","NEW","","","","","","","",""
"1028","20-06-2026 08:25:03","SURIN_PUNE-BFW01","-","No operator","-","No component","-","-","-","115","00:01:28","00:23:44","00:00:00","00:11:58","NEW","","","","","","","",""
"1029","20-06-2026 08:24:31","SURIN-BFW_XTRON_1","-","No operator","-","No component","7","-","0","116","00:01:15","00:23:10","00:01:03","00:11:42","NEW","","","","","","","",""
"1030","20-06-2026 07:43:18","SURIN_PUNE-BFW01","-","No operator","-","No component","-","-","-","114","00:07:56","00:26:51","00:00:00","00:01:19","NEW","","","","","","","",""
"1031","20-06-2026 07:43:07","SURIN_PUNE-BFW02","-","No operator","-","No component","-","-","-","451","00:48:43","01:11:02","00:00:00","00:05:42","NEW","","","","","","","",""
"1032","20-06-2026 07:38:05","SURIN_PUNE-BFW01","-","No operator","-","No component","-","-","-","0","00:00:00","00:00:00","00:05:13","00:00:00","NEW","","","","","","","",""
"1033","20-06-2026 07:38:05","SURIN_PUNE-BFW02","-","No operator","-","No component","-","-","-","0","00:00:00","00:00:00","00:05:03","00:00:00","NEW","","","","","","","",""
"1034","20-06-2026 06:06:52","SURIN_PUNE-BFW02","-","No operator","-","No component","-","-","-","451","00:00:00","01:31:12","00:00:00","00:00:00","NEW","","","","","","","",""
"1035","20-06-2026 04:58:51","SURIN_PUNE-BFW02","-","No operator","-","No component","-","-","-","450","00:55:50","00:10:48","00:00:00","00:00:00","NEW","","","","","","","",""
"1036","20-06-2026 03:47:11","SURIN_PUNE-BFW02","-","No operator","-","No component","-","-","-","449","00:58:59","00:11:29","00:00:00","00:00:05","NEW","","","","","","","",""
"1037","20-06-2026 02:56:57","SURIN-BFW_XTRON_1","-","No operator","-","No component","401001030||7","-","0","115","00:10:26","05:08:55","00:06:58","00:01:16","NEW","","","","","","","",""
"1038","20-06-2026 02:56:28","SURIN_PUNE-BFW01","-","No operator","-","No component","-","-","-","114","00:02:14","04:24:52","00:00:00","00:00:00","NEW","","","","","","","",""
"1039","20-06-2026 02:42:02","SURIN_PUNE-BFW01","-","No operator","-","No component","-","-","-","113","00:10:35","00:03:51","00:00:00","00:00:00","NEW","","","","","","","",""
"1040","20-06-2026 02:41:27","SURIN-BFW_XTRON_1","-","No operator","-","No component","401001030","-","0","114","00:11:23","00:03:54","00:00:13","00:00:00","NEW","","","","","","","",""
"1041","20-06-2026 02:30:12","SURIN_PUNE-BFW01","-","No operator","-","No component","-","-","-","112","00:09:38","00:02:12","00:00:00","00:00:00","NEW","","","","","","","",""
"1042","20-06-2026 02:29:25","SURIN-BFW_XTRON_1","-","No operator","-","No component","401001030","-","0","113","00:07:06","00:00:49","00:04:08","00:00:00","NEW","","","","","","","",""
"1043","20-06-2026 02:15:51","SURIN_PUNE-BFW01","-","No operator","-","No component","-","-","-","111","00:10:59","00:03:22","00:00:00","00:00:00","NEW","","","","","","","",""
"1044","20-06-2026 02:15:10","SURIN-BFW_XTRON_1","-","No operator","-","No component","401001030","-","0","112","00:09:25","00:03:27","00:01:23","00:00:00","NEW","","","","","","","",""
"1045","20-06-2026 02:00:31","SURIN_PUNE-BFW01","-","No operator","-","No component","-","-","-","110","00:09:17","00:06:03","00:00:00","00:00:00","NEW","","","","","","","",""
"1046","20-06-2026 02:00:01","SURIN-BFW_XTRON_1","-","No operator","-","No component","401001030","-","0","111","00:08:20","00:05:09","00:01:41","00:00:00","NEW","","","","","","","",""
"1047","20-06-2026 01:44:03","SURIN_PUNE-BFW01","-","No operator","-","No component","-","-","-","109","00:09:37","00:06:51","00:00:00","00:00:00","NEW","","","","","","","",""
"1048","20-06-2026 01:43:34","SURIN-BFW_XTRON_1","-","No operator","-","No component","401001030","-","0","110","00:09:29","00:06:47","00:00:12","00:00:00","NEW","","","","","","","",""
"1049","20-06-2026 01:30:49","SURIN_PUNE-BFW01","-","No operator","-","No component","-","-","-","108","00:09:43","00:03:31","00:00:00","00:00:00","NEW","","","","","","","",""
"1050","20-06-2026 01:30:17","SURIN-BFW_XTRON_1","-","No operator","-","No component","-","-","-","109","00:09:46","00:03:31","00:00:00","00:00:00","NEW","","","","","","","",""
"1051","20-06-2026 01:16:49","SURIN_PUNE-BFW01","-","No operator","-","No component","-","-","-","107","00:09:39","00:04:21","00:00:00","00:00:00","NEW","","","","","","","",""
"1052","20-06-2026 01:16:18","SURIN-BFW_XTRON_1","-","No operator","-","No component","-","-","-","108","00:09:38","00:04:22","00:00:00","00:00:00","NEW","","","","","","","",""
"1053","20-06-2026 01:11:25","SURIN_PUNE-BFW02","-","No operator","-","No component","-","-","-","448","00:59:01","01:33:37","00:00:00","00:00:00","NEW","","","","","","","",""
"1054","20-06-2026 00:57:03","SURIN_PUNE-BFW01","-","No operator","-","No component","-","-","-","106","00:09:33","00:10:14","00:00:00","00:00:00","NEW","","","","","","","",""
"1055","20-06-2026 00:56:31","SURIN-BFW_XTRON_1","-","No operator","-","No component","-","-","-","107","00:09:38","00:10:10","00:00:00","00:00:00","NEW","","","","","","","",""
"1056","20-06-2026 00:41:19","SURIN_PUNE-BFW01","-","No operator","-","No component","-","-","-","105","00:09:36","00:06:08","00:00:00","00:00:00","NEW","","","","","","","",""
"1057","20-06-2026 00:40:49","SURIN-BFW_XTRON_1","-","No operator","-","No component","-","-","-","106","00:09:37","00:06:05","00:00:00","00:00:00","NEW","","","","","","","",""
"1058","20-06-2026 00:17:41","SURIN_PUNE-BFW01","-","No operator","-","No component","-","-","-","104","00:14:21","00:09:17","00:00:00","00:00:00","NEW","","","","","","","",""
"1059","20-06-2026 00:17:04","SURIN-BFW_XTRON_1","-","No operator","-","No component","401001030","-","0","105","00:14:29","00:09:13","00:00:03","00:00:00","NEW","","","","","","","",""
"1060","19-06-2026 23:57:10","SURIN_PUNE-BFW01","-","No operator","-","No component","-","-","-","103","00:10:47","00:09:34","00:00:00","00:00:00","NEW","","","","","","","",""
"1061","19-06-2026 23:56:38","SURIN-BFW_XTRON_1","-","No operator","-","No component","401001030","-","0","104","00:09:39","00:10:45","00:00:03","00:00:00","NEW","","","","","","","",""
"1062","19-06-2026 23:55:47","SURIN_PUNE-BFW02","-","No operator","-","No component","-","-","-","447","01:04:04","00:06:51","00:00:00","00:00:00","NEW","","","","","","","",""
"1063","19-06-2026 23:46:49","SURIN_PUNE-BFW01","-","No operator","-","No component","-","-","-","102","00:02:06","00:06:22","00:00:00","00:00:00","NEW","","","","","","","",""
"1064","19-06-2026 23:46:17","SURIN-BFW_XTRON_1","-","No operator","-","No component","-","-","-","103","00:02:05","00:08:16","00:00:00","00:00:00","NEW","","","","","","","",""
"1065","19-06-2026 22:41:35","SURIN_PUNE-BFW01","-","No operator","-","No component","-","-","-","101","00:12:54","00:48:55","00:00:00","00:00:00","NEW","","","","","","","",""
"1066","19-06-2026 22:41:04","SURIN-BFW_XTRON_1","-","No operator","-","No component","1||401001030","-","0","102","00:12:12","00:51:47","00:01:15","00:00:00","NEW","","","","","","","",""
"1067","19-06-2026 22:34:02","SURIN_PUNE-BFW01","-","No operator","-","No component","-","-","-","100","00:02:48","00:03:30","00:00:00","00:00:00","NEW","","","","","","","",""
"1068","19-06-2026 22:32:58","SURIN-BFW_XTRON_1","-","No operator","-","No component","-","-","-","101","00:02:58","00:05:08","00:00:00","00:00:00","NEW","","","","","","","",""
"1069","19-06-2026 22:32:08","SURIN_PUNE-BFW01","-","No operator","-","No component","-","-","-","99","00:01:32","00:00:21","00:00:00","00:00:00","NEW","","","","","","","",""
"1070","19-06-2026 22:31:36","SURIN-BFW_XTRON_1","-","No operator","-","No component","-","-","-","100","00:01:02","00:00:21","00:00:00","00:00:00","NEW","","","","","","","",""
"1071","19-06-2026 22:19:25","SURIN_PUNE-BFW01","-","No operator","-","No component","-","-","-","98","00:04:49","00:07:54","00:00:00","00:00:00","NEW","","","","","","","",""
"1072","19-06-2026 22:18:45","SURIN-BFW_XTRON_1","-","No operator","-","No component","1","-","0","99","00:05:47","00:07:01","00:00:04","00:00:00","NEW","","","","","","","",""
"1073","19-06-2026 22:10:43","SURIN_PUNE-BFW02","-","No operator","-","No component","-","-","-","446","01:08:11","00:32:22","00:00:00","00:00:00","NEW","","","","","","","",""
"1074","19-06-2026 21:35:37","SURIN_PUNE-BFW02","-","No operator","-","No component","-","-","-","445","00:19:29","00:11:31","00:00:00","00:00:00","NEW","","","","","","","",""
"1075","19-06-2026 21:08:02","SURIN_PUNE-BFW02","-","No operator","-","No component","-","-","-","444","00:16:55","00:07:15","00:00:00","00:00:17","NEW","","","","","","","",""
"1076","19-06-2026 20:43:02","SURIN_PUNE-BFW01","-","No operator","-","No component","-","-","-","97","00:21:07","01:04:41","00:00:00","00:00:05","NEW","","","","","","","",""
"1077","19-06-2026 20:42:32","SURIN-BFW_XTRON_1","-","No operator","-","No component","1","-","0","98","00:20:56","01:10:39","00:04:34","00:00:04","NEW","","","","","","","",""
"1078","19-06-2026 20:38:52","SURIN_PUNE-BFW01","-","No operator","-","No component","-","-","-","96","00:01:35","00:02:35","00:00:00","00:00:00","NEW","","","","","","","",""
"1079","19-06-2026 20:38:19","SURIN-BFW_XTRON_1","-","No operator","-","No component","1","-","0","97","00:01:18","00:02:51","00:00:05","00:00:00","NEW","","","","","","","",""
"1080","19-06-2026 20:33:46","SURIN_PUNE-BFW02","-","No operator","-","No component","-","-","-","443","00:19:19","00:12:07","00:00:00","00:00:00","NEW","","","","","","","",""
"1081","19-06-2026 20:06:15","SURIN_PUNE-BFW02","-","No operator","-","No component","-","-","-","442","00:17:03","00:08:02","00:00:00","00:00:07","NEW","","","","","","","",""
"1082","19-06-2026 19:34:27","SURIN_PUNE-BFW02","-","No operator","-","No component","-","-","-","441","00:19:08","00:09:13","00:00:00","00:00:00","NEW","","","","","","","",""
"1083","19-06-2026 19:26:24","SURIN_PUNE-BFW01","-","No operator","-","No component","-","-","-","95","00:11:09","00:53:48","00:00:00","00:00:00","NEW","","","","","","","",""
"1084","19-06-2026 19:25:51","SURIN-BFW_XTRON_1","-","No operator","-","No component","1","-","0","96","00:11:17","01:01:09","00:00:03","00:00:00","NEW","","","","","","","",""
"1085","19-06-2026 18:30:56","SURIN_PUNE-BFW02","-","No operator","-","No component","-","-","-","440","00:20:08","00:37:23","00:00:00","00:00:00","NEW","","","","","","","",""
"1086","19-06-2026 18:27:26","SURIN_PUNE-BFW02","-","No operator","-","No component","-","-","-","439","00:03:10","00:00:20","00:00:00","00:00:00","NEW","","","","","","","",""
"1087","19-06-2026 16:58:21","SURIN_PUNE-BFW02","-","No operator","-","No component","-","-","-","438","00:04:15","01:03:42","00:00:00","00:00:00","NEW","","","","","","","",""
"1088","19-06-2026 14:31:12","SURIN_PUNE-BFW02","-","No operator","-","No component","-","-","-","437","01:06:43","01:16:58","00:00:00","00:00:02","NEW","","","","","","","",""
"1089","19-06-2026 13:13:24","SURIN_PUNE-BFW02","-","No operator","-","No component","-","-","-","436","01:10:45","00:05:45","00:00:00","00:00:00","NEW","","","","","","","",""
"1090","19-06-2026 11:55:59","SURIN_PUNE-BFW02","-","No operator","-","No component","-","-","-","435","00:59:46","00:11:20","00:00:00","00:00:00","NEW","","","","","","","",""
"1091","19-06-2026 11:23:32","SURIN_PUNE-BFW01","-","No operator","-","No component","-","-","-","94","00:32:37","07:19:58","00:00:00","00:00:14","NEW","","","","","","","",""
"1092","19-06-2026 11:23:01","SURIN-BFW_XTRON_1","-","No operator","-","No component","1","-","0","95","00:32:29","07:27:33","00:02:34","00:00:15","NEW","","","","","","","",""
"1093","19-06-2026 11:18:14","SURIN_PUNE-BFW01","-","No operator","-","No component","-","-","-","93","00:05:10","00:00:08","00:00:00","00:00:00","NEW","","","","","","","",""
"1094","19-06-2026 11:17:44","SURIN-BFW_XTRON_1","-","No operator","-","No component","-","-","-","94","00:05:10","00:00:07","00:00:00","00:00:00","NEW","","","","","","","",""
"1095","19-06-2026 11:11:25","SURIN_PUNE-BFW01","-","No operator","-","No component","-","-","-","92","00:05:08","00:01:41","00:00:00","00:00:00","NEW","","","","","","","",""
"1096","19-06-2026 11:10:53","SURIN-BFW_XTRON_1","-","No operator","-","No component","-","-","-","93","00:05:10","00:01:41","00:00:00","00:00:00","NEW","","","","","","","",""
"1097","19-06-2026 10:59:20","SURIN_PUNE-BFW01","-","No operator","-","No component","-","-","-","91","00:05:12","00:06:54","00:00:00","00:00:00","NEW","","","","","","","",""
"1098","19-06-2026 10:58:49","SURIN-BFW_XTRON_1","-","No operator","-","No component","-","-","-","92","00:05:10","00:06:55","00:00:00","00:00:00","NEW","","","","","","","",""
"1099","19-06-2026 10:53:16","SURIN_PUNE-BFW02","-","No operator","-","No component","-","-","-","434","00:37:26","00:16:50","00:00:00","00:00:00","NEW","","","","","","","",""
"1100","19-06-2026 10:45:19","SURIN_PUNE-BFW02","-","No operator","-","No component","-","-","-","433","00:04:52","00:03:04","00:00:00","00:00:00","NEW","","","","","","","",""
"1101","19-06-2026 10:20:12","SURIN_PUNE-BFW02","-","No operator","-","No component","-","-","-","432","00:07:09","00:11:10","00:00:00","00:00:29","NEW","","","","","","","",""
"1102","19-06-2026 10:02:06","SURIN_PUNE-BFW02","-","No operator","-","No component","-","-","-","431","00:07:41","00:07:55","00:00:00","00:00:00","NEW","","","","","","","",""
"1103","19-06-2026 09:17:13","SURIN_PUNE-BFW01","-","No operator","-","No component","-","-","-","90","00:04:15","00:26:01","00:00:00","01:11:52","NEW","","","","","","","",""
"1104","19-06-2026 09:17:03","SURIN_PUNE-BFW02","-","No operator","-","No component","-","-","-","430","00:18:37","00:22:40","00:00:00","00:00:28","NEW","","","","","","","",""
"1105","19-06-2026 09:16:43","SURIN-BFW_XTRON_1","-","No operator","-","No component","1","-","0","91","00:04:15","00:26:01","00:00:00","01:11:50","NEW","","","","","","","",""
"1106","19-06-2026 09:13:18","SURIN_PUNE-BFW02","-","No operator","-","No component","-","-","-","0","00:00:00","00:00:00","00:03:45","00:00:00","NEW","","","","","","","",""
"1107","19-06-2026 08:28:12","SURIN_PUNE-BFW02","-","No operator","-","No component","-","-","-","430","00:22:09","00:20:11","00:00:00","00:00:00","NEW","","","","","","","",""
"1108","19-06-2026 08:20:31","SURIN_PUNE-BFW02","-","No operator","-","No component","-","-","-","429","00:03:02","00:01:39","00:00:00","00:00:00","NEW","","","","","","","",""
"1109","19-06-2026 08:09:35","SURIN_PUNE-BFW02","-","No operator","-","No component","-","-","-","428","00:09:52","00:01:04","00:00:00","00:00:00","NEW","","","","","","","",""
"1110","19-06-2026 07:58:17","SURIN_PUNE-BFW02","-","No operator","-","No component","-","-","-","427","00:07:26","00:03:37","00:00:00","00:00:00","NEW","","","","","","","",""
"1111","19-06-2026 06:56:39","SURIN_PUNE-BFW02","-","No operator","-","No component","-","-","-","426","00:02:49","00:55:41","00:00:00","00:00:00","NEW","","","","","","","",""
"1112","19-06-2026 04:43:05","SURIN_PUNE-BFW02","-","No operator","-","No component","-","-","-","425","00:56:43","01:06:23","00:00:00","00:00:00","NEW","","","","","","","",""
"1113","19-06-2026 04:21:39","SURIN_PUNE-BFW02","-","No operator","-","No component","-","-","-","424","00:03:51","00:17:34","00:00:00","00:00:00","NEW","","","","","","","",""
"1114","19-06-2026 04:15:35","SURIN_PUNE-BFW02","-","No operator","-","No component","-","-","-","423","00:03:48","00:02:16","00:00:00","00:00:00","NEW","","","","","","","",""
"1115","19-06-2026 03:57:39","SURIN_PUNE-BFW02","-","No operator","-","No component","-","-","-","422","00:09:44","00:04:47","00:00:00","00:00:02","NEW","","","","","","","",""
"1116","19-06-2026 03:22:02","SURIN_PUNE-BFW02","-","No operator","-","No component","-","-","-","421","00:02:53","00:26:58","00:00:00","00:00:00","NEW","","","","","","","",""
"1117","18-06-2026 19:12:20","SURIN_PUNE-BFW02","-","No operator","-","No component","-","-","-","0","00:00:00","00:00:00","08:09:42","00:00:00","NEW","","","","","","","",""
"1118","18-06-2026 19:11:33","SURIN_PUNE-BFW02","-","No operator","-","No component","-","-","-","417","00:00:00","00:00:00","00:00:00","00:00:00","NEW","","","","","","","",""
"1119","18-06-2026 19:09:20","SURIN_PUNE-BFW02","-","No operator","-","No component","-","-","-","0","00:00:00","00:00:00","00:02:13","00:00:00","NEW","","","","","","","",""
"1120","18-06-2026 19:08:18","SURIN_PUNE-BFW02","-","No operator","-","No component","-","-","-","417","00:00:00","00:01:03","00:00:00","00:00:00","NEW","","","","","","","",""
"1121","18-06-2026 19:06:05","SURIN_PUNE-BFW02","-","No operator","-","No component","-","-","-","0","00:00:00","00:00:00","00:02:13","00:00:00","NEW","","","","","","","",""
"1122","18-06-2026 19:03:53","SURIN_PUNE-BFW02","-","No operator","-","No component","-","-","-","417","00:00:00","00:02:12","00:00:00","00:00:00","NEW","","","","","","","",""
"1123","18-06-2026 18:18:13","SURIN_PUNE-BFW01","-","No operator","-","No component","-","-","-","0","00:00:00","00:00:00","14:59:00","00:00:00","NEW","","","","","","","",""
"1124","18-06-2026 18:06:57","SURIN-BFW_XTRON_1","-","No operator","-","No component","1","-","0","90","00:00:00","00:10:37","14:59:10","00:00:00","NEW","","","","","","","",""
"1125","18-06-2026 18:05:24","SURIN_PUNE-BFW01","-","No operator","-","No component","-","-","-","62","00:00:00","00:12:48","00:00:00","00:00:00","NEW","","","","","","","",""
"1126","18-06-2026 17:50:08","SURIN_PUNE-BFW01","-","No operator","-","No component","-","-","-","61","00:15:16","00:00:00","00:00:00","00:00:00","NEW","","","","","","","",""
"1127","18-06-2026 17:50:01","SURIN_PUNE-BFW01","-","No operator","-","No component","-","-","-","0","00:00:00","00:00:07","00:00:00","00:00:00","NEW","","","","","","","",""
"1128","18-06-2026 17:39:17","SURIN_PUNE-BFW01","-","No operator","-","No component","-","-","-","61","00:10:44","00:00:00","00:00:00","00:00:00","NEW","","","","","","","",""
"1129","18-06-2026 17:38:36","SURIN_PUNE-BFW01","-","No operator","-","No component","-","-","-","0","00:00:00","00:00:00","00:00:42","00:00:00","NEW","","","","","","","",""
"1130","18-06-2026 17:37:29","SURIN_PUNE-BFW01","-","No operator","-","No component","-","-","-","61","00:00:00","00:00:56","00:00:00","00:00:00","NEW","","","","","","","",""
"1131","18-06-2026 17:36:37","SURIN_PUNE-BFW01","-","No operator","-","No component","-","-","-","0","00:00:00","00:00:00","00:00:52","00:00:00","NEW","","","","","","","",""
"1132","18-06-2026 17:35:39","SURIN_PUNE-BFW01","-","No operator","-","No component","-","-","-","61","00:00:00","00:00:00","00:00:00","00:00:00","NEW","","","","","","","",""
"1133","18-06-2026 17:34:05","SURIN_PUNE-BFW01","-","No operator","-","No component","-","-","-","0","00:00:00","00:00:00","00:01:34","00:00:00","NEW","","","","","","","",""
"1134","18-06-2026 17:33:21","SURIN_PUNE-BFW02","-","No operator","-","No component","-","-","-","0","00:00:00","00:00:00","01:30:33","00:00:00","NEW","","","","","","","",""
"1135","18-06-2026 17:32:49","SURIN_PUNE-BFW01","-","No operator","-","No component","-","-","-","61","00:00:00","00:00:00","00:00:00","00:00:00","NEW","","","","","","","",""
"1136","18-06-2026 17:32:35","SURIN_PUNE-BFW01","-","No operator","-","No component","-","-","-","0","00:00:00","00:00:00","00:00:14","00:00:00","NEW","","","","","","","",""
"1137","18-06-2026 17:21:41","SURIN_PUNE-BFW02","-","No operator","-","No component","-","-","-","416","00:00:00","00:11:40","00:00:00","00:00:00","NEW","","","","","","","",""
"1138","18-06-2026 17:05:03","SURIN_PUNE-BFW02","-","No operator","-","No component","-","-","-","415","00:09:38","00:06:59","00:00:00","00:00:00","NEW","","","","","","","",""
"1139","18-06-2026 14:42:10","SURIN_PUNE-BFW02","-","No operator","-","No component","-","-","-","414","00:27:28","01:51:33","00:00:00","00:00:00","NEW","","","","","","","",""
"1140","18-06-2026 14:27:11","SURIN_PUNE-BFW02","-","No operator","-","No component","-","-","-","413","00:05:14","00:06:03","00:00:00","00:00:01","NEW","","","","","","","",""
"1141","18-06-2026 14:12:18","SURIN_PUNE-BFW01","-","No operator","-","No component","-","-","-","61","00:00:49","03:16:59","00:00:00","00:00:00","NEW","","","","","","","",""
"1142","18-06-2026 14:11:48","SURIN-BFW_XTRON_1","-","No operator","-","No component","1","-","0","62","00:15:00","03:19:42","00:20:27","00:00:00","NEW","","","","","","","",""
"1143","18-06-2026 14:06:06","SURIN_PUNE-BFW01","-","No operator","-","No component","-","-","-","60","00:04:31","00:01:41","00:00:00","00:00:00","NEW","","","","","","","",""
"1144","18-06-2026 14:05:37","SURIN-BFW_XTRON_1","-","No operator","-","No component","-","-","-","61","00:04:30","00:01:41","00:00:00","00:00:00","NEW","","","","","","","",""
"1145","18-06-2026 14:00:04","SURIN_PUNE-BFW01","-","No operator","-","No component","-","-","-","59","00:04:21","00:01:41","00:00:00","00:00:00","NEW","","","","","","","",""
"1146","18-06-2026 13:59:34","SURIN-BFW_XTRON_1","-","No operator","-","No component","-","-","-","60","00:04:22","00:01:42","00:00:00","00:00:00","NEW","","","","","","","",""
"1147","18-06-2026 13:53:44","SURIN_PUNE-BFW01","-","No operator","-","No component","-","-","-","58","00:04:40","00:01:40","00:00:00","00:00:00","NEW","","","","","","","",""
"1148","18-06-2026 13:53:14","SURIN-BFW_XTRON_1","-","No operator","-","No component","-","-","-","59","00:04:38","00:01:42","00:00:00","00:00:00","NEW","","","","","","","",""
"1149","18-06-2026 13:46:30","SURIN_PUNE-BFW01","-","No operator","-","No component","-","-","-","57","00:04:49","00:02:23","00:00:00","00:00:00","NEW","","","","","","","",""
"1150","18-06-2026 13:46:01","SURIN-BFW_XTRON_1","-","No operator","-","No component","-","-","-","58","00:04:49","00:02:24","00:00:00","00:00:00","NEW","","","","","","","",""
"1151","18-06-2026 13:37:57","SURIN_PUNE-BFW02","-","No operator","-","No component","-","-","-","412","00:07:53","00:36:32","00:00:00","00:01:37","NEW","","","","","","","",""
"1152","18-06-2026 13:37:40","SURIN_PUNE-BFW01","-","No operator","-","No component","-","-","-","56","00:05:46","00:00:15","00:00:00","00:02:49","NEW","","","","","","","",""
"1153","18-06-2026 13:37:20","SURIN_PUNE-BFW02","-","No operator","-","No component","-","-","-","0","00:00:00","00:00:00","00:00:36","00:00:00","NEW","","","","","","","",""
"1154","18-06-2026 13:37:20","SURIN_PUNE-BFW01","-","No operator","-","No component","-","-","-","0","00:00:00","00:00:00","00:00:20","00:00:00","NEW","","","","","","","",""
"1155","18-06-2026 13:31:13","SURIN_PUNE-BFW01","-","No operator","-","No component","-","-","-","56","00:00:01","00:06:06","00:00:00","00:00:00","NEW","","","","","","","",""
"1156","18-06-2026 13:30:44","SURIN-BFW_XTRON_1","-","No operator","-","No component","1","-","0","57","00:05:46","00:05:29","00:01:16","00:02:47","NEW","","","","","","","",""
"1157","18-06-2026 13:10:18","SURIN_PUNE-BFW01","-","No operator","-","No component","-","-","-","55","00:04:54","00:10:18","00:00:00","00:00:00","NEW","","","","","","","",""
"1158","18-06-2026 13:09:49","SURIN-BFW_XTRON_1","-","No operator","-","No component","-","-","-","56","00:04:55","00:16:01","00:00:00","00:00:00","NEW","","","","","","","",""
"1159","18-06-2026 13:04:34","SURIN_PUNE-BFW02","-","No operator","-","No component","-","-","-","412","00:07:43","00:21:30","00:00:00","00:00:09","NEW","","","","","","","",""
"1160","18-06-2026 12:56:16","SURIN_PUNE-BFW01","-","No operator","-","No component","-","-","-","54","00:06:06","00:04:43","00:00:00","00:00:00","NEW","","","","","","","",""
"1161","18-06-2026 12:55:47","SURIN-BFW_XTRON_1","-","No operator","-","No component","-","-","-","55","00:06:06","00:07:56","00:00:00","00:00:00","NEW","","","","","","","",""
"1162","18-06-2026 12:38:06","SURIN_PUNE-BFW01","-","No operator","-","No component","-","-","-","53","00:09:05","00:05:43","00:00:00","00:00:00","NEW","","","","","","","",""
"1163","18-06-2026 12:37:36","SURIN-BFW_XTRON_1","-","No operator","-","No component","-","-","-","54","00:09:06","00:09:05","00:00:00","00:00:00","NEW","","","","","","","",""
"1164","18-06-2026 12:23:37","SURIN_PUNE-BFW01","-","No operator","-","No component","-","-","-","52","00:04:59","00:01:42","00:00:00","00:07:47","NEW","","","","","","","",""
"1165","18-06-2026 12:23:26","SURIN_PUNE-BFW02","-","No operator","-","No component","-","-","-","411","00:20:29","00:08:41","00:00:00","00:07:59","NEW","","","","","","","",""
"1166","18-06-2026 12:18:21","SURIN_PUNE-BFW01","-","No operator","-","No component","-","-","-","0","00:00:00","00:00:00","00:05:16","00:00:00","NEW","","","","","","","",""
"1167","18-06-2026 12:18:21","SURIN_PUNE-BFW02","-","No operator","-","No component","-","-","-","0","00:00:00","00:00:00","00:05:06","00:00:00","NEW","","","","","","","",""
"1168","18-06-2026 12:01:43","SURIN_PUNE-BFW01","-","No operator","-","No component","-","-","-","52","00:07:38","00:06:03","00:00:00","00:00:00","NEW","","","","","","","",""
"1169","18-06-2026 12:01:14","SURIN-BFW_XTRON_1","-","No operator","-","No component","1","-","0","53","00:12:27","00:10:40","00:05:38","00:07:38","NEW","","","","","","","",""
"1170","18-06-2026 11:49:20","SURIN_PUNE-BFW01","-","No operator","-","No component","-","-","-","51","00:05:18","00:03:23","00:00:00","00:00:00","NEW","","","","","","","",""
"1171","18-06-2026 11:48:52","SURIN-BFW_XTRON_1","-","No operator","-","No component","-","-","-","52","00:05:20","00:07:02","00:00:00","00:00:00","NEW","","","","","","","",""
"1172","18-06-2026 11:41:00","SURIN_PUNE-BFW02","-","No operator","-","No component","-","-","-","411","00:21:14","00:13:34","00:00:00","00:00:00","NEW","","","","","","","",""
"1173","18-06-2026 11:36:17","SURIN_PUNE-BFW01","-","No operator","-","No component","-","-","-","50","00:06:13","00:02:21","00:00:00","00:00:00","NEW","","","","","","","",""
"1174","18-06-2026 11:35:47","SURIN-BFW_XTRON_1","-","No operator","-","No component","-","-","-","51","00:06:16","00:06:49","00:00:00","00:00:00","NEW","","","","","","","",""
"1175","18-06-2026 11:17:34","SURIN_PUNE-BFW01","-","No operator","-","No component","-","-","-","49","00:06:07","00:08:29","00:00:00","00:00:00","NEW","","","","","","","",""
"1176","18-06-2026 11:17:05","SURIN-BFW_XTRON_1","-","No operator","-","No component","-","-","-","50","00:06:08","00:12:35","00:00:00","00:00:00","NEW","","","","","","","",""
"1177","18-06-2026 11:14:00","SURIN_PUNE-BFW02","-","No operator","-","No component","-","-","-","410","00:05:31","00:05:55","00:00:00","00:00:00","NEW","","","","","","","",""
"1178","18-06-2026 11:01:01","SURIN_PUNE-BFW01","-","No operator","-","No component","-","-","-","48","00:07:49","00:05:07","00:00:00","00:00:00","NEW","","","","","","","",""
"1179","18-06-2026 11:00:31","SURIN-BFW_XTRON_1","-","No operator","-","No component","-","-","-","49","00:07:51","00:08:43","00:00:00","00:00:00","NEW","","","","","","","",""
"1180","18-06-2026 10:48:56","SURIN_PUNE-BFW01","-","No operator","-","No component","-","-","-","47","00:04:32","00:03:33","00:00:00","00:00:00","NEW","","","","","","","",""
"1181","18-06-2026 10:48:27","SURIN-BFW_XTRON_1","-","No operator","-","No component","-","-","-","48","00:04:32","00:07:33","00:00:00","00:00:00","NEW","","","","","","","",""
"1182","18-06-2026 10:35:09","SURIN_PUNE-BFW01","-","No operator","-","No component","-","-","-","46","00:06:37","00:03:50","00:00:00","00:00:00","NEW","","","","","","","",""
"1183","18-06-2026 10:34:40","SURIN-BFW_XTRON_1","-","No operator","-","No component","-","-","-","47","00:06:38","00:07:10","00:00:00","00:00:00","NEW","","","","","","","",""
"1184","18-06-2026 10:20:54","SURIN_PUNE-BFW01","-","No operator","-","No component","-","-","-","45","00:05:56","00:04:42","00:00:00","00:00:00","NEW","","","","","","","",""
"1185","18-06-2026 10:20:25","SURIN-BFW_XTRON_1","-","No operator","-","No component","-","-","-","46","00:05:58","00:08:17","00:00:00","00:00:00","NEW","","","","","","","",""
"1186","18-06-2026 10:08:20","SURIN_PUNE-BFW02","-","No operator","-","No component","-","-","-","409","00:26:35","00:33:45","00:00:00","00:00:29","NEW","","","","","","","",""
"1187","18-06-2026 10:03:14","SURIN_PUNE-BFW01","-","No operator","-","No component","-","-","-","44","00:04:17","00:03:46","00:00:00","00:00:00","NEW","","","","","","","",""
"1188","18-06-2026 10:02:44","SURIN-BFW_XTRON_1","-","No operator","-","No component","-","-","-","45","00:04:17","00:13:25","00:00:00","00:00:00","NEW","","","","","","","",""
"1189","18-06-2026 09:40:34","SURIN_PUNE-BFW01","-","No operator","-","No component","-","-","-","43","00:05:16","00:03:44","00:00:00","00:00:00","NEW","","","","","","","",""
"1190","18-06-2026 09:40:04","SURIN-BFW_XTRON_1","-","No operator","-","No component","-","-","-","44","00:05:15","00:17:26","00:00:00","00:00:00","NEW","","","","","","","",""
"1191","18-06-2026 09:28:38","SURIN_PUNE-BFW02","-","No operator","-","No component","-","-","-","408","00:05:49","00:29:14","00:00:00","00:00:00","NEW","","","","","","","",""
"1192","18-06-2026 09:24:31","SURIN_PUNE-BFW01","-","No operator","-","No component","-","-","-","42","00:03:38","00:12:25","00:00:00","00:00:00","NEW","","","","","","","",""
"1193","18-06-2026 09:24:01","SURIN-BFW_XTRON_1","-","No operator","-","No component","-","-","-","43","00:03:38","00:12:25","00:00:00","00:00:00","NEW","","","","","","","",""
"1194","18-06-2026 09:19:05","SURIN_PUNE-BFW01","-","No operator","-","No component","-","-","-","41","00:04:25","00:01:00","00:00:00","00:00:00","NEW","","","","","","","",""
"1195","18-06-2026 09:18:36","SURIN-BFW_XTRON_1","-","No operator","-","No component","-","-","-","42","00:04:25","00:01:01","00:00:00","00:00:00","NEW","","","","","","","",""
"1196","18-06-2026 08:52:13","SURIN_PUNE-BFW02","-","No operator","-","No component","-","-","-","407","00:12:01","00:19:34","00:00:00","00:00:00","NEW","","","","","","","",""
"1197","18-06-2026 08:47:43","SURIN_PUNE-BFW02","-","No operator","-","No component","-","-","-","406","00:02:56","00:01:33","00:00:00","00:00:00","NEW","","","","","","","",""
"1198","18-06-2026 08:16:33","SURIN_PUNE-BFW02","-","No operator","-","No component","-","-","-","405","00:04:32","00:22:18","00:00:00","00:00:00","NEW","","","","","","","",""
"1199","18-06-2026 08:14:23","SURIN_PUNE-BFW02","-","No operator","-","No component","-","-","-","404","00:01:14","00:00:56","00:00:00","00:00:00","NEW","","","","","","","",""
"1200","18-06-2026 07:05:42","SURIN_PUNE-BFW02","-","No operator","-","No component","-","-","-","403","00:04:58","01:02:57","00:00:00","00:00:02","NEW","","","","","","","",""
"1201","18-06-2026 04:41:47","SURIN_PUNE-BFW02","-","No operator","-","No component","-","-","-","402","00:38:55","01:34:25","00:00:00","00:00:00","NEW","","","","","","","",""
"1202","18-06-2026 04:29:19","SURIN_PUNE-BFW02","-","No operator","-","No component","-","-","-","401","00:04:20","00:02:42","00:00:00","00:00:00","NEW","","","","","","","",""
"1203","18-06-2026 02:09:49","SURIN_PUNE-BFW02","-","No operator","-","No component","-","-","-","400","01:06:17","01:03:15","00:00:00","00:00:00","NEW","","","","","","","",""
"1204","18-06-2026 01:24:27","SURIN_PUNE-BFW01","-","No operator","-","No component","-","-","-","40","00:54:35","06:46:54","00:00:00","00:00:06","NEW","","","","","","","",""
"1205","18-06-2026 01:23:59","SURIN-BFW_XTRON_1","-","No operator","-","No component","1","-","0","41","00:55:04","06:56:00","00:03:28","00:00:05","NEW","","","","","","","",""
"1206","17-06-2026 23:36:29","SURIN_PUNE-BFW01","-","No operator","-","No component","-","-","-","39","01:26:07","00:19:19","00:00:00","00:00:00","NEW","","","","","","","",""
"1207","17-06-2026 23:36:00","SURIN-BFW_XTRON_1","-","No operator","-","No component","-","-","-","40","01:26:06","00:21:54","00:00:00","00:00:00","NEW","","","","","","","",""
"1208","17-06-2026 23:35:24","SURIN_PUNE-BFW02","-","No operator","-","No component","-","-","-","399","02:18:48","00:12:33","00:00:00","00:00:00","NEW","","","","","","","",""
"1209","17-06-2026 22:21:00","SURIN_PUNE-BFW01","-","No operator","-","No component","-","-","-","38","00:45:11","00:27:17","00:00:00","00:00:00","NEW","","","","","","","",""
"1210","17-06-2026 22:20:32","SURIN-BFW_XTRON_1","-","No operator","-","No component","1","-","0","39","00:42:52","00:30:06","00:02:31","00:00:00","NEW","","","","","","","",""
"1211","17-06-2026 22:18:05","SURIN_PUNE-BFW02","-","No operator","-","No component","-","-","-","398","00:58:54","00:15:28","00:00:00","00:00:00","NEW","","","","","","","",""
"1212","17-06-2026 21:04:01","SURIN_PUNE-BFW01","-","No operator","-","No component","-","-","-","37","00:50:25","00:24:04","00:00:00","00:00:00","NEW","","","","","","","",""
"1213","17-06-2026 21:03:29","SURIN-BFW_XTRON_1","-","No operator","-","No component","-","-","-","38","00:50:25","00:26:38","00:00:00","00:00:00","NEW","","","","","","","",""
"1214","17-06-2026 20:54:54","SURIN_PUNE-BFW02","-","No operator","-","No component","-","-","-","397","01:02:46","00:17:56","00:00:00","00:00:00","NEW","","","","","","","",""
"1215","17-06-2026 19:56:42","SURIN_PUNE-BFW01","-","No operator","-","No component","-","-","-","36","00:51:05","00:13:42","00:00:00","00:00:00","NEW","","","","","","","",""
"1216","17-06-2026 19:56:03","SURIN_PUNE-BFW02","-","No operator","-","No component","-","-","-","396","00:49:59","00:06:59","00:00:00","00:00:00","NEW","","","","","","","",""
"1217","17-06-2026 19:56:00","SURIN-BFW_XTRON_1","-","No operator","-","No component","-","-","-","37","00:51:01","00:16:29","00:00:00","00:00:00","NEW","","","","","","","",""
"1218","17-06-2026 18:57:52","SURIN_PUNE-BFW01","-","No operator","-","No component","-","-","-","35","00:44:12","00:11:48","00:00:00","00:00:00","NEW","","","","","","","",""
"1219","17-06-2026 18:57:23","SURIN-BFW_XTRON_1","-","No operator","-","No component","1","-","0","36","00:43:51","00:14:18","00:00:29","00:00:00","NEW","","","","","","","",""
"1220","17-06-2026 18:22:04","SURIN_PUNE-BFW02","-","No operator","-","No component","-","-","-","395","01:19:26","00:11:06","00:00:00","00:00:00","NEW","","","","","","","",""
"1221","17-06-2026 16:26:53","SURIN_PUNE-BFW01","-","No operator","-","No component","-","-","-","34","01:31:25","00:14:44","00:00:00","00:00:00","NEW","","","","","","","",""
"1222","17-06-2026 16:26:25","SURIN-BFW_XTRON_1","-","No operator","-","No component","1","-","0","35","01:30:33","00:56:33","00:03:53","00:00:00","NEW","","","","","","","",""
"1223","17-06-2026 15:04:24","SURIN_PUNE-BFW01","-","No operator","-","No component","-","-","-","33","01:04:13","00:14:28","00:00:00","00:00:00","NEW","","","","","","","",""
"1224","17-06-2026 15:03:50","SURIN-BFW_XTRON_1","-","No operator","-","No component","1","-","0","34","01:00:55","00:18:34","00:03:07","00:00:00","NEW","","","","","","","",""
"1225","17-06-2026 14:25:03","SURIN_PUNE-BFW02","-","No operator","-","No component","-","-","-","394","01:35:32","02:15:56","00:00:00","00:00:00","NEW","","","","","","","",""
"1226","17-06-2026 13:53:56","SURIN_PUNE-BFW02","-","No operator","-","No component","-","-","-","393","00:10:04","00:21:02","00:00:00","00:00:00","NEW","","","","","","","",""
"1227","17-06-2026 13:41:02","SURIN_PUNE-BFW01","-","No operator","-","No component","-","-","-","32","01:03:25","00:16:13","00:00:00","00:00:00","NEW","","","","","","","",""
"1228","17-06-2026 13:40:33","SURIN-BFW_XTRON_1","-","No operator","-","No component","1","-","0","33","01:03:11","00:19:46","00:00:20","00:00:00","NEW","","","","","","","",""
"1229","17-06-2026 13:38:49","SURIN_PUNE-BFW02","-","No operator","-","No component","-","-","-","392","00:09:20","00:05:48","00:00:00","00:00:00","NEW","","","","","","","",""
"1230","17-06-2026 13:05:20","SURIN_PUNE-BFW02","-","No operator","-","No component","-","-","-","391","00:09:44","00:23:44","00:00:00","00:00:00","NEW","","","","","","","",""
"1231","17-06-2026 12:08:00","SURIN_PUNE-BFW02","-","No operator","-","No component","-","-","-","390","00:09:01","00:48:19","00:00:00","00:00:00","NEW","","","","","","","",""
"1232","17-06-2026 11:50:14","SURIN_PUNE-BFW02","-","No operator","-","No component","-","-","-","389","00:10:33","00:07:13","00:00:00","00:00:00","NEW","","","","","","","",""
"1233","17-06-2026 11:35:49","SURIN_PUNE-BFW02","-","No operator","-","No component","-","-","-","388","00:09:58","00:04:27","00:00:00","00:00:00","NEW","","","","","","","",""
"1234","17-06-2026 11:25:27","SURIN_PUNE-BFW01","-","No operator","-","No component","-","-","-","31","00:54:49","01:12:35","00:00:00","00:01:48","NEW","","","","","","","",""
"1235","17-06-2026 11:25:17","SURIN_PUNE-BFW02","-","No operator","-","No component","-","-","-","387","00:09:55","00:00:12","00:00:00","00:00:26","NEW","","","","","","","",""
"1236","17-06-2026 11:25:05","SURIN_PUNE-BFW02","-","No operator","-","No component","-","-","-","0","00:00:00","00:00:00","00:00:11","00:00:00","NEW","","","","","","","",""
"1237","17-06-2026 11:24:17","SURIN_PUNE-BFW02","-","No operator","-","No component","-","-","-","387","00:00:00","00:00:00","00:00:00","00:00:48","NEW","","","","","","","",""
"1238","17-06-2026 11:22:20","SURIN_PUNE-BFW01","-","No operator","-","No component","-","-","-","0","00:00:00","00:00:00","00:03:07","00:00:00","NEW","","","","","","","",""
"1239","17-06-2026 11:22:05","SURIN_PUNE-BFW02","-","No operator","-","No component","-","-","-","0","00:00:00","00:00:00","00:02:12","00:00:00","NEW","","","","","","","",""
"1240","17-06-2026 11:19:31","SURIN_PUNE-BFW02","-","No operator","-","No component","-","-","-","387","00:00:00","00:02:34","00:00:00","00:00:00","NEW","","","","","","","",""
"1241","17-06-2026 11:00:44","SURIN_PUNE-BFW02","-","No operator","-","No component","-","-","-","386","00:09:56","00:08:51","00:00:00","00:00:00","NEW","","","","","","","",""
"1242","17-06-2026 10:47:59","SURIN_PUNE-BFW01","-","No operator","-","No component","-","-","-","31","00:15:05","00:10:37","00:00:00","00:08:39","NEW","","","","","","","",""
"1243","17-06-2026 10:47:49","SURIN_PUNE-BFW02","-","No operator","-","No component","-","-","-","385","00:09:54","00:00:34","00:00:00","00:02:27","NEW","","","","","","","",""
"1244","17-06-2026 10:44:20","SURIN_PUNE-BFW01","-","No operator","-","No component","-","-","-","0","00:00:00","00:00:00","00:03:39","00:00:00","NEW","","","","","","","",""
"1245","17-06-2026 10:44:18","SURIN_PUNE-BFW02","-","No operator","-","No component","-","-","-","0","00:00:00","00:00:00","00:03:31","00:00:00","NEW","","","","","","","",""
"1246","17-06-2026 10:24:17","SURIN_PUNE-BFW01","-","No operator","-","No component","-","-","-","31","00:08:43","00:07:42","00:00:00","00:03:37","NEW","","","","","","","",""
"1247","17-06-2026 10:24:07","SURIN_PUNE-BFW02","-","No operator","-","No component","-","-","-","385","00:12:48","00:00:21","00:00:00","00:07:01","NEW","","","","","","","",""
"1248","17-06-2026 10:20:20","SURIN_PUNE-BFW01","-","No operator","-","No component","-","-","-","0","00:00:00","00:00:00","00:03:58","00:00:00","NEW","","","","","","","",""
"1249","17-06-2026 10:20:18","SURIN_PUNE-BFW02","-","No operator","-","No component","-","-","-","0","00:00:00","00:00:00","00:03:50","00:00:00","NEW","","","","","","","",""
"1250","17-06-2026 10:06:38","SURIN_PUNE-BFW02","-","No operator","-","No component","-","-","-","385","00:00:00","00:13:40","00:00:00","00:00:00","NEW","","","","","","","",""
"1251","17-06-2026 09:51:37","SURIN_PUNE-BFW02","-","No operator","-","No component","-","-","-","384","00:09:53","00:05:08","00:00:00","00:00:00","NEW","","","","","","","",""
"1252","17-06-2026 09:35:38","SURIN_PUNE-BFW02","-","No operator","-","No component","-","-","-","383","00:09:56","00:06:02","00:00:00","00:00:00","NEW","","","","","","","",""
"1253","17-06-2026 09:19:47","SURIN_PUNE-BFW02","-","No operator","-","No component","-","-","-","382","00:09:56","00:05:56","00:00:00","00:00:00","NEW","","","","","","","",""
"1254","17-06-2026 09:07:59","SURIN_PUNE-BFW01","-","No operator","-","No component","-","-","-","31","00:41:45","00:29:21","00:00:00","00:01:14","NEW","","","","","","","",""
"1255","17-06-2026 09:07:48","SURIN_PUNE-BFW02","-","No operator","-","No component","-","-","-","381","00:09:56","00:00:17","00:00:00","00:01:46","NEW","","","","","","","",""
"1256","17-06-2026 09:04:03","SURIN_PUNE-BFW02","-","No operator","-","No component","-","-","-","0","00:00:00","00:00:00","00:03:45","00:00:00","NEW","","","","","","","",""
"1257","17-06-2026 09:03:37","SURIN_PUNE-BFW01","-","No operator","-","No component","-","-","-","0","00:00:00","00:00:00","00:04:23","00:00:00","NEW","","","","","","","",""
"1258","17-06-2026 08:59:54","SURIN_PUNE-BFW02","-","No operator","-","No component","-","-","-","381","00:00:00","00:04:09","00:00:00","00:00:00","NEW","","","","","","","",""
"1259","17-06-2026 08:48:33","SURIN_PUNE-BFW02","-","No operator","-","No component","-","-","-","380","00:09:55","00:01:27","00:00:00","00:00:00","NEW","","","","","","","",""
"1260","17-06-2026 08:33:13","SURIN_PUNE-BFW02","-","No operator","-","No component","-","-","-","379","00:10:05","00:05:15","00:00:00","00:00:00","NEW","","","","","","","",""
"1261","17-06-2026 08:18:14","SURIN_PUNE-BFW02","-","No operator","-","No component","-","-","-","378","00:09:56","00:05:04","00:00:00","00:00:00","NEW","","","","","","","",""
"1262","17-06-2026 08:04:42","SURIN_PUNE-BFW02","-","No operator","-","No component","-","-","-","377","00:10:00","00:03:32","00:00:00","00:00:00","NEW","","","","","","","",""
"1263","17-06-2026 07:44:41","SURIN_PUNE-BFW01","-","No operator","-","No component","-","-","-","31","00:32:32","00:40:41","00:00:00","00:02:21","NEW","","","","","","","",""
"1264","17-06-2026 07:44:14","SURIN-BFW_XTRON_1","-","No operator","-","No component","304110102||1","-","0","32","02:28:42","02:49:11","00:22:12","00:16:15","NEW","","","","","","","",""
"1265","17-06-2026 07:44:11","SURIN_PUNE-BFW02","-","No operator","-","No component","-","-","-","376","00:09:40","00:10:51","00:00:00","00:00:00","NEW","","","","","","","",""
"1266","17-06-2026 06:55:21","SURIN_PUNE-BFW02","-","No operator","-","No component","-","-","-","375","00:08:39","00:40:11","00:00:00","00:00:00","NEW","","","","","","","",""
"1267","17-06-2026 06:41:30","Ofc-Test","2","test operator 2 ","-","No component","-","-","-","359","00:00:00","287:51:57","00:00:00","00:00:00","NEW","","","","","","","",""
"1268","17-06-2026 06:40:01","Ofc-Test","2","test operator 2 ","-","No component","-","-","-","358","00:00:10","00:01:19","00:00:00","00:00:00","NEW","","","","","","","",""
"1269","17-06-2026 06:39:02","SURIN_PUNE-BFW02","-","No operator","-","No component","-","-","-","374","00:08:39","00:07:40","00:00:00","00:00:00","NEW","","","","","","","",""
"1270","17-06-2026 06:36:39","Ofc-Test","2","test operator 2 ","-","No component","-","-","-","358","00:00:00","00:03:22","00:00:00","00:00:00","NEW","","","","","","","",""
"1271","17-06-2026 06:36:01","Ofc-Test","2","test operator 2 ","-","No component","-","-","-","357","00:00:10","00:00:27","00:00:00","00:00:00","NEW","","","","","","","",""
"1272","17-06-2026 06:34:01","Ofc-Test","2","test operator 2 ","-","No component","-","-","-","357","00:00:00","00:02:00","00:00:00","00:00:00","NEW","","","","","","","",""
"1273","17-06-2026 06:32:18","Ofc-Test","2","test operator 2 ","-","No component","-","-","-","357","00:00:00","00:01:43","00:00:00","00:00:00","NEW","","","","","","","",""
"1274","17-06-2026 06:32:01","Ofc-Test","2","test operator 2 ","-","No component","-","-","-","357","00:00:00","00:00:17","00:00:00","00:00:00","NEW","","","","","","","",""
"1275","17-06-2026 06:30:01","Ofc-Test","2","test operator 2 ","-","No component","-","-","-","357","00:00:00","00:02:00","00:00:00","00:00:00","NEW","","","","","","","",""
"1276","17-06-2026 06:29:02","SURIN_PUNE-BFW01","-","No operator","-","No component","-","-","-","30","00:16:18","00:48:13","00:00:00","00:00:27","NEW","","","","","","","",""
"1277","17-06-2026 06:28:51","SURIN_PUNE-BFW02","-","No operator","-","No component","-","-","-","373","00:08:47","00:00:17","00:00:00","00:01:06","NEW","","","","","","","",""
"1278","17-06-2026 06:28:20","SURIN_PUNE-BFW01","-","No operator","-","No component","-","-","-","0","00:00:00","00:00:00","00:00:42","00:00:00","NEW","","","","","","","",""
"1279","17-06-2026 06:28:19","SURIN_PUNE-BFW02","-","No operator","-","No component","-","-","-","0","00:00:00","00:00:00","00:00:32","00:00:00","NEW","","","","","","","",""
"1280","17-06-2026 06:28:01","Ofc-Test","2","test operator 2 ","-","No component","-","-","-","357","00:00:00","00:02:00","00:00:00","00:00:00","NEW","","","","","","","",""
"1281","17-06-2026 06:27:31","SURIN_PUNE-BFW01","-","No operator","-","No component","-","-","-","30","00:00:00","00:00:00","00:00:00","00:00:49","NEW","","","","","","","",""
"1282","17-06-2026 06:27:21","SURIN_PUNE-BFW02","-","No operator","-","No component","-","-","-","373","00:00:00","00:00:00","00:00:00","00:00:58","NEW","","","","","","","",""
"1283","17-06-2026 06:23:20","SURIN_PUNE-BFW01","-","No operator","-","No component","-","-","-","0","00:00:00","00:00:00","00:04:11","00:00:00","NEW","","","","","","","",""
"1284","17-06-2026 06:23:20","SURIN_PUNE-BFW02","-","No operator","-","No component","-","-","-","0","00:00:00","00:00:00","00:04:01","00:00:00","NEW","","","","","","","",""
"1285","17-06-2026 06:20:01","Ofc-Test","2","test operator 2 ","-","No component","-","-","-","357","00:00:00","00:08:00","00:00:00","00:00:00","NEW","","","","","","","",""
"1286","17-06-2026 06:18:26","SURIN_PUNE-BFW02","-","No operator","-","No component","-","-","-","373","00:01:18","00:03:35","00:00:00","00:00:00","NEW","","","","","","","",""
"1287","17-06-2026 06:11:49","Ofc-Test","2","test operator 2 ","-","No component","-","-","-","357","00:00:00","00:08:12","00:00:00","00:00:00","NEW","","","","","","","",""
"1288","17-06-2026 06:04:40","SURIN_PUNE-BFW02","-","No operator","-","No component","-","-","-","372","00:08:45","00:05:02","00:00:00","00:00:00","NEW","","","","","","","",""
"1289","17-06-2026 05:54:30","Ofc-Test","2","test operator 2 ","-","No component","-","-","-","356","00:00:10","00:17:09","00:00:00","00:00:00","NEW","","","","","","","",""
"1290","17-06-2026 05:51:54","SURIN_PUNE-BFW02","-","No operator","-","No component","-","-","-","371","00:08:43","00:04:03","00:00:00","00:00:00","NEW","","","","","","","",""
"1291","17-06-2026 05:42:34","Ofc-Test","2","test operator 2 ","-","No component","-","-","-","355","00:00:21","00:11:35","00:00:00","00:00:00","NEW","","","","","","","",""
"1292","17-06-2026 05:38:54","SURIN_PUNE-BFW01","-","No operator","-","No component","-","-","-","30","00:00:00","00:44:26","00:00:00","00:00:00","NEW","","","","","","","",""
"1293","17-06-2026 05:38:26","SURIN-BFW_XTRON_1","-","No operator","-","No component","304110102","-","0","31","00:16:34","01:42:33","00:06:17","00:00:26","NEW","","","","","","","",""
"1294","17-06-2026 05:36:36","SURIN_PUNE-BFW02","-","No operator","-","No component","-","-","-","370","00:08:49","00:06:29","00:00:00","00:00:00","NEW","","","","","","","",""
"1295","17-06-2026 05:02:05","SURIN_PUNE-BFW02","-","No operator","-","No component","-","-","-","369","00:09:08","00:23:57","00:00:00","00:00:00","NEW","","","","","","","",""
"1296","17-06-2026 04:50:44","SURIN_PUNE-BFW01","-","No operator","-","No component","-","-","-","29","00:23:26","00:21:20","00:00:00","00:00:45","NEW","","","","","","","",""
"1297","17-06-2026 04:50:33","SURIN_PUNE-BFW02","-","No operator","-","No component","-","-","-","368","00:10:02","00:00:18","00:00:00","00:01:12","NEW","","","","","","","",""
"1298","17-06-2026 04:50:05","SURIN_PUNE-BFW02","-","No operator","-","No component","-","-","-","0","00:00:00","00:00:00","00:00:29","00:00:00","NEW","","","","","","","",""
"1299","17-06-2026 04:49:02","SURIN_PUNE-BFW02","-","No operator","-","No component","-","-","-","368","00:00:00","00:00:00","00:00:00","00:01:02","NEW","","","","","","","",""
"1300","17-06-2026 04:44:35","SURIN_PUNE-BFW01","-","No operator","-","No component","-","-","-","0","00:00:00","00:00:00","00:06:08","00:00:00","NEW","","","","","","","",""
"1301","17-06-2026 04:44:35","SURIN_PUNE-BFW02","-","No operator","-","No component","-","-","-","0","00:00:00","00:00:00","00:04:27","00:00:00","NEW","","","","","","","",""
"1302","17-06-2026 04:33:53","SURIN_PUNE-BFW02","-","No operator","-","No component","-","-","-","368","00:05:24","00:05:18","00:00:00","00:00:00","NEW","","","","","","","",""
"1303","17-06-2026 04:20:22","SURIN_PUNE-BFW02","-","No operator","-","No component","-","-","-","367","00:10:00","00:03:32","00:00:00","00:00:00","NEW","","","","","","","",""
"1304","17-06-2026 04:10:29","SURIN_PUNE-BFW01","-","No operator","-","No component","-","-","-","29","00:04:47","00:25:58","00:00:00","00:00:00","NEW","","","","","","","",""
"1305","17-06-2026 04:10:02","SURIN-BFW_XTRON_1","-","No operator","-","No component","304110102","-","0","30","00:27:23","00:53:17","00:07:10","00:00:34","NEW","","","","","","","",""
"1306","17-06-2026 04:02:57","SURIN_PUNE-BFW02","-","No operator","-","No component","-","-","-","366","00:09:56","00:07:29","00:00:00","00:00:00","NEW","","","","","","","",""
"1307","17-06-2026 03:44:57","SURIN_PUNE-BFW02","-","No operator","-","No component","-","-","-","365","00:09:55","00:08:05","00:00:00","00:00:00","NEW","","","","","","","",""
"1308","17-06-2026 02:55:54","SURIN_PUNE-BFW01","-","No operator","-","No component","-","-","-","28","00:46:50","00:27:45","00:00:00","00:00:00","NEW","","","","","","","",""
"1309","17-06-2026 02:55:22","SURIN-BFW_XTRON_1","-","No operator","-","No component","40316207604","-","0","29","00:47:09","00:26:12","00:01:20","00:00:00","NEW","","","","","","","",""
"1310","17-06-2026 02:35:34","SURIN_PUNE-BFW01","-","No operator","-","No component","-","-","-","27","00:17:54","00:02:26","00:00:00","00:00:00","NEW","","","","","","","",""
"1311","17-06-2026 02:34:58","SURIN-BFW_XTRON_1","-","No operator","-","No component","40316207604","-","0","28","00:17:33","00:02:35","00:00:16","00:00:00","NEW","","","","","","","",""
"1312","17-06-2026 02:15:06","SURIN_PUNE-BFW01","-","No operator","-","No component","-","-","-","26","00:16:50","00:03:38","00:00:00","00:00:00","NEW","","","","","","","",""
"1313","17-06-2026 02:14:50","SURIN-BFW_XTRON_1","-","No operator","-","No component","-","-","-","27","00:16:42","00:03:27","00:00:00","00:00:00","NEW","","","","","","","",""
"1314","17-06-2026 01:05:00","SURIN_PUNE-BFW01","-","No operator","-","No component","-","-","-","25","00:19:08","00:00:58","00:00:00","00:49:59","NEW","","","","","","","",""
"1315","17-06-2026 01:04:51","SURIN_PUNE-BFW02","-","No operator","-","No component","-","-","-","364","00:09:48","00:49:48","00:00:00","01:36:53","NEW","","","","","","","",""
"1316","17-06-2026 01:02:20","SURIN_PUNE-BFW01","-","No operator","-","No component","-","-","-","0","00:00:00","00:00:00","00:02:40","00:00:00","NEW","","","","","","","",""
"1317","17-06-2026 01:02:12","SURIN_PUNE-BFW02","-","No operator","-","No component","-","-","-","0","00:00:00","00:00:00","00:02:39","00:00:00","NEW","","","","","","","",""
"1318","17-06-2026 00:31:46","SURIN_PUNE-BFW01","-","No operator","-","No component","-","-","-","25","00:23:29","00:07:06","00:00:00","00:00:00","NEW","","","","","","","",""
"1319","17-06-2026 00:31:19","SURIN-BFW_XTRON_1","-","No operator","-","No component","40316207604","-","0","26","00:41:15","00:09:00","00:03:22","00:49:55","NEW","","","","","","","",""
"1320","17-06-2026 00:11:23","SURIN_PUNE-BFW01","-","No operator","-","No component","-","-","-","24","00:19:39","00:00:43","00:00:00","00:00:00","NEW","","","","","","","",""
"1321","17-06-2026 00:11:01","SURIN-BFW_XTRON_1","-","No operator","-","No component","-","-","-","25","00:19:40","00:00:39","00:00:00","00:00:00","NEW","","","","","","","",""
"1322","16-06-2026 23:52:36","SURIN_PUNE-BFW01","-","No operator","-","No component","-","-","-","23","00:18:40","00:00:08","00:00:00","00:00:00","NEW","","","","","","","",""
"1323","16-06-2026 23:52:11","SURIN-BFW_XTRON_1","-","No operator","-","No component","-","-","-","24","00:18:43","00:00:07","00:00:00","00:00:00","NEW","","","","","","","",""
"1324","16-06-2026 23:18:25","SURIN_PUNE-BFW01","-","No operator","-","No component","-","-","-","22","00:27:49","00:06:21","00:00:00","00:00:00","NEW","","","","","","","",""
"1325","16-06-2026 23:17:57","SURIN-BFW_XTRON_1","-","No operator","-","No component","40316207604","-","0","23","00:27:37","00:06:24","00:00:14","00:00:00","NEW","","","","","","","",""
"1326","16-06-2026 23:01:23","SURIN_PUNE-BFW01","-","No operator","-","No component","-","-","-","21","00:16:29","00:00:33","00:00:00","00:00:00","NEW","","","","","","","",""
"1327","16-06-2026 23:00:56","SURIN-BFW_XTRON_1","-","No operator","-","No component","-","-","-","22","00:16:28","00:00:33","00:00:00","00:00:00","NEW","","","","","","","",""
"1328","16-06-2026 22:30:33","SURIN_PUNE-BFW01","-","No operator","-","No component","-","-","-","20","00:17:57","00:12:53","00:00:00","00:00:00","NEW","","","","","","","",""
"1329","16-06-2026 22:30:06","SURIN-BFW_XTRON_1","-","No operator","-","No component","-","-","-","21","00:17:57","00:12:54","00:00:00","00:00:00","NEW","","","","","","","",""
"1330","16-06-2026 21:52:49","SURIN_PUNE-BFW01","-","No operator","-","No component","-","-","-","19","00:27:50","00:09:54","00:00:00","00:00:00","NEW","","","","","","","",""
"1331","16-06-2026 21:52:17","SURIN-BFW_XTRON_1","-","No operator","-","No component","40316207604","-","0","20","00:27:15","00:09:59","00:00:35","00:00:00","NEW","","","","","","","",""
"1332","16-06-2026 21:24:06","SURIN-BFW_XTRON_1","-","No operator","-","No component","40316207604","-","0","19","00:15:29","00:09:51","00:02:52","00:00:00","NEW","","","","","","","",""
"1333","16-06-2026 21:24:02","SURIN_PUNE-BFW01","-","No operator","-","No component","-","-","-","18","00:17:55","00:10:51","00:00:00","00:00:00","NEW","","","","","","","",""
"1334","16-06-2026 21:04:04","SURIN_PUNE-BFW01","-","No operator","-","No component","-","-","-","17","00:16:50","00:03:09","00:00:00","00:00:00","NEW","","","","","","","",""
"1335","16-06-2026 21:03:56","SURIN-BFW_XTRON_1","-","No operator","-","No component","40316207604","-","0","18","00:12:47","00:03:05","00:04:19","00:00:00","NEW","","","","","","","",""
"1336","16-06-2026 20:32:27","SURIN_PUNE-BFW01","-","No operator","-","No component","-","-","-","16","00:29:36","00:01:43","00:00:00","00:00:17","NEW","","","","","","","",""
"1337","16-06-2026 20:32:05","SURIN_PUNE-BFW01","-","No operator","-","No component","-","-","-","0","00:00:00","00:00:00","00:00:22","00:00:00","NEW","","","","","","","",""
"1338","16-06-2026 20:22:34","SURIN_PUNE-BFW01","-","No operator","-","No component","-","-","-","16","00:00:00","00:08:39","00:00:00","00:00:53","NEW","","","","","","","",""
"1339","16-06-2026 20:22:17","SURIN-BFW_XTRON_1","-","No operator","-","No component","40316207604","-","0","17","00:28:47","00:10:19","00:01:49","00:00:45","NEW","","","","","","","",""
"1340","16-06-2026 19:37:01","SURIN_PUNE-BFW01","-","No operator","-","No component","-","-","-","15","00:18:32","00:27:02","00:00:00","00:00:00","NEW","","","","","","","",""
"1341","16-06-2026 19:36:28","SURIN-BFW_XTRON_1","-","No operator","-","No component","40316207604","-","0","16","00:18:18","00:27:02","00:00:30","00:00:00","NEW","","","","","","","",""
"1342","16-06-2026 19:07:38","SURIN_PUNE-BFW01","-","No operator","-","No component","-","-","-","14","00:22:13","00:06:25","00:00:00","00:00:00","NEW","","","","","","","",""
"1343","16-06-2026 19:07:11","SURIN-BFW_XTRON_1","-","No operator","-","No component","40316207604","-","0","15","00:23:01","00:06:01","00:00:16","00:00:00","NEW","","","","","","","",""
"1344","16-06-2026 17:31:36","SURIN_PUNE-BFW02","-","No operator","-","No component","-","-","-","364","00:00:00","07:30:36","00:00:00","00:00:00","NEW","","","","","","","",""
"1345","16-06-2026 16:38:41","SURIN_PUNE-BFW02","-","No operator","-","No component","-","-","-","363","00:51:22","00:01:33","00:00:00","00:00:00","NEW","","","","","","","",""
"1346","16-06-2026 14:45:19","SURIN_PUNE-BFW02","-","No operator","-","No component","-","-","-","362","01:00:03","00:39:57","00:00:00","00:00:03","NEW","","","","","","","",""
"1347","16-06-2026 14:08:56","SURIN_PUNE-BFW01","-","No operator","-","No component","-","-","-","13","00:29:50","03:31:56","00:00:00","00:00:03","NEW","","","","","","","",""
"1348","16-06-2026 14:08:30","SURIN-BFW_XTRON_1","-","No operator","-","No component","40304110102||40316207604","-","0","14","00:29:43","04:28:01","00:00:54","00:00:04","NEW","","","","","","","",""
"1349","16-06-2026 13:41:09","SURIN_PUNE-BFW02","-","No operator","-","No component","-","-","-","361","00:49:50","00:13:10","00:00:00","00:00:00","NEW","","","","","","","",""
"1350","16-06-2026 13:20:02","Ofc-Test","2","test operator 2 ","-","No component","-","-","-","354","00:00:39","16:21:53","00:00:00","00:00:00","NEW","","","","","","","",""
"1351","16-06-2026 13:18:02","Ofc-Test","2","test operator 2 ","-","No component","-","-","-","354","00:00:00","00:02:00","00:00:00","00:00:00","NEW","","","","","","","",""
"1352","16-06-2026 13:14:02","Ofc-Test","2","test operator 2 ","-","No component","-","-","-","354","00:00:00","00:04:00","00:00:00","00:00:00","NEW","","","","","","","",""
"1353","16-06-2026 13:12:02","Ofc-Test","2","test operator 2 ","-","No component","-","-","-","354","00:00:00","00:02:00","00:00:00","00:00:00","NEW","","","","","","","",""
"1354","16-06-2026 13:10:02","Ofc-Test","2","test operator 2 ","-","No component","-","-","-","354","00:00:00","00:02:00","00:00:00","00:00:00","NEW","","","","","","","",""
"1355","16-06-2026 13:06:02","Ofc-Test","2","test operator 2 ","-","No component","-","-","-","354","00:00:00","00:04:00","00:00:00","00:00:00","NEW","","","","","","","",""
"1356","16-06-2026 13:02:02","Ofc-Test","2","test operator 2 ","-","No component","-","-","-","354","00:00:00","00:04:00","00:00:00","00:00:00","NEW","","","","","","","",""
"1357","16-06-2026 13:00:02","Ofc-Test","2","test operator 2 ","-","No component","-","-","-","354","00:00:00","00:02:00","00:00:00","00:00:00","NEW","","","","","","","",""
"1358","16-06-2026 12:58:02","Ofc-Test","2","test operator 2 ","-","No component","-","-","-","354","00:00:00","00:02:00","00:00:00","00:00:00","NEW","","","","","","","",""
"1359","16-06-2026 12:52:02","Ofc-Test","2","test operator 2 ","-","No component","-","-","-","354","00:00:00","00:06:00","00:00:00","00:00:00","NEW","","","","","","","",""
"1360","16-06-2026 12:48:02","Ofc-Test","2","test operator 2 ","-","No component","-","-","-","354","00:00:00","00:04:00","00:00:00","00:00:00","NEW","","","","","","","",""
"1361","16-06-2026 12:46:02","Ofc-Test","2","test operator 2 ","-","No component","-","-","-","354","00:00:00","00:02:00","00:00:00","00:00:00","NEW","","","","","","","",""
"1362","16-06-2026 12:42:02","Ofc-Test","2","test operator 2 ","-","No component","-","-","-","354","00:00:00","00:04:00","00:00:00","00:00:00","NEW","","","","","","","",""
"1363","16-06-2026 12:40:02","Ofc-Test","2","test operator 2 ","-","No component","-","-","-","354","00:00:00","00:02:00","00:00:00","00:00:00","NEW","","","","","","","",""
"1364","16-06-2026 12:36:02","Ofc-Test","2","test operator 2 ","-","No component","-","-","-","354","00:00:00","00:04:00","00:00:00","00:00:00","NEW","","","","","","","",""
"1365","16-06-2026 12:32:02","Ofc-Test","2","test operator 2 ","-","No component","-","-","-","354","00:00:00","00:04:00","00:00:00","00:00:00","NEW","","","","","","","",""
"1366","16-06-2026 12:30:02","Ofc-Test","2","test operator 2 ","-","No component","-","-","-","354","00:00:00","00:02:00","00:00:00","00:00:00","NEW","","","","","","","",""
"1367","16-06-2026 12:28:02","Ofc-Test","2","test operator 2 ","-","No component","-","-","-","354","00:00:00","00:02:00","00:00:00","00:00:00","NEW","","","","","","","",""
"1368","16-06-2026 12:22:02","Ofc-Test","2","test operator 2 ","-","No component","-","-","-","354","00:00:00","00:06:00","00:00:00","00:00:00","NEW","","","","","","","",""
"1369","16-06-2026 12:21:01","SURIN_PUNE-BFW02","-","No operator","-","No component","-","-","-","360","01:01:46","00:15:07","00:00:00","00:00:00","NEW","","","","","","","",""
"1370","16-06-2026 12:20:02","Ofc-Test","2","test operator 2 ","-","No component","-","-","-","354","00:00:00","00:02:00","00:00:00","00:00:00","NEW","","","","","","","",""
"1371","16-06-2026 12:16:02","Ofc-Test","2","test operator 2 ","-","No component","-","-","-","354","00:00:00","00:04:00","00:00:00","00:00:00","NEW","","","","","","","",""
"1372","16-06-2026 12:12:02","Ofc-Test","2","test operator 2 ","-","No component","-","-","-","354","00:00:00","00:04:00","00:00:00","00:00:00","NEW","","","","","","","",""
"1373","16-06-2026 12:10:02","Ofc-Test","2","test operator 2 ","-","No component","-","-","-","354","00:00:00","00:02:00","00:00:00","00:00:00","NEW","","","","","","","",""
"1374","16-06-2026 12:08:02","Ofc-Test","2","test operator 2 ","-","No component","-","-","-","354","00:00:00","00:02:00","00:00:00","00:00:00","NEW","","","","","","","",""
"1375","16-06-2026 12:04:02","Ofc-Test","2","test operator 2 ","-","No component","-","-","-","354","00:00:00","00:04:00","00:00:00","00:00:00","NEW","","","","","","","",""
"1376","16-06-2026 12:02:02","Ofc-Test","2","test operator 2 ","-","No component","-","-","-","354","00:00:00","00:02:00","00:00:00","00:00:00","NEW","","","","","","","",""
"1377","16-06-2026 11:58:02","Ofc-Test","2","test operator 2 ","-","No component","-","-","-","354","00:00:00","00:04:00","00:00:00","00:00:00","NEW","","","","","","","",""
"1378","16-06-2026 11:54:02","Ofc-Test","2","test operator 2 ","-","No component","-","-","-","354","00:00:00","00:04:00","00:00:00","00:00:00","NEW","","","","","","","",""
"1379","16-06-2026 11:50:02","Ofc-Test","2","test operator 2 ","-","No component","-","-","-","354","00:00:00","00:04:00","00:00:00","00:00:00","NEW","","","","","","","",""
"1380","16-06-2026 11:48:02","Ofc-Test","2","test operator 2 ","-","No component","-","-","-","354","00:00:00","00:02:00","00:00:00","00:00:00","NEW","","","","","","","",""
"1381","16-06-2026 11:46:02","Ofc-Test","2","test operator 2 ","-","No component","-","-","-","354","00:00:00","00:02:00","00:00:00","00:00:00","NEW","","","","","","","",""
"1382","16-06-2026 11:44:02","Ofc-Test","2","test operator 2 ","-","No component","-","-","-","354","00:00:00","00:02:00","00:00:00","00:00:00","NEW","","","","","","","",""
"1383","16-06-2026 11:42:02","Ofc-Test","2","test operator 2 ","-","No component","-","-","-","354","00:00:00","00:02:00","00:00:00","00:00:00","NEW","","","","","","","",""
"1384","16-06-2026 11:40:02","Ofc-Test","2","test operator 2 ","-","No component","-","-","-","354","00:00:00","00:02:00","00:00:00","00:00:00","NEW","","","","","","","",""
"1385","16-06-2026 11:38:02","Ofc-Test","2","test operator 2 ","-","No component","-","-","-","354","00:00:00","00:02:00","00:00:00","00:00:00","NEW","","","","","","","",""
"1386","16-06-2026 11:36:02","Ofc-Test","2","test operator 2 ","-","No component","-","-","-","354","00:00:00","00:02:00","00:00:00","00:00:00","NEW","","","","","","","",""
"1387","16-06-2026 11:34:02","Ofc-Test","2","test operator 2 ","-","No component","-","-","-","354","00:00:00","00:02:00","00:00:00","00:00:00","NEW","","","","","","","",""
"1388","16-06-2026 11:32:02","Ofc-Test","2","test operator 2 ","-","No component","-","-","-","354","00:00:00","00:02:00","00:00:00","00:00:00","NEW","","","","","","","",""
"1389","16-06-2026 11:28:02","Ofc-Test","2","test operator 2 ","-","No component","-","-","-","354","00:00:00","00:04:00","00:00:00","00:00:00","NEW","","","","","","","",""
"1390","16-06-2026 11:24:02","Ofc-Test","2","test operator 2 ","-","No component","-","-","-","354","00:00:00","00:04:00","00:00:00","00:00:00","NEW","","","","","","","",""
"1391","16-06-2026 11:18:02","Ofc-Test","2","test operator 2 ","-","No component","-","-","-","354","00:00:00","00:06:00","00:00:00","00:00:00","NEW","","","","","","","",""
"1392","16-06-2026 11:14:02","Ofc-Test","2","test operator 2 ","-","No component","-","-","-","354","00:00:00","00:04:00","00:00:00","00:00:00","NEW","","","","","","","",""
"1393","16-06-2026 11:12:02","Ofc-Test","2","test operator 2 ","-","No component","-","-","-","354","00:00:00","00:02:00","00:00:00","00:00:00","NEW","","","","","","","",""
"1394","16-06-2026 11:10:02","Ofc-Test","2","test operator 2 ","-","No component","-","-","-","354","00:00:00","00:02:00","00:00:00","00:00:00","NEW","","","","","","","",""
"1395","16-06-2026 11:06:02","Ofc-Test","2","test operator 2 ","-","No component","-","-","-","354","00:00:00","00:04:00","00:00:00","00:00:00","NEW","","","","","","","",""
"1396","16-06-2026 11:04:02","Ofc-Test","2","test operator 2 ","-","No component","-","-","-","354","00:00:00","00:02:00","00:00:00","00:00:00","NEW","","","","","","","",""
"1397","16-06-2026 11:02:03","Ofc-Test","2","test operator 2 ","-","No component","-","-","-","354","00:00:00","00:01:59","00:00:00","00:00:00","NEW","","","","","","","",""
"1398","16-06-2026 11:00:18","SURIN_PUNE-BFW01","-","No operator","-","No component","-","-","-","12","00:51:26","01:46:17","00:00:00","00:01:10","NEW","","","","","","","",""
"1399","16-06-2026 11:00:07","SURIN_PUNE-BFW02","-","No operator","-","No component","-","-","-","359","01:08:22","00:06:02","00:00:00","00:06:29","NEW","","","","","","","",""
"1400","16-06-2026 11:00:05","SURIN_PUNE-BFW01","-","No operator","-","No component","-","-","-","0","00:00:00","00:00:00","00:00:13","00:00:00","NEW","","","","","","","",""
"1401","16-06-2026 11:00:05","SURIN_PUNE-BFW02","-","No operator","-","No component","-","-","-","0","00:00:00","00:00:00","00:00:02","00:00:00","NEW","","","","","","","",""
"1402","16-06-2026 10:58:29","Ofc-Test","2","test operator 2 ","-","No component","-","-","-","354","00:00:00","00:03:33","00:00:00","00:00:00","NEW","","","","","","","",""
"1403","16-06-2026 10:58:02","Ofc-Test","2","test operator 2 ","-","No component","-","-","-","353","00:00:27","00:00:00","00:00:00","00:00:00","NEW","","","","","","","",""
"1404","16-06-2026 10:57:20","Ofc-Test","2","test operator 2 ","-","No component","-","-","-","353","00:00:12","00:00:30","00:00:00","00:00:00","NEW","","","","","","","",""
"1405","16-06-2026 10:56:02","Ofc-Test","2","test operator 2 ","-","No component","-","-","-","352","00:00:39","00:00:39","00:00:00","00:00:00","NEW","","","","","","","",""
"1406","16-06-2026 10:55:12","Ofc-Test","2","test operator 2 ","-","No component","-","-","-","352","00:00:00","00:00:49","00:00:00","00:00:00","NEW","","","","","","","",""
"1407","16-06-2026 10:31:57","SURIN_PUNE-BFW01","-","No operator","-","No component","-","-","-","12","00:01:02","00:11:24","00:00:00","00:11:51","NEW","","","","","","","",""
"1408","16-06-2026 10:31:48","SURIN_PUNE-BFW02","-","No operator","-","No component","-","-","-","359","00:08:36","00:12:20","00:00:00","00:04:10","NEW","","","","","","","",""
"1409","16-06-2026 10:31:20","SURIN_PUNE-BFW01","-","No operator","-","No component","-","-","-","0","00:00:00","00:00:00","00:00:37","00:00:00","NEW","","","","","","","",""
"1410","16-06-2026 10:31:05","SURIN_PUNE-BFW02","-","No operator","-","No component","-","-","-","0","00:00:00","00:00:00","00:00:43","00:00:00","NEW","","","","","","","",""
"1411","16-06-2026 10:08:39","SURIN_PUNE-BFW01","-","No operator","-","No component","-","-","-","12","00:00:00","00:18:29","00:00:00","00:04:13","NEW","","","","","","","",""
"1412","16-06-2026 10:08:29","SURIN_PUNE-BFW02","-","No operator","-","No component","-","-","-","359","00:05:16","00:15:18","00:00:00","00:02:01","NEW","","","","","","","",""
"1413","16-06-2026 10:08:12","SURIN_PUNE-BFW01","-","No operator","-","No component","-","-","-","0","00:00:00","00:00:00","00:00:27","00:00:00","NEW","","","","","","","",""
"1414","16-06-2026 10:08:10","SURIN_PUNE-BFW02","-","No operator","-","No component","-","-","-","0","00:00:00","00:00:00","00:00:19","00:00:00","NEW","","","","","","","",""
"1415","16-06-2026 09:59:59","SURIN_PUNE-BFW02","-","No operator","-","No component","-","-","-","359","00:05:37","00:02:34","00:00:00","00:00:00","NEW","","","","","","","",""
"1416","16-06-2026 09:13:14","SURIN_PUNE-BFW01","-","No operator","-","No component","-","-","-","12","00:00:00","00:50:37","00:00:00","00:04:21","NEW","","","","","","","",""
"1417","16-06-2026 09:12:45","SURIN-BFW_XTRON_1","-","No operator","-","No component","1||40304110102","-","0","13","00:52:19","03:36:53","00:04:54","00:21:41","NEW","","","","","","","",""
"1418","16-06-2026 08:51:32","SURIN_PUNE-BFW02","-","No operator","-","No component","-","-","-","358","00:58:45","00:08:33","00:00:00","00:00:00","NEW","","","","","","","",""
"1419","16-06-2026 08:18:19","SURIN_PUNE-BFW01","-","No operator","-","No component","-","-","-","11","00:42:22","00:09:07","00:00:00","00:00:00","NEW","","","","","","","",""
"1420","16-06-2026 08:17:54","SURIN-BFW_XTRON_1","-","No operator","-","No component","1","-","0","12","00:42:26","00:12:23","00:00:04","00:00:00","NEW","","","","","","","",""
"1421","16-06-2026 07:47:49","SURIN_PUNE-BFW02","-","No operator","-","No component","-","-","-","357","00:53:17","00:08:55","00:00:00","00:00:00","NEW","","","","","","","",""
"1422","16-06-2026 06:56:01","SURIN_PUNE-BFW01","-","No operator","-","No component","-","-","-","10","00:35:43","00:43:35","00:00:00","00:00:00","NEW","","","","","","","",""
"1423","16-06-2026 06:55:23","SURIN-BFW_XTRON_1","-","No operator","-","No component","1","-","0","11","00:35:34","00:46:49","00:00:09","00:00:00","NEW","","","","","","","",""
"1424","16-06-2026 06:17:07","SURIN_PUNE-BFW02","-","No operator","-","No component","-","-","-","356","01:16:42","00:12:32","00:00:00","00:00:00","NEW","","","","","","","",""
"1425","16-06-2026 06:02:12","SURIN_PUNE-BFW01","-","No operator","-","No component","-","-","-","9","00:38:57","00:10:07","00:00:00","00:00:00","NEW","","","","","","","",""
"1426","16-06-2026 06:01:47","SURIN-BFW_XTRON_1","-","No operator","-","No component","1","-","0","10","00:38:45","00:14:43","00:00:08","00:00:00","NEW","","","","","","","",""
"1427","16-06-2026 05:27:31","SURIN_PUNE-BFW01","-","No operator","-","No component","-","-","-","8","00:32:00","00:01:08","00:00:00","00:01:33","NEW","","","","","","","",""
"1428","16-06-2026 05:27:18","SURIN_PUNE-BFW02","-","No operator","-","No component","-","-","-","355","00:48:06","00:00:55","00:00:00","00:00:47","NEW","","","","","","","",""
"1429","16-06-2026 05:27:18","SURIN-BFW_XTRON_1","-","No operator","-","No component","1","-","0","9","00:32:01","00:01:07","00:00:00","00:01:22","NEW","","","","","","","",""
"1430","16-06-2026 05:27:05","SURIN_PUNE-BFW02","-","No operator","-","No component","-","-","-","0","00:00:00","00:00:00","00:00:13","00:00:00","NEW","","","","","","","",""
"1431","16-06-2026 04:49:40","SURIN_PUNE-BFW02","-","No operator","-","No component","-","-","-","355","00:23:06","00:12:54","00:00:00","00:00:05","NEW","","","","","","","",""
"1432","16-06-2026 02:50:54","SURIN_PUNE-BFW02","-","No operator","-","No component","-","-","-","354","00:54:48","00:46:21","00:00:00","00:00:00","NEW","","","","","","","",""
"1433","15-06-2026 23:16:33","SURIN_PUNE-BFW02","-","No operator","-","No component","-","-","-","353","00:35:39","02:56:21","00:00:00","00:00:00","NEW","","","","","","","",""
"1434","15-06-2026 22:21:55","SURIN_PUNE-BFW02","-","No operator","-","No component","-","-","-","352","00:33:50","00:17:51","00:00:00","00:00:00","NEW","","","","","","","",""
"1435","15-06-2026 21:13:35","SURIN_PUNE-BFW02","-","No operator","-","No component","-","-","-","351","00:33:40","00:32:19","00:00:00","00:00:00","NEW","","","","","","","",""
"1436","15-06-2026 20:36:39","SURIN_PUNE-BFW02","-","No operator","-","No component","-","-","-","350","00:24:18","00:10:38","00:00:00","00:00:00","NEW","","","","","","","",""
"1437","15-06-2026 18:33:48","SURIN_PUNE-BFW02","-","No operator","-","No component","-","-","-","349","00:44:45","01:15:23","00:00:00","00:00:00","NEW","","","","","","","",""
"1438","15-06-2026 18:30:53","SURIN_PUNE-BFW02","-","No operator","-","No component","-","-","-","348","00:01:40","00:01:15","00:00:00","00:00:00","NEW","","","","","","","",""
"1439","15-06-2026 18:27:48","SURIN_PUNE-BFW02","-","No operator","-","No component","-","-","-","347","00:01:40","00:01:26","00:00:00","00:00:00","NEW","","","","","","","",""
"1440","15-06-2026 18:24:59","SURIN_PUNE-BFW02","-","No operator","-","No component","-","-","-","346","00:01:39","00:01:10","00:00:00","00:00:00","NEW","","","","","","","",""
"1441","15-06-2026 18:22:04","SURIN_PUNE-BFW02","-","No operator","-","No component","-","-","-","345","00:01:43","00:01:11","00:00:00","00:00:00","NEW","","","","","","","",""
"1442","15-06-2026 18:18:55","SURIN_PUNE-BFW02","-","No operator","-","No component","-","-","-","344","00:01:34","00:01:35","00:00:00","00:00:00","NEW","","","","","","","",""
"1443","15-06-2026 18:14:54","SURIN_PUNE-BFW02","-","No operator","-","No component","-","-","-","343","00:01:07","00:02:53","00:00:00","00:00:00","NEW","","","","","","","",""
"1444","15-06-2026 18:09:51","SURIN_PUNE-BFW02","-","No operator","-","No component","-","-","-","342","00:01:40","00:03:23","00:00:00","00:00:00","NEW","","","","","","","",""
"1445","15-06-2026 18:07:02","SURIN_PUNE-BFW02","-","No operator","-","No component","-","-","-","341","00:01:39","00:01:09","00:00:00","00:00:00","NEW","","","","","","","",""
"1446","15-06-2026 17:48:12","SURIN_PUNE-BFW02","-","No operator","-","No component","-","-","-","340","00:02:02","00:16:48","00:00:00","00:00:00","NEW","","","","","","","",""
"1447","15-06-2026 17:46:23","SURIN_PUNE-BFW02","-","No operator","-","No component","-","-","-","339","00:01:49","00:00:01","00:00:00","00:00:00","NEW","","","","","","","",""
"1448","15-06-2026 17:41:49","SURIN_PUNE-BFW02","-","No operator","-","No component","-","-","-","338","00:03:16","00:01:17","00:00:00","00:00:00","NEW","","","","","","","",""
"1449","15-06-2026 17:38:36","SURIN_PUNE-BFW02","-","No operator","-","No component","-","-","-","337","00:01:40","00:01:33","00:00:00","00:00:00","NEW","","","","","","","",""
"1450","15-06-2026 17:35:12","SURIN_PUNE-BFW02","-","No operator","-","No component","-","-","-","336","00:01:38","00:01:45","00:00:00","00:00:00","NEW","","","","","","","",""
"1451","15-06-2026 17:31:20","SURIN_PUNE-BFW02","-","No operator","-","No component","-","-","-","335","00:01:36","00:02:17","00:00:00","00:00:00","NEW","","","","","","","",""
"1452","15-06-2026 17:28:30","SURIN_PUNE-BFW02","-","No operator","-","No component","-","-","-","334","00:01:40","00:01:10","00:00:00","00:00:00","NEW","","","","","","","",""
"1453","15-06-2026 17:24:50","SURIN_PUNE-BFW02","-","No operator","-","No component","-","-","-","333","00:01:40","00:02:00","00:00:00","00:00:00","NEW","","","","","","","",""
"1454","15-06-2026 17:21:25","SURIN_PUNE-BFW02","-","No operator","-","No component","-","-","-","332","00:02:11","00:01:14","00:00:00","00:00:00","NEW","","","","","","","",""
"1455","15-06-2026 17:18:27","SURIN_PUNE-BFW02","-","No operator","-","No component","-","-","-","331","00:01:40","00:01:18","00:00:00","00:00:00","NEW","","","","","","","",""
"1456","15-06-2026 17:14:33","SURIN_PUNE-BFW02","-","No operator","-","No component","-","-","-","330","00:01:40","00:02:14","00:00:00","00:00:00","NEW","","","","","","","",""
"1457","15-06-2026 17:11:09","SURIN_PUNE-BFW02","-","No operator","-","No component","-","-","-","329","00:01:41","00:01:42","00:00:00","00:00:00","NEW","","","","","","","",""
"1458","15-06-2026 17:08:15","SURIN_PUNE-BFW02","-","No operator","-","No component","-","-","-","328","00:01:40","00:01:15","00:00:00","00:00:00","NEW","","","","","","","",""
"1459","15-06-2026 17:01:44","SURIN_PUNE-BFW02","-","No operator","-","No component","-","-","-","327","00:01:19","00:05:11","00:00:00","00:00:00","NEW","","","","","","","",""
"1460","15-06-2026 16:55:21","SURIN_PUNE-BFW02","-","No operator","-","No component","-","-","-","326","00:01:42","00:04:41","00:00:00","00:00:00","NEW","","","","","","","",""
"1461","15-06-2026 16:49:24","SURIN_PUNE-BFW02","-","No operator","-","No component","-","-","-","325","00:01:42","00:04:16","00:00:00","00:00:00","NEW","","","","","","","",""
"1462","15-06-2026 16:45:52","SURIN_PUNE-BFW02","-","No operator","-","No component","-","-","-","324","00:01:22","00:02:10","00:00:00","00:00:00","NEW","","","","","","","",""
"1463","15-06-2026 16:43:00","SURIN_PUNE-BFW02","-","No operator","-","No component","-","-","-","323","00:01:42","00:01:11","00:00:00","00:00:00","NEW","","","","","","","",""
"1464","15-06-2026 16:39:27","SURIN_PUNE-BFW02","-","No operator","-","No component","-","-","-","322","00:01:34","00:01:59","00:00:00","00:00:00","NEW","","","","","","","",""
"1465","15-06-2026 16:35:27","SURIN_PUNE-BFW02","-","No operator","-","No component","-","-","-","321","00:01:27","00:02:32","00:00:00","00:00:00","NEW","","","","","","","",""
"1466","15-06-2026 16:31:40","SURIN_PUNE-BFW02","-","No operator","-","No component","-","-","-","320","00:01:40","00:02:07","00:00:00","00:00:00","NEW","","","","","","","",""
"1467","15-06-2026 16:28:06","SURIN_PUNE-BFW02","-","No operator","-","No component","-","-","-","319","00:01:43","00:01:51","00:00:00","00:00:00","NEW","","","","","","","",""
"1468","15-06-2026 16:24:04","SURIN_PUNE-BFW02","-","No operator","-","No component","-","-","-","318","00:02:02","00:02:00","00:00:00","00:00:00","NEW","","","","","","","",""
"1469","15-06-2026 16:21:02","SURIN_PUNE-BFW02","-","No operator","-","No component","-","-","-","317","00:01:34","00:01:28","00:00:00","00:00:00","NEW","","","","","","","",""
"1470","15-06-2026 15:47:10","SURIN_PUNE-BFW02","-","No operator","-","No component","-","-","-","316","00:01:45","00:32:07","00:00:00","00:00:00","NEW","","","","","","","",""
"1471","15-06-2026 15:32:10","SURIN_PUNE-BFW02","-","No operator","-","No component","-","-","-","315","00:01:22","00:13:39","00:00:00","00:00:00","NEW","","","","","","","",""
"1472","15-06-2026 15:29:03","SURIN_PUNE-BFW02","-","No operator","-","No component","-","-","-","314","00:01:35","00:01:32","00:00:00","00:00:00","NEW","","","","","","","",""
"1473","15-06-2026 15:25:05","SURIN_PUNE-BFW02","-","No operator","-","No component","-","-","-","313","00:01:24","00:02:33","00:00:00","00:00:00","NEW","","","","","","","",""
"1474","15-06-2026 15:21:30","SURIN_PUNE-BFW02","-","No operator","-","No component","-","-","-","312","00:01:40","00:01:54","00:00:00","00:00:00","NEW","","","","","","","",""
"1475","15-06-2026 15:16:24","SURIN_PUNE-BFW02","-","No operator","-","No component","-","-","-","311","00:01:40","00:03:26","00:00:00","00:00:00","NEW","","","","","","","",""
"1476","15-06-2026 15:08:20","SURIN_PUNE-BFW02","-","No operator","-","No component","-","-","-","310","00:01:43","00:06:20","00:00:00","00:00:00","NEW","","","","","","","",""
"1477","15-06-2026 15:05:05","SURIN_PUNE-BFW02","-","No operator","-","No component","-","-","-","309","00:01:30","00:01:45","00:00:00","00:00:00","NEW","","","","","","","",""
"1478","15-06-2026 14:59:04","SURIN_PUNE-BFW02","-","No operator","-","No component","-","-","-","308","00:01:55","00:04:06","00:00:00","00:00:00","NEW","","","","","","","",""
"1479","15-06-2026 14:54:33","SURIN_PUNE-BFW02","-","No operator","-","No component","-","-","-","307","00:01:17","00:03:13","00:00:00","00:00:00","NEW","","","","","","","",""
"1480","15-06-2026 14:51:02","SURIN_PUNE-BFW02","-","No operator","-","No component","-","-","-","306","00:00:58","00:02:33","00:00:00","00:00:00","NEW","","","","","","","",""
"1481","15-06-2026 14:47:44","SURIN_PUNE-BFW02","-","No operator","-","No component","-","-","-","305","00:01:48","00:01:30","00:00:00","00:00:00","NEW","","","","","","","",""
"1482","15-06-2026 14:38:02","SURIN_PUNE-BFW01","-","No operator","-","No component","-","-","-","0","00:00:00","00:00:00","14:49:29","00:00:00","NEW","","","","","","","",""
"1483","15-06-2026 14:36:36","SURIN-BFW_XTRON_1","-","No operator","-","No component","1","-","0","8","00:09:11","00:15:19","14:26:13","00:00:00","NEW","","","","","","","",""
"1484","15-06-2026 14:13:28","SURIN_PUNE-BFW02","-","No operator","-","No component","-","-","-","304","00:01:28","00:32:49","00:00:00","00:00:00","NEW","","","","","","","",""
"1485","15-06-2026 14:10:45","SURIN_PUNE-BFW01","-","No operator","-","No component","-","-","-","326","00:18:52","00:08:26","00:00:00","00:00:00","NEW","","","","","","","",""
"1486","15-06-2026 14:10:31","SURIN_PUNE-BFW02","-","No operator","-","No component","-","-","-","303","00:02:13","00:00:44","00:00:00","00:00:00","NEW","","","","","","","",""
"1487","15-06-2026 14:10:21","SURIN-BFW_XTRON_1","-","No operator","-","No component","-","-","-","327","00:17:49","00:08:26","00:00:00","00:00:00","NEW","","","","","","","",""
"1488","15-06-2026 14:07:21","SURIN_PUNE-BFW02","-","No operator","-","No component","-","-","-","302","00:02:12","00:00:57","00:00:00","00:00:00","NEW","","","","","","","",""
"1489","15-06-2026 14:04:49","SURIN_PUNE-BFW02","-","No operator","-","No component","-","-","-","301","00:01:54","00:00:38","00:00:00","00:00:00","NEW","","","","","","","",""
"1490","15-06-2026 14:02:03","SURIN_PUNE-BFW02","-","No operator","-","No component","-","-","-","300","00:01:53","00:00:53","00:00:00","00:00:00","NEW","","","","","","","",""
"1491","15-06-2026 13:59:47","SURIN_PUNE-BFW02","-","No operator","-","No component","-","-","-","299","00:01:23","00:00:53","00:00:00","00:00:00","NEW","","","","","","","",""
"1492","15-06-2026 13:57:36","SURIN_PUNE-BFW02","-","No operator","-","No component","-","-","-","298","00:01:23","00:00:48","00:00:00","00:00:00","NEW","","","","","","","",""
"1493","15-06-2026 13:55:39","SURIN_PUNE-BFW02","-","No operator","-","No component","-","-","-","297","00:01:23","00:00:34","00:00:00","00:00:00","NEW","","","","","","","",""
"1494","15-06-2026 13:53:40","SURIN_PUNE-BFW02","-","No operator","-","No component","-","-","-","296","00:01:24","00:00:35","00:00:00","00:00:00","NEW","","","","","","","",""
"1495","15-06-2026 13:53:17","SURIN_PUNE-BFW01","-","No operator","-","No component","-","-","-","325","00:16:41","00:00:46","00:00:00","00:00:00","NEW","","","","","","","",""
"1496","15-06-2026 13:52:52","SURIN-BFW_XTRON_1","-","No operator","-","No component","-","-","-","326","00:16:41","00:00:48","00:00:00","00:00:00","NEW","","","","","","","",""
"1497","15-06-2026 13:51:51","SURIN_PUNE-BFW02","-","No operator","-","No component","-","-","-","295","00:01:23","00:00:26","00:00:00","00:00:00","NEW","","","","","","","",""
"1498","15-06-2026 13:49:55","SURIN_PUNE-BFW02","-","No operator","-","No component","-","-","-","294","00:01:22","00:00:34","00:00:00","00:00:00","NEW","","","","","","","",""
"1499","15-06-2026 13:47:02","SURIN_PUNE-BFW02","-","No operator","-","No component","-","-","-","293","00:01:19","00:01:34","00:00:00","00:00:00","NEW","","","","","","","",""
"1500","15-06-2026 13:45:07","SURIN_PUNE-BFW02","-","No operator","-","No component","-","-","-","292","00:01:22","00:00:33","00:00:00","00:00:00","NEW","","","","","","","",""
"1501","15-06-2026 13:42:17","SURIN_PUNE-BFW02","-","No operator","-","No component","-","-","-","291","00:01:23","00:01:27","00:00:00","00:00:00","NEW","","","","","","","",""
"1502","15-06-2026 13:39:13","SURIN_PUNE-BFW02","-","No operator","-","No component","-","-","-","290","00:01:29","00:01:35","00:00:00","00:00:00","NEW","","","","","","","",""
"1503","15-06-2026 13:37:27","SURIN_PUNE-BFW02","-","No operator","-","No component","-","-","-","289","00:01:23","00:00:23","00:00:00","00:00:00","NEW","","","","","","","",""
"1504","15-06-2026 13:35:30","SURIN_PUNE-BFW02","-","No operator","-","No component","-","-","-","288","00:01:23","00:00:33","00:00:00","00:00:00","NEW","","","","","","","",""
"1505","15-06-2026 13:33:55","SURIN_PUNE-BFW02","-","No operator","-","No component","-","-","-","287","00:01:00","00:00:35","00:00:00","00:00:00","NEW","","","","","","","",""
"1506","15-06-2026 13:32:37","SURIN_PUNE-BFW02","-","No operator","-","No component","-","-","-","286","00:00:50","00:00:28","00:00:00","00:00:00","NEW","","","","","","","",""
"1507","15-06-2026 13:30:47","SURIN_PUNE-BFW02","-","No operator","-","No component","-","-","-","285","00:01:23","00:00:27","00:00:00","00:00:00","NEW","","","","","","","",""
"1508","15-06-2026 13:28:48","SURIN_PUNE-BFW02","-","No operator","-","No component","-","-","-","284","00:01:22","00:00:37","00:00:00","00:00:00","NEW","","","","","","","",""
"1509","15-06-2026 13:26:59","SURIN_PUNE-BFW02","-","No operator","-","No component","-","-","-","283","00:01:22","00:00:26","00:00:00","00:00:00","NEW","","","","","","","",""
"1510","15-06-2026 13:25:02","SURIN_PUNE-BFW02","-","No operator","-","No component","-","-","-","282","00:01:28","00:00:29","00:00:00","00:00:00","NEW","","","","","","","",""
"1511","15-06-2026 13:23:05","SURIN_PUNE-BFW02","-","No operator","-","No component","-","-","-","281","00:01:27","00:00:30","00:00:00","00:00:00","NEW","","","","","","","",""
"1512","15-06-2026 13:20:44","SURIN_PUNE-BFW02","-","No operator","-","No component","-","-","-","280","00:01:28","00:00:52","00:00:00","00:00:00","NEW","","","","","","","",""
"1513","15-06-2026 13:18:38","SURIN_PUNE-BFW02","-","No operator","-","No component","-","-","-","279","00:01:27","00:00:38","00:00:00","00:00:00","NEW","","","","","","","",""
"1514","15-06-2026 13:14:54","SURIN_PUNE-BFW02","-","No operator","-","No component","-","-","-","278","00:01:31","00:02:14","00:00:00","00:00:00","NEW","","","","","","","",""
"1515","15-06-2026 13:13:06","SURIN_PUNE-BFW02","-","No operator","-","No component","-","-","-","277","00:01:11","00:00:36","00:00:00","00:00:00","NEW","","","","","","","",""
"1516","15-06-2026 13:09:52","SURIN_PUNE-BFW02","-","No operator","-","No component","-","-","-","276","00:01:23","00:01:51","00:00:00","00:00:00","NEW","","","","","","","",""
"1517","15-06-2026 13:06:56","SURIN_PUNE-BFW02","-","No operator","-","No component","-","-","-","275","00:01:23","00:01:34","00:00:00","00:00:00","NEW","","","","","","","",""
"1518","15-06-2026 13:03:38","SURIN_PUNE-BFW02","-","No operator","-","No component","-","-","-","274","00:01:26","00:01:51","00:00:00","00:00:00","NEW","","","","","","","",""
"1519","15-06-2026 13:01:50","SURIN_PUNE-BFW02","-","No operator","-","No component","-","-","-","273","00:01:24","00:00:25","00:00:00","00:00:00","NEW","","","","","","","",""
"1520","15-06-2026 12:59:46","SURIN_PUNE-BFW02","-","No operator","-","No component","-","-","-","272","00:01:21","00:00:42","00:00:00","00:00:00","NEW","","","","","","","",""
"1521","15-06-2026 12:57:47","SURIN_PUNE-BFW02","-","No operator","-","No component","-","-","-","271","00:01:23","00:00:36","00:00:00","00:00:00","NEW","","","","","","","",""
"1522","15-06-2026 12:55:53","SURIN_PUNE-BFW02","-","No operator","-","No component","-","-","-","270","00:01:23","00:00:31","00:00:00","00:00:00","NEW","","","","","","","",""
"1523","15-06-2026 12:53:27","SURIN_PUNE-BFW02","-","No operator","-","No component","-","-","-","269","00:01:46","00:00:40","00:00:00","00:00:00","NEW","","","","","","","",""
"1524","15-06-2026 12:52:58","SURIN_PUNE-BFW01","-","No operator","-","No component","-","-","-","324","00:44:30","00:15:49","00:00:00","00:00:00","NEW","","","","","","","",""
"1525","15-06-2026 12:52:20","SURIN-BFW_XTRON_1","-","No operator","-","No component","-","-","-","325","00:44:24","00:16:09","00:00:00","00:00:00","NEW","","","","","","","",""
"1526","15-06-2026 12:51:26","SURIN_PUNE-BFW02","-","No operator","-","No component","-","-","-","268","00:01:23","00:00:38","00:00:00","00:00:00","NEW","","","","","","","",""
"1527","15-06-2026 12:49:18","SURIN_PUNE-BFW02","-","No operator","-","No component","-","-","-","267","00:01:22","00:00:46","00:00:00","00:00:00","NEW","","","","","","","",""
"1528","15-06-2026 12:47:11","SURIN_PUNE-BFW02","-","No operator","-","No component","-","-","-","266","00:01:22","00:00:45","00:00:00","00:00:00","NEW","","","","","","","",""
"1529","15-06-2026 12:45:20","SURIN_PUNE-BFW02","-","No operator","-","No component","-","-","-","265","00:01:22","00:00:28","00:00:00","00:00:00","NEW","","","","","","","",""
"1530","15-06-2026 12:43:31","SURIN_PUNE-BFW02","-","No operator","-","No component","-","-","-","264","00:01:23","00:00:27","00:00:00","00:00:00","NEW","","","","","","","",""
"1531","15-06-2026 12:40:27","SURIN_PUNE-BFW02","-","No operator","-","No component","-","-","-","263","00:01:53","00:01:11","00:00:00","00:00:00","NEW","","","","","","","",""
"1532","15-06-2026 12:38:04","SURIN_PUNE-BFW02","-","No operator","-","No component","-","-","-","262","00:01:18","00:01:04","00:00:00","00:00:00","NEW","","","","","","","",""
"1533","15-06-2026 12:35:48","SURIN_PUNE-BFW02","-","No operator","-","No component","-","-","-","261","00:01:17","00:00:59","00:00:00","00:00:00","NEW","","","","","","","",""
"1534","15-06-2026 12:35:17","SURIN_PUNE-BFW01","-","No operator","-","No component","-","-","-","323","00:16:41","00:01:00","00:00:00","00:00:00","NEW","","","","","","","",""
"1535","15-06-2026 12:34:51","SURIN-BFW_XTRON_1","-","No operator","-","No component","-","-","-","324","00:16:27","00:01:02","00:00:00","00:00:00","NEW","","","","","","","",""
"1536","15-06-2026 12:33:09","SURIN_PUNE-BFW02","-","No operator","-","No component","-","-","-","260","00:01:19","00:01:20","00:00:00","00:00:00","NEW","","","","","","","",""
"1537","15-06-2026 12:31:19","SURIN_PUNE-BFW02","-","No operator","-","No component","-","-","-","259","00:01:18","00:00:32","00:00:00","00:00:00","NEW","","","","","","","",""
"1538","15-06-2026 12:29:33","SURIN_PUNE-BFW02","-","No operator","-","No component","-","-","-","258","00:01:17","00:00:29","00:00:00","00:00:00","NEW","","","","","","","",""
"1539","15-06-2026 12:27:47","SURIN_PUNE-BFW02","-","No operator","-","No component","-","-","-","257","00:01:18","00:00:28","00:00:00","00:00:00","NEW","","","","","","","",""
"1540","15-06-2026 12:25:56","SURIN_PUNE-BFW02","-","No operator","-","No component","-","-","-","256","00:01:18","00:00:34","00:00:00","00:00:00","NEW","","","","","","","",""
"1541","15-06-2026 12:23:41","SURIN_PUNE-BFW02","-","No operator","-","No component","-","-","-","255","00:01:21","00:00:54","00:00:00","00:00:00","NEW","","","","","","","",""
"1542","15-06-2026 12:21:39","SURIN_PUNE-BFW02","-","No operator","-","No component","-","-","-","254","00:01:34","00:00:28","00:00:00","00:00:00","NEW","","","","","","","",""
"1543","15-06-2026 12:19:32","SURIN_PUNE-BFW02","-","No operator","-","No component","-","-","-","253","00:01:17","00:00:50","00:00:00","00:00:00","NEW","","","","","","","",""
"1544","15-06-2026 12:16:07","SURIN_PUNE-BFW02","-","No operator","-","No component","-","-","-","252","00:01:18","00:02:07","00:00:00","00:00:00","NEW","","","","","","","",""
"1545","15-06-2026 12:13:59","SURIN_PUNE-BFW01","-","No operator","-","No component","-","-","-","322","00:17:56","00:03:22","00:00:00","00:00:00","NEW","","","","","","","",""
"1546","15-06-2026 12:13:53","SURIN_PUNE-BFW02","-","No operator","-","No component","-","-","-","251","00:01:16","00:00:57","00:00:00","00:00:00","NEW","","","","","","","",""
"1547","15-06-2026 12:13:35","SURIN-BFW_XTRON_1","-","No operator","-","No component","-","-","-","323","00:17:54","00:03:22","00:00:00","00:00:00","NEW","","","","","","","",""
"1548","15-06-2026 11:33:18","Ofc-Test","104||2","Muthukumar||test operator 2 ","77113413","BASE HOGOUT","-","-","-","0","00:10:34","05:29:46","17:18:35","00:22:58","NEW","","","","","","","",""
"1549","15-06-2026 11:28:07","Ofc-Test","104","Muthukumar","77113413","BASE HOGOUT","-","-","-","336","00:00:00","00:04:49","00:00:22","00:00:00","NEW","","","","","","","",""
"1550","15-06-2026 11:25:22","Ofc-Test","104","Muthukumar","77113413","BASE HOGOUT","-","-","-","335","00:00:39","00:01:27","00:00:00","00:00:38","NEW","","","","","","","",""
"1551","15-06-2026 11:25:18","Ofc-Test","104","Muthukumar","77113413","BASE HOGOUT","-","-","-","0","00:00:00","00:00:00","00:00:05","00:00:00","NEW","","","","","","","",""
"1552","15-06-2026 11:19:52","Ofc-Test","104","Muthukumar","77113413","BASE HOGOUT","-","-","-","335","00:00:00","00:05:25","00:00:00","00:00:00","NEW","","","","","","","",""
"1553","15-06-2026 10:57:24","Ofc-Test","104","Muthukumar","77113413","BASE HOGOUT","-","-","-","334","00:00:39","00:16:58","00:00:42","00:04:09","NEW","","","","","","","",""
"1554","15-06-2026 10:55:32","Ofc-Test","104","Muthukumar","77113413","BASE HOGOUT","-","-","-","333","00:00:39","00:01:02","00:00:00","00:00:00","NEW","","","","","","","",""
"1555","15-06-2026 10:53:44","SURIN_PUNE-BFW02","-","No operator","-","No component","-","-","-","250","00:03:55","01:16:10","00:00:00","00:00:04","NEW","","","","","","","",""
"1556","15-06-2026 10:39:56","Ofc-Test","104","Muthukumar","77113413","BASE HOGOUT","-","-","-","332","00:00:39","00:12:54","00:00:05","00:01:57","NEW","","","","","","","",""
"1557","15-06-2026 10:34:31","Ofc-Test","109||104","Rahul1||Muthukumar","43115354||77113413","FACE GEAR||BASE HOGOUT","-","-","-","331","00:00:39","00:04:47","00:00:00","00:00:00","NEW","","","","","","","",""
"1558","15-06-2026 10:27:11","Ofc-Test","109","Rahul1","43115354","FACE GEAR","-","-","-","330","00:00:39","00:06:41","00:00:00","00:00:00","NEW","","","","","","","",""
"1559","15-06-2026 10:25:00","Ofc-Test","109","Rahul1","43115354","FACE GEAR","-","-","-","329","00:00:39","00:01:32","00:00:00","00:00:00","NEW","","","","","","","",""
"1560","15-06-2026 10:21:38","SURIN_PUNE-BFW01","-","No operator","-","No component","-","-","-","321","00:51:10","01:01:11","00:00:00","00:00:00","NEW","","","","","","","",""
"1561","15-06-2026 10:21:14","SURIN-BFW_XTRON_1","-","No operator","-","No component","40316207604","-","0","322","00:50:36","01:01:37","00:00:09","00:00:01","NEW","","","","","","","",""
"1562","15-06-2026 10:18:34","Ofc-Test","103||109","Vasu||Rahul1","120925||43115354","END CAP M2||FACE GEAR","-","-","-","329","00:00:00","00:06:25","00:00:00","00:00:00","NEW","","","","","","","",""
"1563","15-06-2026 10:07:18","Ofc-Test","-","No operator","-","No component","-","-","-","0","00:00:00","00:00:00","00:11:16","00:00:00","NEW","","","","","","","",""
"1564","15-06-2026 10:03:19","SURIN_PUNE-BFW01","-","No operator","-","No component","-","-","-","320","00:17:47","00:00:32","00:00:00","00:00:00","NEW","","","","","","","",""
"1565","15-06-2026 10:02:55","SURIN-BFW_XTRON_1","-","No operator","-","No component","-","-","-","321","00:17:48","00:00:31","00:00:00","00:00:00","NEW","","","","","","","",""
"1566","15-06-2026 10:02:13","Ofc-Test","-","No operator","-","No component","-","-","-","329","00:00:00","00:05:05","00:00:00","00:00:00","NEW","","","","","","","",""
"1567","15-06-2026 09:55:00","Ofc-Test","-","No operator","-","No component","-","-","-","328","00:00:39","00:06:34","00:00:00","00:00:00","NEW","","","","","","","",""
"1568","15-06-2026 09:51:14","Ofc-Test","-","No operator","-","No component","-","-","-","328","00:00:00","00:03:45","00:00:00","00:00:00","NEW","","","","","","","",""
"1569","15-06-2026 09:49:09","SURIN_PUNE-BFW02","-","No operator","-","No component","-","-","-","249","00:05:07","00:53:17","00:00:00","00:00:00","NEW","","","","","","","",""
"1570","15-06-2026 09:40:07","Ofc-Test","-","No operator","-","No component","-","-","-","327","00:00:39","00:10:28","00:00:00","00:00:00","NEW","","","","","","","",""
"1571","15-06-2026 09:35:30","SURIN_PUNE-BFW01","-","No operator","-","No component","-","-","-","319","00:26:30","00:01:18","00:00:00","00:00:00","NEW","","","","","","","",""
"1572","15-06-2026 09:35:06","SURIN-BFW_XTRON_1","-","No operator","-","No component","-","-","-","320","00:26:30","00:01:19","00:00:00","00:00:00","NEW","","","","","","","",""
"1573","15-06-2026 09:33:27","Ofc-Test","-","No operator","-","No component","-","-","-","326","00:00:39","00:06:01","00:00:00","00:00:00","NEW","","","","","","","",""
"1574","15-06-2026 09:33:09","SURIN_PUNE-BFW02","-","No operator","-","No component","-","-","-","248","00:10:04","00:05:57","00:00:00","00:00:00","NEW","","","","","","","",""
"1575","15-06-2026 09:30:52","Ofc-Test","-","No operator","-","No component","-","-","-","325","00:00:39","00:01:56","00:00:00","00:00:00","NEW","","","","","","","",""
"1576","15-06-2026 09:12:35","SURIN_PUNE-BFW02","-","No operator","-","No component","-","-","-","247","00:10:03","00:10:30","00:00:00","00:00:00","NEW","","","","","","","",""
"1577","15-06-2026 08:58:48","SURIN_PUNE-BFW01","-","No operator","1","test","-","-","-","318","00:33:34","00:01:13","00:00:00","00:01:55","NEW","","","","","","","",""
"1578","15-06-2026 08:58:39","SURIN_PUNE-BFW02","-","No operator","-","No component","-","-","-","246","00:10:04","00:00:32","00:00:00","00:03:20","NEW","","","","","","","",""
"1579","15-06-2026 08:55:36","SURIN_PUNE-BFW01","-","No operator","1","test","-","-","-","0","00:00:00","00:00:00","00:03:12","00:00:00","NEW","","","","","","","",""
"1580","15-06-2026 08:55:35","SURIN_PUNE-BFW02","-","No operator","-","No component","-","-","-","0","00:00:00","00:00:00","00:03:04","00:00:00","NEW","","","","","","","",""
"1581","15-06-2026 08:48:20","SURIN_PUNE-BFW02","-","No operator","-","No component","-","-","-","246","00:00:00","00:07:15","00:00:00","00:00:00","NEW","","","","","","","",""
"1582","15-06-2026 08:31:19","SURIN_PUNE-BFW01","-","No operator","1","test","-","-","-","318","00:17:54","00:06:23","00:00:00","00:00:00","NEW","","","","","","","",""
"1583","15-06-2026 08:30:55","SURIN-BFW_XTRON_1","-","No operator","-","No component","40316207604","-","0","319","00:51:03","00:07:35","00:03:43","00:01:51","NEW","","","","","","","",""
"1584","15-06-2026 08:28:02","Ofc-Test","-","No operator","-","No component","-","-","-","0","00:00:00","00:00:00","00:01:57","00:00:00","NEW","","","","","","","",""
"1585","15-06-2026 08:26:52","Ofc-Test","-","No operator","-","No component","-","-","-","325","00:00:00","00:01:10","00:00:00","00:00:00","NEW","","","","","","","",""
"1586","15-06-2026 08:26:47","SURIN_PUNE-BFW02","-","No operator","-","No component","-","-","-","245","00:10:04","00:11:28","00:00:00","00:00:00","NEW","","","","","","","",""
"1587","15-06-2026 08:24:13","Ofc-Test","-","No operator","-","No component","-","-","-","324","00:00:39","00:01:59","00:00:00","00:00:00","NEW","","","","","","","",""
"1588","15-06-2026 08:21:02","Ofc-Test","-","No operator","-","No component","-","-","-","323","00:00:39","00:02:32","00:00:00","00:00:00","NEW","","","","","","","",""
"1589","15-06-2026 08:13:14","SURIN_PUNE-BFW02","-","No operator","-","No component","-","-","-","244","00:10:08","00:03:25","00:00:00","00:00:00","NEW","","","","","","","",""
"1590","15-06-2026 08:12:34","SURIN_PUNE-BFW01","-","No operator","1","test","-","-","-","317","00:17:51","00:00:54","00:00:00","00:00:00","NEW","","","","","","","",""
"1591","15-06-2026 08:12:12","SURIN-BFW_XTRON_1","-","No operator","-","No component","-","-","-","318","00:17:51","00:00:53","00:00:00","00:00:00","NEW","","","","","","","",""
"1592","15-06-2026 07:56:55","Ofc-Test","-","No operator","-","No component","-","-","-","322","00:00:00","00:03:05","00:00:00","00:00:00","NEW","","","","","","","",""
"1593","15-06-2026 07:55:22","SURIN_PUNE-BFW01","-","No operator","1","test","-","-","-","316","00:16:41","00:00:31","00:00:00","00:00:00","NEW","","","","","","","",""
"1594","15-06-2026 07:54:59","SURIN-BFW_XTRON_1","-","No operator","-","No component","-","-","-","317","00:16:41","00:00:33","00:00:00","00:00:00","NEW","","","","","","","",""
"1595","15-06-2026 07:54:28","Ofc-Test","-","No operator","-","No component","-","-","-","321","00:00:39","00:01:47","00:00:00","00:00:00","NEW","","","","","","","",""
"1596","15-06-2026 07:53:44","SURIN_PUNE-BFW02","-","No operator","-","No component","-","-","-","243","00:10:10","00:09:20","00:00:00","00:00:00","NEW","","","","","","","",""
"1597","15-06-2026 07:40:54","SURIN_PUNE-BFW02","-","No operator","-","No component","-","-","-","242","00:09:56","00:02:55","00:00:00","00:00:00","NEW","","","","","","","",""
"1598","15-06-2026 07:27:06","Ofc-Test","-","No operator","-","No component","-","-","-","320","00:00:39","00:26:43","00:00:00","00:00:00","NEW","","","","","","","",""
"1599","15-06-2026 07:19:32","SURIN_PUNE-BFW02","-","No operator","-","No component","-","-","-","241","00:10:56","00:10:26","00:00:00","00:00:00","NEW","","","","","","","",""
"1600","15-06-2026 07:13:45","Ofc-Test","-","No operator","-","No component","-","-","-","319","00:00:39","00:12:42","00:00:00","00:00:00","NEW","","","","","","","",""
"1601","15-06-2026 07:07:42","Ofc-Test","-","No operator","-","No component","-","-","-","318","00:00:39","00:05:24","00:00:00","00:00:00","NEW","","","","","","","",""
"1602","15-06-2026 06:50:20","Ofc-Test","-","No operator","-","No component","-","-","-","317","00:00:39","00:16:43","00:00:00","00:00:00","NEW","","","","","","","",""
"1603","15-06-2026 06:43:28","SURIN_PUNE-BFW02","-","No operator","-","No component","-","-","-","240","00:27:17","00:08:48","00:00:00","00:00:00","NEW","","","","","","","",""
"1604","15-06-2026 06:29:14","SURIN_PUNE-BFW01","-","No operator","1","test","-","-","-","315","00:46:30","00:39:38","00:00:00","00:00:00","NEW","","","","","","","",""
"1605","15-06-2026 06:28:51","SURIN-BFW_XTRON_1","-","No operator","-","No component","40316207604","-","0","316","00:46:21","00:38:05","00:01:42","00:00:00","NEW","","","","","","","",""
"1606","15-06-2026 06:18:33","SURIN_PUNE-BFW02","-","No operator","-","No component","-","-","-","239","00:18:16","00:06:38","00:00:00","00:00:00","NEW","","","","","","","",""
"1607","15-06-2026 06:09:52","SURIN_PUNE-BFW01","-","No operator","1","test","-","-","-","314","00:16:56","00:02:27","00:00:00","00:00:00","NEW","","","","","","","",""
"1608","15-06-2026 06:09:30","SURIN-BFW_XTRON_1","-","No operator","-","No component","40316207604","-","0","315","00:16:52","00:02:26","00:00:04","00:00:00","NEW","","","","","","","",""
"1609","15-06-2026 06:00:50","SURIN_PUNE-BFW02","-","No operator","-","No component","-","-","-","238","00:09:51","00:07:53","00:00:00","00:00:00","NEW","","","","","","","",""
"1610","15-06-2026 06:00:02","Ofc-Test","-","No operator","-","No component","-","-","-","316","00:00:39","00:49:39","00:00:00","00:00:00","NEW","","","","","","","",""
"1611","15-06-2026 05:59:36","Ofc-Test","-","No operator","-","No component","-","-","-","0","00:00:00","00:00:00","00:00:26","00:00:00","NEW","","","","","","","",""
"1612","15-06-2026 05:59:08","Ofc-Test","-","No operator","-","No component","-","-","-","316","00:00:00","00:00:18","00:00:10","00:00:00","NEW","","","","","","","",""
"1613","15-06-2026 05:49:54","SURIN_PUNE-BFW01","-","No operator","1","test","-","-","-","313","00:18:02","00:01:55","00:00:00","00:00:00","NEW","","","","","","","",""
"1614","15-06-2026 05:49:31","SURIN-BFW_XTRON_1","-","No operator","-","No component","-","-","-","314","00:18:03","00:01:57","00:00:00","00:00:00","NEW","","","","","","","",""
"1615","15-06-2026 05:47:02","SURIN_PUNE-BFW02","-","No operator","-","No component","-","-","-","237","00:09:52","00:03:55","00:00:00","00:00:00","NEW","","","","","","","",""
"1616","15-06-2026 05:42:13","Ofc-Test","-","No operator","-","No component","-","-","-","98","00:00:00","00:16:55","00:00:00","00:00:00","NEW","","","","","","","",""
"1617","15-06-2026 05:42:04","Ofc-Test","-","No operator","-","No component","-","-","-","316","00:00:00","00:00:09","00:00:00","00:00:00","NEW","","","","","","","",""
"1618","15-06-2026 05:42:04","Ofc-Test","-","No operator","-","No component","-","-","-","0","00:00:00","00:00:00","00:00:00","00:00:00","NEW","","","","","","","",""
"1619","15-06-2026 05:40:08","Ofc-Test","-","No operator","-","No component","-","-","-","316","00:00:00","00:01:57","00:00:00","00:00:00","NEW","","","","","","","",""
"1620","15-06-2026 05:40:04","Ofc-Test","-","No operator","-","No component","-","-","-","0","00:00:00","00:00:03","00:00:00","00:00:00","NEW","","","","","","","",""
"1621","15-06-2026 05:29:31","SURIN_PUNE-BFW02","-","No operator","-","No component","-","-","-","236","00:09:56","00:07:36","00:00:00","00:00:00","NEW","","","","","","","",""
"1622","15-06-2026 05:26:04","Ofc-Test","-","No operator","-","No component","-","-","-","316","00:00:00","00:14:00","00:00:00","00:00:00","NEW","","","","","","","",""
"1623","15-06-2026 05:26:04","Ofc-Test","-","No operator","-","No component","-","-","-","0","00:00:00","00:00:00","00:00:00","00:00:00","NEW","","","","","","","",""
"1624","15-06-2026 05:15:45","SURIN_PUNE-BFW02","-","No operator","-","No component","-","-","-","235","00:10:11","00:03:34","00:00:00","00:00:00","NEW","","","","","","","",""
"1625","15-06-2026 05:03:25","SURIN-BFW_XTRON_1","-","No operator","-","No component","40316207604","-","0","313","00:46:04","00:00:02","00:00:00","00:00:00","NEW","","","","","","","",""
"1626","15-06-2026 05:00:17","Ofc-Test","-","No operator","-","No component","-","-","-","316","00:00:00","00:25:47","00:00:00","00:00:00","NEW","","","","","","","",""
"1627","15-06-2026 04:58:09","SURIN_PUNE-BFW02","-","No operator","-","No component","-","-","-","234","00:09:53","00:07:43","00:00:00","00:00:00","NEW","","","","","","","",""
"1628","15-06-2026 04:57:20","SURIN_PUNE-BFW01","-","No operator","1","test","-","-","-","312","00:46:37","00:05:57","00:00:00","00:00:00","NEW","","","","","","","",""
"1629","15-06-2026 04:42:02","SURIN_PUNE-BFW02","-","No operator","-","No component","-","-","-","233","00:11:04","00:05:02","00:00:00","00:00:00","NEW","","","","","","","",""
"1630","15-06-2026 04:38:42","SURIN_PUNE-BFW01","-","No operator","1","test","-","-","-","311","00:18:06","00:00:32","00:00:00","00:00:00","NEW","","","","","","","",""
"1631","15-06-2026 04:38:18","SURIN-BFW_XTRON_1","-","No operator","-","No component","40316207604","-","0","312","00:15:26","00:00:32","00:09:10","00:00:00","NEW","","","","","","","",""
"1632","15-06-2026 04:21:21","SURIN_PUNE-BFW02","-","No operator","-","No component","-","-","-","232","00:10:23","00:10:18","00:00:00","00:00:00","NEW","","","","","","","",""
"1633","15-06-2026 04:18:51","SURIN_PUNE-BFW01","-","No operator","1","test","-","-","-","310","00:16:56","00:02:54","00:00:00","00:00:00","NEW","","","","","","","",""
"1634","15-06-2026 04:18:27","SURIN-BFW_XTRON_1","-","No operator","-","No component","-","-","-","311","00:16:56","00:02:55","00:00:00","00:00:00","NEW","","","","","","","",""
"1635","15-06-2026 04:06:40","SURIN_PUNE-BFW02","-","No operator","-","No component","-","-","-","231","00:09:53","00:04:48","00:00:00","00:00:00","NEW","","","","","","","",""
"1636","15-06-2026 03:05:53","SURIN_PUNE-BFW02","-","No operator","-","No component","-","-","-","230","00:11:56","00:32:18","00:00:00","00:08:31","NEW","","","","","","","",""
"1637","15-06-2026 02:59:55","SURIN_PUNE-BFW01","-","No operator","1","test","-","-","-","309","00:37:30","00:13:01","00:00:00","00:28:26","NEW","","","","","","","",""
"1638","15-06-2026 00:30:00","Ofc-Test","-","No operator","-","No component","-","-","-","315","00:00:39","04:29:38","00:00:00","00:00:00","NEW","","","","","","","",""
"1639","14-06-2026 12:32:05","SURIN_PUNE-BFW02","-","No operator","-","No component","-","-","-","0","00:00:00","00:00:00","14:33:48","00:00:00","NEW","","","","","","","",""
"1640","14-06-2026 12:31:34","SURIN_PUNE-BFW01","-","No operator","1","test","-","-","-","0","00:00:00","00:00:00","14:28:21","00:00:00","NEW","","","","","","","",""
"1641","14-06-2026 12:28:35","SURIN_PUNE-BFW01","-","No operator","1","test","-","-","-","309","00:00:00","00:00:17","00:00:00","00:02:41","NEW","","","","","","","",""
"1642","14-06-2026 12:28:13","SURIN-BFW_XTRON_1","-","No operator","-","No component","40316207604","-","0","310","00:37:29","00:13:18","14:31:36","00:27:52","NEW","","","","","","","",""
"1643","14-06-2026 12:16:47","SURIN_PUNE-BFW01","-","No operator","1","test","-","-","-","308","00:11:30","00:00:18","00:00:00","00:00:00","NEW","","","","","","","",""
"1644","14-06-2026 12:16:25","SURIN-BFW_XTRON_1","-","No operator","-","No component","-","-","-","309","00:11:30","00:00:18","00:00:00","00:00:00","NEW","","","","","","","",""
"1645","14-06-2026 12:12:00","Ofc-Test","-","No operator","-","No component","-","-","-","315","00:00:00","12:18:00","00:00:00","00:00:00","NEW","","","","","","","",""
"1646","14-06-2026 12:11:27","SURIN_PUNE-BFW02","-","No operator","-","No component","-","-","-","230","00:00:06","00:20:27","00:00:00","00:00:00","NEW","","","","","","","",""
"1647","14-06-2026 12:05:09","SURIN_PUNE-BFW01","-","No operator","1","test","-","-","-","307","00:11:24","00:00:14","00:00:00","00:00:00","NEW","","","","","","","",""
"1648","14-06-2026 12:04:46","SURIN-BFW_XTRON_1","-","No operator","-","No component","-","-","-","308","00:11:24","00:00:15","00:00:00","00:00:00","NEW","","","","","","","",""
"1649","14-06-2026 11:29:05","SURIN_PUNE-BFW01","-","No operator","1","test","-","-","-","306","00:29:45","00:06:18","00:00:00","00:00:00","NEW","","","","","","","",""
"1650","14-06-2026 11:28:22","SURIN-BFW_XTRON_1","-","No operator","-","No component","-","-","-","307","00:29:45","00:06:40","00:00:00","00:00:00","NEW","","","","","","","",""
"1651","14-06-2026 11:17:00","SURIN_PUNE-BFW01","-","No operator","1","test","-","-","-","305","00:11:03","00:01:02","00:00:00","00:00:00","NEW","","","","","","","",""
"1652","14-06-2026 11:16:37","SURIN-BFW_XTRON_1","-","No operator","-","No component","-","-","-","306","00:10:01","00:01:45","00:00:00","00:00:00","NEW","","","","","","","",""
"1653","14-06-2026 11:05:34","SURIN_PUNE-BFW02","-","No operator","-","No component","-","-","-","229","00:54:41","00:11:07","00:00:00","00:00:04","NEW","","","","","","","",""
"1654","14-06-2026 09:27:14","SURIN_PUNE-BFW02","-","No operator","-","No component","-","-","-","228","01:04:47","00:33:26","00:00:00","00:00:00","NEW","","","","","","","",""
"1655","14-06-2026 08:22:44","SURIN_PUNE-BFW02","-","No operator","-","No component","-","-","-","227","00:50:48","00:10:45","00:00:00","00:00:00","NEW","","","","","","","",""
"1656","14-06-2026 06:50:36","SURIN_PUNE-BFW01","-","No operator","1","test","-","-","-","304","00:15:22","01:47:59","00:00:00","02:23:03","NEW","","","","","","","",""
"1657","14-06-2026 06:50:15","SURIN-BFW_XTRON_1","-","No operator","-","No component","40316207604","-","0","305","00:15:09","01:44:05","00:04:22","02:22:48","NEW","","","","","","","",""
"1658","14-06-2026 06:18:24","SURIN_PUNE-BFW02","-","No operator","-","No component","-","-","-","226","00:57:33","00:27:35","00:00:00","00:39:12","NEW","","","","","","","",""
"1659","14-06-2026 04:07:57","SURIN_PUNE-BFW02","-","No operator","-","No component","-","-","-","225","01:02:34","01:00:22","00:00:00","00:07:27","NEW","","","","","","","",""
"1660","14-06-2026 02:47:12","SURIN_PUNE-BFW01","-","No operator","1","test","-","-","-","303","00:35:51","03:02:04","00:00:00","00:13:39","NEW","","","","","","","",""
"1661","14-06-2026 02:46:50","SURIN-BFW_XTRON_1","-","No operator","-","No component","1||40316207604","-","0","304","00:35:03","03:10:49","00:03:57","00:13:37","NEW","","","","","","","",""
"1662","14-06-2026 02:25:18","SURIN_PUNE-BFW02","-","No operator","-","No component","-","-","-","224","00:47:41","00:50:59","00:00:00","00:00:00","NEW","","","","","","","",""
"1663","14-06-2026 00:35:29","SURIN_PUNE-BFW01","-","No operator","1","test","-","-","-","302","01:32:38","00:36:16","00:00:00","00:00:00","NEW","","","","","","","",""
"1664","14-06-2026 00:35:08","SURIN-BFW_XTRON_1","-","No operator","-","No component","1","-","0","303","01:32:32","00:39:04","00:00:07","00:00:00","NEW","","","","","","","",""
"1665","14-06-2026 00:30:00","Ofc-Test","-","No operator","-","No component","-","-","-","315","00:00:00","08:00:00","00:00:00","00:00:00","NEW","","","","","","","",""
"1666","14-06-2026 00:14:17","SURIN_PUNE-BFW02","-","No operator","-","No component","-","-","-","223","01:31:06","00:38:44","00:00:00","00:00:00","NEW","","","","","","","",""
"1667","13-06-2026 23:14:00","SURIN_PUNE-BFW01","-","No operator","1","test","-","-","-","301","01:04:58","00:13:42","00:00:00","00:00:00","NEW","","","","","","","",""
"1668","13-06-2026 23:13:40","SURIN-BFW_XTRON_1","-","No operator","-","No component","-","-","-","302","01:04:58","00:16:31","00:00:00","00:00:00","NEW","","","","","","","",""
"1669","13-06-2026 22:59:03","SURIN_PUNE-BFW02","-","No operator","-","No component","-","-","-","222","01:09:48","00:05:12","00:00:00","00:00:13","NEW","","","","","","","",""
"1670","13-06-2026 22:16:37","SURIN_PUNE-BFW01","-","No operator","1","test","-","-","-","300","00:46:34","00:07:42","00:00:00","00:00:00","NEW","","","","","","","",""
"1671","13-06-2026 22:16:17","SURIN-BFW_XTRON_1","-","No operator","-","No component","-","-","-","301","00:46:36","00:10:48","00:00:00","00:00:00","NEW","","","","","","","",""
"1672","13-06-2026 21:37:26","SURIN_PUNE-BFW02","-","No operator","-","No component","-","-","-","221","01:11:11","00:09:19","00:00:00","00:00:00","NEW","","","","","","","",""
"1673","13-06-2026 21:08:23","SURIN_PUNE-BFW01","-","No operator","1","test","-","-","-","299","00:46:27","00:19:00","00:00:00","00:00:00","NEW","","","","","","","",""
"1674","13-06-2026 21:08:01","SURIN-BFW_XTRON_1","-","No operator","-","No component","1","-","0","300","00:36:57","00:21:50","00:09:29","00:00:00","NEW","","","","","","","",""
"1675","13-06-2026 20:19:26","SURIN_PUNE-BFW02","-","No operator","-","No component","-","-","-","220","01:09:02","00:07:16","00:00:00","00:00:03","NEW","","","","","","","",""
"1676","13-06-2026 20:04:07","SURIN_PUNE-BFW01","-","No operator","1","test","-","-","-","298","00:46:33","00:14:22","00:00:00","00:00:00","NEW","","","","","","","",""
"1677","13-06-2026 20:03:46","SURIN-BFW_XTRON_1","-","No operator","-","No component","1","-","0","299","00:41:57","00:17:41","00:04:38","00:00:00","NEW","","","","","","","",""
"1678","13-06-2026 19:14:53","SURIN_PUNE-BFW01","-","No operator","1","test","-","-","-","297","00:48:17","00:00:58","00:00:00","00:00:00","NEW","","","","","","","",""
"1679","13-06-2026 19:14:31","SURIN-BFW_XTRON_1","-","No operator","-","No component","1","-","0","298","00:48:15","00:00:58","00:00:03","00:00:00","NEW","","","","","","","",""
"1680","13-06-2026 18:51:18","SURIN_PUNE-BFW02","-","No operator","-","No component","-","-","-","219","01:05:15","00:21:08","00:00:00","00:00:00","NEW","","","","","","","",""
"1681","13-06-2026 18:39:08","SURIN_PUNE-BFW01","-","No operator","1","test","-","-","-","296","00:08:13","00:23:54","00:00:00","00:00:00","NEW","","","","","","","",""
"1682","13-06-2026 18:38:47","SURIN-BFW_XTRON_1","-","No operator","-","No component","-","-","-","297","00:08:14","00:27:31","00:00:00","00:00:00","NEW","","","","","","","",""
"1683","13-06-2026 17:34:36","SURIN_PUNE-BFW01","-","No operator","1","test","-","-","-","295","00:46:52","00:13:48","00:00:00","00:00:00","NEW","","","","","","","",""
"1684","13-06-2026 17:34:16","SURIN-BFW_XTRON_1","-","No operator","-","No component","-","-","-","296","00:47:18","00:17:14","00:00:00","00:00:00","NEW","","","","","","","",""
"1685","13-06-2026 17:31:56","SURIN_PUNE-BFW02","-","No operator","-","No component","-","-","-","218","01:05:14","00:12:37","00:00:00","00:00:00","NEW","","","","","","","",""
"1686","13-06-2026 15:58:45","SURIN_PUNE-BFW02","-","No operator","-","No component","-","-","-","217","01:09:09","00:22:13","00:00:00","00:00:00","NEW","","","","","","","",""
"1687","13-06-2026 14:19:52","SURIN_PUNE-BFW01","-","No operator","1","test","-","-","-","294","01:08:01","02:02:01","00:00:00","00:00:00","NEW","","","","","","","",""
"1688","13-06-2026 14:19:22","SURIN-BFW_XTRON_1","-","No operator","-","No component","1","-","0","295","01:07:04","02:06:43","00:01:08","00:00:00","NEW","","","","","","","",""
"1689","13-06-2026 14:08:24","SURIN_PUNE-BFW02","-","No operator","-","No component","-","-","-","216","00:57:37","00:48:13","00:00:00","00:00:00","NEW","","","","","","","",""
"1690","13-06-2026 13:28:07","SURIN_PUNE-BFW01","-","No operator","1","test","-","-","-","293","00:44:18","00:05:15","00:00:00","00:00:00","NEW","","","","","","","",""
"1691","13-06-2026 13:27:51","SURIN-BFW_XTRON_1","-","No operator","-","No component","1","-","0","294","00:40:51","00:07:18","00:03:22","00:00:00","NEW","","","","","","","",""
"1692","13-06-2026 13:10:05","Ofc-Test","-","No operator","-","No component","-","-","-","315","00:00:00","11:19:55","00:00:00","00:00:00","NEW","","","","","","","",""
"1693","13-06-2026 13:10:04","Ofc-Test","-","No operator","-","No component","-","-","-","0","00:00:00","00:00:00","00:00:00","00:00:00","NEW","","","","","","","",""
"1694","13-06-2026 13:05:31","SURIN_PUNE-BFW02","-","No operator","-","No component","-","-","-","215","00:55:37","00:07:16","00:00:00","00:00:00","NEW","","","","","","","",""
"1695","13-06-2026 13:02:17","Ofc-Test","-","No operator","-","No component","-","-","-","315","00:00:00","00:07:47","00:00:00","00:00:00","NEW","","","","","","","",""
"1696","13-06-2026 13:02:04","Ofc-Test","-","No operator","-","No component","-","-","-","0","00:00:00","00:00:13","00:00:00","00:00:00","NEW","","","","","","","",""
"1697","13-06-2026 12:56:08","Ofc-Test","-","No operator","-","No component","-","-","-","315","00:00:00","00:05:56","00:00:00","00:00:00","NEW","","","","","","","",""
"1698","13-06-2026 12:56:04","Ofc-Test","-","No operator","-","No component","-","-","-","0","00:00:00","00:00:04","00:00:00","00:00:00","NEW","","","","","","","",""
"1699","13-06-2026 12:52:08","Ofc-Test","-","No operator","-","No component","-","-","-","315","00:00:00","00:03:56","00:00:00","00:00:00","NEW","","","","","","","",""
"1700","13-06-2026 12:52:04","Ofc-Test","-","No operator","-","No component","-","-","-","0","00:00:00","00:00:03","00:00:00","00:00:00","NEW","","","","","","","",""
"1701","13-06-2026 12:50:17","Ofc-Test","-","No operator","-","No component","-","-","-","315","00:00:00","00:01:47","00:00:00","00:00:00","NEW","","","","","","","",""
"1702","13-06-2026 12:50:04","Ofc-Test","-","No operator","-","No component","-","-","-","0","00:00:00","00:00:13","00:00:00","00:00:00","NEW","","","","","","","",""
"1703","13-06-2026 12:46:08","Ofc-Test","-","No operator","-","No component","-","-","-","315","00:00:00","00:03:56","00:00:00","00:00:00","NEW","","","","","","","",""
"1704","13-06-2026 12:46:04","Ofc-Test","-","No operator","-","No component","-","-","-","0","00:00:00","00:00:04","00:00:00","00:00:00","NEW","","","","","","","",""
"1705","13-06-2026 12:40:17","Ofc-Test","-","No operator","-","No component","-","-","-","315","00:00:00","00:05:47","00:00:00","00:00:00","NEW","","","","","","","",""
"1706","13-06-2026 12:40:04","Ofc-Test","-","No operator","-","No component","-","-","-","0","00:00:00","00:00:13","00:00:00","00:00:00","NEW","","","","","","","",""
"1707","13-06-2026 12:39:04","SURIN_PUNE-BFW01","-","No operator","1","test","-","-","-","292","00:37:25","00:09:09","00:00:00","00:00:00","NEW","","","","","","","",""
"1708","13-06-2026 12:38:44","SURIN-BFW_XTRON_1","-","No operator","-","No component","1","-","0","293","00:37:14","00:11:30","00:00:20","00:00:05","NEW","","","","","","","",""
"1709","13-06-2026 12:30:17","Ofc-Test","-","No operator","-","No component","-","-","-","315","00:00:00","00:09:47","00:00:00","00:00:00","NEW","","","","","","","",""
"1710","13-06-2026 12:30:04","Ofc-Test","-","No operator","-","No component","-","-","-","0","00:00:00","00:00:13","00:00:00","00:00:00","NEW","","","","","","","",""
"1711","13-06-2026 12:28:14","Ofc-Test","-","No operator","-","No component","-","-","-","315","00:00:00","00:01:50","00:00:00","00:00:00","NEW","","","","","","","",""
"1712","13-06-2026 12:28:04","Ofc-Test","-","No operator","-","No component","-","-","-","0","00:00:00","00:00:10","00:00:00","00:00:00","NEW","","","","","","","",""
"1713","13-06-2026 12:26:11","Ofc-Test","-","No operator","-","No component","-","-","-","315","00:00:00","00:01:53","00:00:00","00:00:00","NEW","","","","","","","",""
"1714","13-06-2026 12:26:04","Ofc-Test","-","No operator","-","No component","-","-","-","0","00:00:00","00:00:07","00:00:00","00:00:00","NEW","","","","","","","",""
"1715","13-06-2026 12:24:08","Ofc-Test","-","No operator","-","No component","-","-","-","315","00:00:00","00:01:57","00:00:00","00:00:00","NEW","","","","","","","",""
"1716","13-06-2026 12:24:04","Ofc-Test","-","No operator","-","No component","-","-","-","0","00:00:00","00:00:03","00:00:00","00:00:00","NEW","","","","","","","",""
"1717","13-06-2026 12:22:17","Ofc-Test","-","No operator","-","No component","-","-","-","315","00:00:00","00:01:47","00:00:00","00:00:00","NEW","","","","","","","",""
"1718","13-06-2026 12:22:04","Ofc-Test","-","No operator","-","No component","-","-","-","0","00:00:00","00:00:13","00:00:00","00:00:00","NEW","","","","","","","",""
"1719","13-06-2026 12:16:08","Ofc-Test","-","No operator","-","No component","-","-","-","315","00:00:00","00:05:56","00:00:00","00:00:00","NEW","","","","","","","",""
"1720","13-06-2026 12:16:04","Ofc-Test","-","No operator","-","No component","-","-","-","0","00:00:00","00:00:04","00:00:00","00:00:00","NEW","","","","","","","",""
"1721","13-06-2026 12:12:17","Ofc-Test","-","No operator","-","No component","-","-","-","315","00:00:00","00:03:47","00:00:00","00:00:00","NEW","","","","","","","",""
"1722","13-06-2026 12:12:04","Ofc-Test","-","No operator","-","No component","-","-","-","0","00:00:00","00:00:13","00:00:00","00:00:00","NEW","","","","","","","",""
"1723","13-06-2026 12:12:00","Ofc-Test","-","No operator","-","No component","-","-","-","315","00:00:00","00:00:05","00:00:00","00:00:00","NEW","","","","","","","",""
"1724","13-06-2026 11:58:17","Ofc-Test","-","No operator","-","No component","-","-","-","315","00:00:00","00:13:42","00:00:00","00:00:00","NEW","","","","","","","",""
"1725","13-06-2026 11:58:04","Ofc-Test","-","No operator","-","No component","-","-","-","0","00:00:00","00:00:13","00:00:00","00:00:00","NEW","","","","","","","",""
"1726","13-06-2026 11:48:10","SURIN_PUNE-BFW01","-","No operator","1","test","-","-","-","291","00:35:06","00:12:22","00:00:00","00:00:00","NEW","","","","","","","",""
"1727","13-06-2026 11:47:49","SURIN-BFW_XTRON_1","-","No operator","-","No component","1","-","0","292","00:35:49","00:15:04","00:00:03","00:00:00","NEW","","","","","","","",""
"1728","13-06-2026 11:46:42","Ofc-Test","-","No operator","-","No component","-","-","-","315","00:00:00","00:11:22","00:00:00","00:00:00","NEW","","","","","","","",""
"1729","13-06-2026 11:46:04","Ofc-Test","-","No operator","-","No component","-","-","-","0","00:00:00","00:00:38","00:00:00","00:00:00","NEW","","","","","","","",""
"1730","13-06-2026 11:44:11","Ofc-Test","-","No operator","-","No component","-","-","-","315","00:00:00","00:01:53","00:00:00","00:00:00","NEW","","","","","","","",""
"1731","13-06-2026 11:44:04","Ofc-Test","-","No operator","-","No component","-","-","-","0","00:00:00","00:00:07","00:00:00","00:00:00","NEW","","","","","","","",""
"1732","13-06-2026 11:43:50","SURIN_PUNE-BFW02","-","No operator","-","No component","-","-","-","214","00:50:35","00:28:16","00:00:00","00:00:00","NEW","","","","","","","",""
"1733","13-06-2026 11:42:04","Ofc-Test","-","No operator","-","No component","-","-","-","315","00:00:00","00:02:00","00:00:00","00:00:00","NEW","","","","","","","",""
"1734","13-06-2026 11:42:04","Ofc-Test","-","No operator","-","No component","-","-","-","0","00:00:00","00:00:00","00:00:00","00:00:00","NEW","","","","","","","",""
"1735","13-06-2026 11:41:35","SURIN_PUNE-BFW02","-","No operator","-","No component","-","-","-","213","00:01:37","00:00:38","00:00:00","00:00:00","NEW","","","","","","","",""
"1736","13-06-2026 11:40:20","Ofc-Test","-","No operator","-","No component","-","-","-","315","00:00:00","00:01:44","00:00:00","00:00:00","NEW","","","","","","","",""
"1737","13-06-2026 11:40:04","Ofc-Test","-","No operator","-","No component","-","-","-","0","00:00:00","00:00:16","00:00:00","00:00:00","NEW","","","","","","","",""
"1738","13-06-2026 11:38:36","Ofc-Test","-","No operator","-","No component","-","-","-","315","00:00:00","00:01:29","00:00:00","00:00:00","NEW","","","","","","","",""
"1739","13-06-2026 11:38:04","Ofc-Test","-","No operator","-","No component","-","-","-","0","00:00:00","00:00:31","00:00:00","00:00:00","NEW","","","","","","","",""
"1740","13-06-2026 11:37:57","Ofc-Test","-","No operator","-","No component","-","-","-","315","00:00:00","00:00:08","00:00:00","00:00:00","NEW","","","","","","","",""
"1741","13-06-2026 11:36:04","Ofc-Test","-","No operator","-","No component","-","-","-","0","00:00:00","00:01:52","00:00:00","00:00:00","NEW","","","","","","","",""
"1742","13-06-2026 11:34:30","Ofc-Test","-","No operator","-","No component","-","-","-","315","00:00:00","00:01:35","00:00:00","00:00:00","NEW","","","","","","","",""
"1743","13-06-2026 11:34:04","Ofc-Test","-","No operator","-","No component","-","-","-","0","00:00:00","00:00:25","00:00:00","00:00:00","NEW","","","","","","","",""
"1744","13-06-2026 11:32:26","Ofc-Test","-","No operator","-","No component","-","-","-","315","00:00:00","00:01:38","00:00:00","00:00:00","NEW","","","","","","","",""
"1745","13-06-2026 11:32:04","Ofc-Test","-","No operator","-","No component","-","-","-","0","00:00:00","00:00:22","00:00:00","00:00:00","NEW","","","","","","","",""
"1746","13-06-2026 11:30:39","Ofc-Test","-","No operator","-","No component","-","-","-","315","00:00:00","00:01:25","00:00:00","00:00:00","NEW","","","","","","","",""
"1747","13-06-2026 11:30:04","Ofc-Test","-","No operator","-","No component","-","-","-","0","00:00:00","00:00:35","00:00:00","00:00:00","NEW","","","","","","","",""
"1748","13-06-2026 11:28:23","Ofc-Test","-","No operator","-","No component","-","-","-","315","00:00:00","00:01:41","00:00:00","00:00:00","NEW","","","","","","","",""
"1749","13-06-2026 11:28:04","Ofc-Test","-","No operator","-","No component","-","-","-","0","00:00:00","00:00:19","00:00:00","00:00:00","NEW","","","","","","","",""
"1750","13-06-2026 11:26:17","Ofc-Test","-","No operator","-","No component","-","-","-","315","00:00:00","00:01:47","00:00:00","00:00:00","NEW","","","","","","","",""
"1751","13-06-2026 11:26:04","Ofc-Test","-","No operator","-","No component","-","-","-","0","00:00:00","00:00:13","00:00:00","00:00:00","NEW","","","","","","","",""
"1752","13-06-2026 11:22:17","Ofc-Test","-","No operator","-","No component","-","-","-","315","00:00:00","00:03:47","00:00:00","00:00:00","NEW","","","","","","","",""
"1753","13-06-2026 11:22:04","Ofc-Test","-","No operator","-","No component","-","-","-","0","00:00:00","00:00:13","00:00:00","00:00:00","NEW","","","","","","","",""
"1754","13-06-2026 11:13:23","SURIN_PUNE-BFW02","-","No operator","-","No component","-","-","-","212","00:27:42","00:00:29","00:00:00","00:00:00","NEW","","","","","","","",""
"1755","13-06-2026 11:12:33","Ofc-Test","-","No operator","-","No component","-","-","-","315","00:00:00","00:09:32","00:00:00","00:00:00","NEW","","","","","","","",""
"1756","13-06-2026 11:12:04","Ofc-Test","-","No operator","-","No component","-","-","-","0","00:00:00","00:00:28","00:00:00","00:00:00","NEW","","","","","","","",""
"1757","13-06-2026 11:11:16","Ofc-Test","-","No operator","-","No component","-","-","-","315","00:00:00","00:00:48","00:00:00","00:00:00","NEW","","","","","","","",""
"1758","13-06-2026 11:10:04","Ofc-Test","-","No operator","-","No component","-","-","-","0","00:00:00","00:01:12","00:00:00","00:00:00","NEW","","","","","","","",""
"1759","13-06-2026 11:09:41","SURIN_PUNE-BFW01","-","No operator","1","test","-","-","-","290","00:29:54","00:05:40","00:00:00","00:00:00","NEW","","","","","","","",""
"1760","13-06-2026 11:09:21","SURIN-BFW_XTRON_1","-","No operator","-","No component","-","-","-","291","00:29:55","00:08:34","00:00:00","00:00:00","NEW","","","","","","","",""
"1761","13-06-2026 11:08:20","Ofc-Test","-","No operator","-","No component","-","-","-","315","00:00:00","00:01:44","00:00:00","00:00:00","NEW","","","","","","","",""
"1762","13-06-2026 11:08:04","Ofc-Test","-","No operator","-","No component","-","-","-","0","00:00:00","00:00:16","00:00:00","00:00:00","NEW","","","","","","","",""
"1763","13-06-2026 11:06:26","Ofc-Test","-","No operator","-","No component","-","-","-","315","00:00:00","00:01:38","00:00:00","00:00:00","NEW","","","","","","","",""
"1764","13-06-2026 11:06:04","Ofc-Test","-","No operator","-","No component","-","-","-","0","00:00:00","00:00:22","00:00:00","00:00:00","NEW","","","","","","","",""
"1765","13-06-2026 11:04:14","Ofc-Test","-","No operator","-","No component","-","-","-","315","00:00:00","00:01:50","00:00:00","00:00:00","NEW","","","","","","","",""
"1766","13-06-2026 11:04:04","Ofc-Test","-","No operator","-","No component","-","-","-","0","00:00:00","00:00:10","00:00:00","00:00:00","NEW","","","","","","","",""
"1767","13-06-2026 11:02:08","Ofc-Test","-","No operator","-","No component","-","-","-","315","00:00:00","00:01:57","00:00:00","00:00:00","NEW","","","","","","","",""
"1768","13-06-2026 11:02:04","Ofc-Test","-","No operator","-","No component","-","-","-","0","00:00:00","00:00:03","00:00:00","00:00:00","NEW","","","","","","","",""
"1769","13-06-2026 11:00:23","Ofc-Test","-","No operator","-","No component","-","-","-","315","00:00:00","00:01:41","00:00:00","00:00:00","NEW","","","","","","","",""
"1770","13-06-2026 11:00:04","Ofc-Test","-","No operator","-","No component","-","-","-","0","00:00:00","00:00:19","00:00:00","00:00:00","NEW","","","","","","","",""
"1771","13-06-2026 10:56:08","Ofc-Test","-","No operator","-","No component","-","-","-","315","00:00:00","00:03:57","00:00:00","00:00:00","NEW","","","","","","","",""
"1772","13-06-2026 10:56:04","Ofc-Test","-","No operator","-","No component","-","-","-","0","00:00:00","00:00:03","00:00:00","00:00:00","NEW","","","","","","","",""
"1773","13-06-2026 10:54:42","Ofc-Test","-","No operator","-","No component","-","-","-","315","00:00:00","00:01:22","00:00:00","00:00:00","NEW","","","","","","","",""
"1774","13-06-2026 10:54:04","Ofc-Test","-","No operator","-","No component","-","-","-","0","00:00:00","00:00:38","00:00:00","00:00:00","NEW","","","","","","","",""
"1775","13-06-2026 10:52:51","Ofc-Test","-","No operator","-","No component","-","-","-","315","00:00:00","00:01:13","00:00:00","00:00:00","NEW","","","","","","","",""
"1776","13-06-2026 10:52:04","Ofc-Test","-","No operator","-","No component","-","-","-","0","00:00:00","00:00:47","00:00:00","00:00:00","NEW","","","","","","","",""
"1777","13-06-2026 10:51:29","SURIN_PUNE-BFW02","-","No operator","-","No component","-","-","-","211","00:13:20","00:08:34","00:00:00","00:00:00","NEW","","","","","","","",""
"1778","13-06-2026 10:51:16","Ofc-Test","-","No operator","-","No component","-","-","-","315","00:00:00","00:00:48","00:00:00","00:00:00","NEW","","","","","","","",""
"1779","13-06-2026 10:50:04","Ofc-Test","-","No operator","-","No component","-","-","-","0","00:00:00","00:01:12","00:00:00","00:00:00","NEW","","","","","","","",""
"1780","13-06-2026 10:48:39","Ofc-Test","-","No operator","-","No component","-","-","-","315","00:00:00","00:01:25","00:00:00","00:00:00","NEW","","","","","","","",""
"1781","13-06-2026 10:48:04","Ofc-Test","-","No operator","-","No component","-","-","-","0","00:00:00","00:00:35","00:00:00","00:00:00","NEW","","","","","","","",""
"1782","13-06-2026 10:46:32","Ofc-Test","-","No operator","-","No component","-","-","-","315","00:00:00","00:01:32","00:00:00","00:00:00","NEW","","","","","","","",""
"1783","13-06-2026 10:46:04","Ofc-Test","-","No operator","-","No component","-","-","-","0","00:00:00","00:00:28","00:00:00","00:00:00","NEW","","","","","","","",""
"1784","13-06-2026 10:45:16","Ofc-Test","-","No operator","-","No component","-","-","-","315","00:00:00","00:00:48","00:00:00","00:00:00","NEW","","","","","","","",""
"1785","13-06-2026 10:44:04","Ofc-Test","-","No operator","-","No component","-","-","-","0","00:00:00","00:01:12","00:00:00","00:00:00","NEW","","","","","","","",""
"1786","13-06-2026 10:43:13","Ofc-Test","-","No operator","-","No component","-","-","-","315","00:00:00","00:00:51","00:00:00","00:00:00","NEW","","","","","","","",""
"1787","13-06-2026 10:38:04","Ofc-Test","-","No operator","-","No component","-","-","-","0","00:00:00","00:05:09","00:00:00","00:00:00","NEW","","","","","","","",""
"1788","13-06-2026 10:36:32","Ofc-Test","-","No operator","-","No component","-","-","-","315","00:00:00","00:01:32","00:00:00","00:00:00","NEW","","","","","","","",""
"1789","13-06-2026 10:34:33","SURIN_PUNE-BFW02","-","No operator","-","No component","-","-","-","210","00:15:31","00:00:40","00:00:00","00:00:44","NEW","","","","","","","",""
"1790","13-06-2026 10:34:33","SURIN_PUNE-BFW01","-","No operator","1","test","-","-","-","289","00:30:22","00:00:40","00:00:00","00:01:14","NEW","","","","","","","",""
"1791","13-06-2026 10:33:19","SURIN_PUNE-BFW01","-","No operator","1","test","-","-","-","0","00:00:00","00:00:00","00:01:14","00:00:00","NEW","","","","","","","",""
"1792","13-06-2026 10:33:05","SURIN_PUNE-BFW02","-","No operator","-","No component","-","-","-","0","00:00:00","00:00:00","00:01:29","00:00:00","NEW","","","","","","","",""
"1793","13-06-2026 10:31:02","SURIN_PUNE-BFW02","-","No operator","-","No component","-","-","-","210","00:00:00","00:02:03","00:00:00","00:00:00","NEW","","","","","","","",""
"1794","13-06-2026 10:25:11","SURIN_PUNE-BFW01","-","No operator","1","test","-","-","-","289","00:00:00","00:08:08","00:00:00","00:00:00","NEW","","","","","","","",""
"1795","13-06-2026 10:24:50","SURIN-BFW_XTRON_1","-","No operator","-","No component","1","-","0","290","00:30:23","00:10:02","00:02:58","00:01:09","NEW","","","","","","","",""
"1796","13-06-2026 09:57:25","SURIN_PUNE-BFW02","-","No operator","-","No component","-","-","-","209","00:33:15","00:00:22","00:00:00","00:00:00","NEW","","","","","","","",""
"1797","13-06-2026 09:51:52","SURIN_PUNE-BFW01","-","No operator","1","test","-","-","-","288","00:25:04","00:04:21","00:00:00","00:01:25","NEW","","","","","","","",""
"1798","13-06-2026 09:51:31","SURIN-BFW_XTRON_1","-","No operator","-","No component","-","-","-","289","00:25:03","00:06:51","00:00:00","00:01:26","NEW","","","","","","","",""
"1799","13-06-2026 09:48:37","SURIN_PUNE-BFW02","-","No operator","-","No component","-","-","-","208","00:00:58","00:07:50","00:00:00","00:00:00","NEW","","","","","","","",""
"1800","13-06-2026 09:48:04","Ofc-Test","-","No operator","-","No component","-","-","-","0","00:00:00","00:48:28","00:00:00","00:00:00","NEW","","","","","","","",""
"1801","13-06-2026 09:46:42","Ofc-Test","-","No operator","-","No component","-","-","-","315","00:00:00","00:01:22","00:00:00","00:00:00","NEW","","","","","","","",""
"1802","13-06-2026 09:46:04","Ofc-Test","-","No operator","-","No component","-","-","-","0","00:00:00","00:00:38","00:00:00","00:00:00","NEW","","","","","","","",""
"1803","13-06-2026 09:45:52","SURIN_PUNE-BFW02","-","No operator","-","No component","-","-","-","207","00:01:35","00:01:10","00:00:00","00:00:00","NEW","","","","","","","",""
"1804","13-06-2026 09:44:39","Ofc-Test","-","No operator","-","No component","-","-","-","315","00:00:00","00:01:25","00:00:00","00:00:00","NEW","","","","","","","",""
"1805","13-06-2026 09:40:04","Ofc-Test","-","No operator","-","No component","-","-","-","0","00:00:00","00:04:34","00:00:00","00:00:00","NEW","","","","","","","",""
"1806","13-06-2026 09:39:34","Ofc-Test","-","No operator","-","No component","-","-","-","315","00:00:00","00:00:30","00:00:00","00:00:00","NEW","","","","","","","",""
"1807","13-06-2026 09:38:04","Ofc-Test","-","No operator","-","No component","-","-","-","0","00:00:00","00:01:30","00:00:00","00:00:00","NEW","","","","","","","",""
"1808","13-06-2026 09:37:37","Ofc-Test","-","No operator","-","No component","-","-","-","315","00:00:00","00:00:27","00:00:00","00:00:00","NEW","","","","","","","",""
"1809","13-06-2026 09:34:04","Ofc-Test","-","No operator","-","No component","-","-","-","0","00:00:00","00:03:33","00:00:00","00:00:00","NEW","","","","","","","",""
"1810","13-06-2026 09:32:29","Ofc-Test","-","No operator","-","No component","-","-","-","315","00:00:00","00:01:35","00:00:00","00:00:00","NEW","","","","","","","",""
"1811","13-06-2026 09:30:04","Ofc-Test","-","No operator","-","No component","-","-","-","0","00:00:00","00:02:25","00:00:00","00:00:00","NEW","","","","","","","",""
"1812","13-06-2026 09:28:54","Ofc-Test","-","No operator","-","No component","-","-","-","315","00:00:00","00:01:10","00:00:00","00:00:00","NEW","","","","","","","",""
"1813","13-06-2026 09:28:04","Ofc-Test","-","No operator","-","No component","-","-","-","0","00:00:00","00:00:50","00:00:00","00:00:00","NEW","","","","","","","",""
"1814","13-06-2026 09:26:48","Ofc-Test","-","No operator","-","No component","-","-","-","315","00:00:00","00:01:16","00:00:00","00:00:00","NEW","","","","","","","",""
"1815","13-06-2026 09:26:35","SURIN_PUNE-BFW02","-","No operator","-","No component","-","-","-","206","00:18:40","00:00:37","00:00:00","00:00:00","NEW","","","","","","","",""
"1816","13-06-2026 09:24:04","Ofc-Test","-","No operator","-","No component","-","-","-","0","00:00:00","00:02:44","00:00:00","00:00:00","NEW","","","","","","","",""
"1817","13-06-2026 09:23:06","Ofc-Test","-","No operator","-","No component","-","-","-","315","00:00:00","00:00:58","00:00:00","00:00:00","NEW","","","","","","","",""
"1818","13-06-2026 09:20:04","Ofc-Test","-","No operator","-","No component","-","-","-","0","00:00:00","00:03:02","00:00:00","00:00:00","NEW","","","","","","","",""
"1819","13-06-2026 09:18:38","Ofc-Test","-","No operator","-","No component","-","-","-","315","00:00:00","00:01:26","00:00:00","00:00:00","NEW","","","","","","","",""
"1820","13-06-2026 09:16:04","Ofc-Test","-","No operator","-","No component","-","-","-","0","00:00:00","00:02:34","00:00:00","00:00:00","NEW","","","","","","","",""
"1821","13-06-2026 09:15:13","Ofc-Test","-","No operator","-","No component","-","-","-","315","00:00:00","00:00:51","00:00:00","00:00:00","NEW","","","","","","","",""
"1822","13-06-2026 09:14:04","Ofc-Test","-","No operator","-","No component","-","-","-","0","00:00:00","00:01:09","00:00:00","00:00:00","NEW","","","","","","","",""
"1823","13-06-2026 09:12:51","Ofc-Test","-","No operator","-","No component","-","-","-","315","00:00:00","00:01:13","00:00:00","00:00:00","NEW","","","","","","","",""
"1824","13-06-2026 09:12:04","Ofc-Test","-","No operator","-","No component","-","-","-","0","00:00:00","00:00:47","00:00:00","00:00:00","NEW","","","","","","","",""
"1825","13-06-2026 09:10:04","Ofc-Test","-","No operator","-","No component","-","-","-","315","00:00:00","00:02:00","00:00:00","00:00:00","NEW","","","","","","","",""
"1826","13-06-2026 09:10:04","Ofc-Test","-","No operator","-","No component","-","-","-","0","00:00:00","00:00:00","00:00:00","00:00:00","NEW","","","","","","","",""
"1827","13-06-2026 09:06:17","Ofc-Test","-","No operator","-","No component","-","-","-","315","00:00:00","00:03:47","00:00:00","00:00:00","NEW","","","","","","","",""
"1828","13-06-2026 09:06:04","Ofc-Test","-","No operator","-","No component","-","-","-","0","00:00:00","00:00:13","00:00:00","00:00:00","NEW","","","","","","","",""
"1829","13-06-2026 09:04:54","Ofc-Test","-","No operator","-","No component","-","-","-","315","00:00:00","00:01:10","00:00:00","00:00:00","NEW","","","","","","","",""
"1830","13-06-2026 09:04:04","Ofc-Test","-","No operator","-","No component","-","-","-","0","00:00:00","00:00:50","00:00:00","00:00:00","NEW","","","","","","","",""
"1831","13-06-2026 09:03:55","SURIN_PUNE-BFW01","-","No operator","1","test","-","-","-","287","00:27:19","00:08:27","00:00:00","00:06:43","NEW","","","","","","","",""
"1832","13-06-2026 09:03:35","SURIN_PUNE-BFW01","-","No operator","1","test","-","-","-","0","00:00:00","00:00:00","00:00:20","00:00:00","NEW","","","","","","","",""
"1833","13-06-2026 09:02:08","Ofc-Test","-","No operator","-","No component","-","-","-","315","00:00:00","00:01:57","00:00:00","00:00:00","NEW","","","","","","","",""
"1834","13-06-2026 09:02:04","Ofc-Test","-","No operator","-","No component","-","-","-","0","00:00:00","00:00:03","00:00:00","00:00:00","NEW","","","","","","","",""
"1835","13-06-2026 09:00:14","Ofc-Test","-","No operator","-","No component","-","-","-","315","00:00:00","00:01:51","00:00:00","00:00:00","NEW","","","","","","","",""
"1836","13-06-2026 09:00:04","Ofc-Test","-","No operator","-","No component","-","-","-","0","00:00:00","00:00:09","00:00:00","00:00:00","NEW","","","","","","","",""
"1837","13-06-2026 08:58:07","Ofc-Test","-","No operator","-","No component","-","-","-","315","00:00:00","00:01:57","00:00:00","00:00:00","NEW","","","","","","","",""
"1838","13-06-2026 08:58:04","Ofc-Test","-","No operator","-","No component","-","-","-","0","00:00:00","00:00:03","00:00:00","00:00:00","NEW","","","","","","","",""
"1839","13-06-2026 08:56:20","Ofc-Test","-","No operator","-","No component","-","-","-","315","00:00:00","00:01:44","00:00:00","00:00:00","NEW","","","","","","","",""
"1840","13-06-2026 08:56:04","Ofc-Test","-","No operator","-","No component","-","-","-","0","00:00:00","00:00:16","00:00:00","00:00:00","NEW","","","","","","","",""
"1841","13-06-2026 08:55:16","Ofc-Test","-","No operator","-","No component","-","-","-","315","00:00:00","00:00:48","00:00:00","00:00:00","NEW","","","","","","","",""
"1842","13-06-2026 08:54:04","Ofc-Test","-","No operator","-","No component","-","-","-","0","00:00:00","00:01:12","00:00:00","00:00:00","NEW","","","","","","","",""
"1843","13-06-2026 08:52:23","Ofc-Test","-","No operator","-","No component","-","-","-","315","00:00:00","00:01:41","00:00:00","00:00:00","NEW","","","","","","","",""
"1844","13-06-2026 08:52:04","Ofc-Test","-","No operator","-","No component","-","-","-","0","00:00:00","00:00:19","00:00:00","00:00:00","NEW","","","","","","","",""
"1845","13-06-2026 08:50:10","Ofc-Test","-","No operator","-","No component","-","-","-","315","00:00:00","00:01:54","00:00:00","00:00:00","NEW","","","","","","","",""
"1846","13-06-2026 08:50:04","Ofc-Test","-","No operator","-","No component","-","-","-","0","00:00:00","00:00:06","00:00:00","00:00:00","NEW","","","","","","","",""
"1847","13-06-2026 08:48:29","Ofc-Test","-","No operator","-","No component","-","-","-","315","00:00:00","00:01:35","00:00:00","00:00:00","NEW","","","","","","","",""
"1848","13-06-2026 08:48:04","Ofc-Test","-","No operator","-","No component","-","-","-","0","00:00:00","00:00:25","00:00:00","00:00:00","NEW","","","","","","","",""
"1849","13-06-2026 08:44:36","SURIN_PUNE-BFW01","-","No operator","1","test","-","-","-","287","00:08:04","00:09:04","00:00:00","00:01:50","NEW","","","","","","","",""
"1850","13-06-2026 08:44:17","SURIN-BFW_XTRON_1","-","No operator","-","No component","1","-","0","288","00:35:48","00:21:13","00:00:42","00:09:31","NEW","","","","","","","",""
"1851","13-06-2026 08:44:11","Ofc-Test","-","No operator","-","No component","-","-","-","315","00:00:00","00:03:53","00:00:00","00:00:00","NEW","","","","","","","",""
"1852","13-06-2026 08:44:04","Ofc-Test","-","No operator","-","No component","-","-","-","0","00:00:00","00:00:07","00:00:00","00:00:00","NEW","","","","","","","",""
"1853","13-06-2026 08:37:46","SURIN_PUNE-BFW02","-","No operator","-","No component","-","-","-","205","00:36:36","00:09:54","00:00:00","00:00:00","NEW","","","","","","","",""
"1854","13-06-2026 08:17:55","SURIN_PUNE-BFW02","-","No operator","-","No component","-","-","-","204","00:18:34","00:01:17","00:00:00","00:00:00","NEW","","","","","","","",""
"1855","13-06-2026 08:08:05","Ofc-Test","-","No operator","-","No component","-","-","-","315","00:00:00","00:21:55","00:00:00","00:00:00","NEW","","","","","","","",""
"1856","13-06-2026 08:08:04","Ofc-Test","-","No operator","-","No component","-","-","-","0","00:00:00","00:00:00","00:00:00","00:00:00","NEW","","","","","","","",""
"1857","13-06-2026 07:50:04","Ofc-Test","-","No operator","-","No component","-","-","-","315","00:00:00","00:18:00","00:00:00","00:00:00","NEW","","","","","","","",""
"1858","13-06-2026 07:50:04","Ofc-Test","-","No operator","-","No component","-","-","-","0","00:00:00","00:00:00","00:00:00","00:00:00","NEW","","","","","","","",""
"1859","13-06-2026 07:48:04","Ofc-Test","-","No operator","-","No component","-","-","-","315","00:00:00","00:02:00","00:00:00","00:00:00","NEW","","","","","","","",""
"1860","13-06-2026 07:48:04","Ofc-Test","-","No operator","-","No component","-","-","-","0","00:00:00","00:00:00","00:00:00","00:00:00","NEW","","","","","","","",""
"1861","13-06-2026 07:34:03","SURIN_PUNE-BFW01","-","No operator","1","test","-","-","-","286","00:29:48","00:36:59","00:00:00","00:00:05","NEW","","","","","","","",""
"1862","13-06-2026 07:33:39","SURIN-BFW_XTRON_1","-","No operator","-","No component","1","-","-","287","00:30:03","00:40:31","00:00:00","00:00:05","NEW","","","","","","","",""
"1863","13-06-2026 06:58:04","Ofc-Test","-","No operator","-","No component","-","-","-","315","00:00:00","00:50:00","00:00:00","00:00:00","NEW","","","","","","","",""
"1864","13-06-2026 06:58:04","Ofc-Test","-","No operator","-","No component","-","-","-","0","00:00:00","00:00:01","00:00:00","00:00:00","NEW","","","","","","","",""
"1865","13-06-2026 06:54:04","Ofc-Test","-","No operator","-","No component","-","-","-","315","00:00:00","00:03:59","00:00:00","00:00:00","NEW","","","","","","","",""
"1866","13-06-2026 06:54:04","Ofc-Test","-","No operator","-","No component","-","-","-","0","00:00:00","00:00:00","00:00:00","00:00:00","NEW","","","","","","","",""
"1867","13-06-2026 06:52:02","SURIN_PUNE-BFW02","-","No operator","-","No component","-","-","-","203","00:45:21","00:40:30","00:00:00","00:00:00","NEW","","","","","","","",""
"1868","13-06-2026 06:45:08","SURIN_PUNE-BFW02","-","No operator","-","No component","-","-","-","202","00:01:21","00:05:33","00:00:00","00:00:00","NEW","","","","","","","",""
"1869","13-06-2026 06:44:05","Ofc-Test","-","No operator","-","No component","-","-","-","315","00:00:00","00:09:59","00:00:00","00:00:00","NEW","","","","","","","",""
"1870","13-06-2026 06:44:04","Ofc-Test","-","No operator","-","No component","-","-","-","0","00:00:00","00:00:01","00:00:00","00:00:00","NEW","","","","","","","",""
"1871","13-06-2026 06:43:34","Ofc-Test","-","No operator","-","No component","-","-","-","315","00:00:00","00:00:30","00:00:00","00:00:00","NEW","","","","","","","",""
"1872","13-06-2026 06:42:30","SURIN_PUNE-BFW02","-","No operator","-","No component","-","-","-","201","00:01:43","00:00:55","00:00:00","00:00:00","NEW","","","","","","","",""
"1873","13-06-2026 06:40:22","Ofc-Test","-","No operator","-","No component","-","-","-","314","00:00:39","00:02:33","00:00:00","00:00:00","NEW","","","","","","","",""
"1874","13-06-2026 06:37:02","SURIN_PUNE-BFW01","-","No operator","1","test","-","-","-","285","00:16:57","00:37:50","00:00:00","00:00:00","NEW","","","","","","","",""
"1875","13-06-2026 06:36:42","SURIN-BFW_XTRON_1","-","No operator","-","No component","304110102","-","-","286","00:16:57","00:40:00","00:00:00","00:00:00","NEW","","","","","","","",""
"1876","13-06-2026 06:20:06","SURIN_PUNE-BFW02","-","No operator","-","No component","-","-","-","200","00:21:43","00:00:41","00:00:00","00:00:00","NEW","","","","","","","",""
"1877","13-06-2026 06:03:07","SURIN_PUNE-BFW01","-","No operator","1","test","-","-","-","284","00:19:25","00:10:29","00:00:00","00:00:00","NEW","","","","","","","",""
"1878","13-06-2026 06:02:47","SURIN-BFW_XTRON_1","-","No operator","-","No component","-","-","-","285","00:19:37","00:14:18","00:00:00","00:00:00","NEW","","","","","","","",""
"1879","13-06-2026 05:48:05","Ofc-Test","-","No operator","-","No component","-","-","-","313","00:00:38","00:51:40","00:00:00","00:00:00","NEW","","","","","","","",""
"1880","13-06-2026 05:48:04","Ofc-Test","-","No operator","-","No component","-","-","-","0","00:00:00","00:00:00","00:00:00","00:00:00","NEW","","","","","","","",""
"1881","13-06-2026 05:44:04","Ofc-Test","-","No operator","-","No component","-","-","-","313","00:00:00","00:04:00","00:00:00","00:00:00","NEW","","","","","","","",""
"1882","13-06-2026 05:44:04","Ofc-Test","-","No operator","-","No component","-","-","-","0","00:00:00","00:00:00","00:00:00","00:00:00","NEW","","","","","","","",""
"1883","13-06-2026 05:42:05","SURIN_PUNE-BFW01","-","No operator","1","test","-","-","-","283","00:19:03","00:00:57","00:00:00","00:01:02","NEW","","","","","","","",""
"1884","13-06-2026 05:42:04","SURIN_PUNE-BFW02","-","No operator","-","No component","-","-","-","199","00:36:39","00:00:52","00:00:00","00:00:30","NEW","","","","","","","",""
"1885","13-06-2026 05:40:05","SURIN_PUNE-BFW01","-","No operator","1","test","-","-","-","0","00:00:00","00:00:00","00:02:00","00:00:00","NEW","","","","","","","",""
"1886","13-06-2026 05:40:04","SURIN_PUNE-BFW02","-","No operator","-","No component","-","-","-","0","00:00:00","00:00:00","00:02:00","00:00:00","NEW","","","","","","","",""
"1887","13-06-2026 05:36:04","Ofc-Test","-","No operator","-","No component","-","-","-","313","00:00:00","00:08:00","00:00:00","00:00:00","NEW","","","","","","","",""
"1888","13-06-2026 05:36:04","Ofc-Test","-","No operator","-","No component","-","-","-","0","00:00:00","00:00:00","00:00:00","00:00:00","NEW","","","","","","","",""
"1889","13-06-2026 05:28:43","SURIN_PUNE-BFW01","-","No operator","1","test","-","-","-","283","00:02:12","00:06:49","00:00:00","00:00:00","NEW","","","","","","","",""
"1890","13-06-2026 05:28:32","SURIN-BFW_XTRON_1","-","No operator","-","No component","40304110102","-","0","284","00:20:28","00:10:04","00:02:43","00:01:01","NEW","","","","","","","",""
"1891","13-06-2026 05:20:05","Ofc-Test","-","No operator","-","No component","-","-","-","313","00:00:00","00:15:59","00:00:00","00:00:00","NEW","","","","","","","",""
"1892","13-06-2026 05:20:04","Ofc-Test","-","No operator","-","No component","-","-","-","0","00:00:00","00:00:01","00:00:00","00:00:00","NEW","","","","","","","",""
"1893","13-06-2026 05:18:06","SURIN_PUNE-BFW02","-","No operator","-","No component","-","-","-","199","00:05:33","00:14:05","00:00:00","00:00:00","NEW","","","","","","","",""
"1894","13-06-2026 05:13:39","SURIN_PUNE-BFW02","-","No operator","-","No component","-","-","-","198","00:01:33","00:02:54","00:00:00","00:00:00","NEW","","","","","","","",""
"1895","13-06-2026 05:06:04","Ofc-Test","-","No operator","-","No component","-","-","-","313","00:00:00","00:14:00","00:00:00","00:00:00","NEW","","","","","","","",""
"1896","13-06-2026 05:06:04","Ofc-Test","-","No operator","-","No component","-","-","-","0","00:00:00","00:00:00","00:00:00","00:00:00","NEW","","","","","","","",""
"1897","13-06-2026 05:02:04","Ofc-Test","-","No operator","-","No component","-","-","-","313","00:00:00","00:03:59","00:00:00","00:00:00","NEW","","","","","","","",""
"1898","13-06-2026 05:02:04","Ofc-Test","-","No operator","-","No component","-","-","-","0","00:00:00","00:00:00","00:00:00","00:00:00","NEW","","","","","","","",""
"1899","13-06-2026 04:54:14","SURIN_PUNE-BFW02","-","No operator","-","No component","-","-","-","197","00:18:41","00:00:44","00:00:00","00:00:00","NEW","","","","","","","",""
"1900","13-06-2026 04:52:04","Ofc-Test","-","No operator","-","No component","-","-","-","313","00:00:00","00:10:00","00:00:00","00:00:00","NEW","","","","","","","",""
"1901","13-06-2026 04:52:04","Ofc-Test","-","No operator","-","No component","-","-","-","0","00:00:00","00:00:00","00:00:00","00:00:00","NEW","","","","","","","",""
"1902","13-06-2026 03:23:36","SURIN_PUNE-BFW02","-","No operator","-","No component","-","-","-","196","00:39:17","00:48:37","00:00:00","00:00:36","NEW","","","","","","","",""
"1903","13-06-2026 02:28:51","SURIN_PUNE-BFW02","-","No operator","-","No component","-","-","-","195","00:01:28","00:53:17","00:00:00","00:00:00","NEW","","","","","","","",""
"1904","13-06-2026 02:26:55","SURIN_PUNE-BFW02","-","No operator","-","No component","-","-","-","194","00:01:45","00:00:11","00:00:00","00:00:00","NEW","","","","","","","",""
"1905","13-06-2026 02:09:09","SURIN_PUNE-BFW02","-","No operator","-","No component","-","-","-","193","00:15:50","00:01:55","00:00:00","00:00:00","NEW","","","","","","","",""
"1906","13-06-2026 00:58:55","SURIN_PUNE-BFW02","-","No operator","-","No component","-","-","-","192","00:44:37","00:23:41","00:00:00","00:00:00","NEW","","","","","","","",""
"1907","13-06-2026 00:55:49","SURIN_PUNE-BFW02","-","No operator","-","No component","-","-","-","191","00:01:26","00:01:41","00:00:00","00:00:00","NEW","","","","","","","",""
"1908","13-06-2026 00:39:11","SURIN_PUNE-BFW02","-","No operator","-","No component","-","-","-","190","00:13:41","00:01:49","00:00:00","00:00:00","NEW","","","","","","","",""
"1909","13-06-2026 00:30:00","Ofc-Test","-","No operator","-","No component","-","-","-","313","00:00:00","04:22:04","00:00:00","00:00:00","NEW","","","","","","","",""
"1910","13-06-2026 00:10:01","SURIN_PUNE-BFW01","-","No operator","1","test","-","-","-","282","00:57:13","04:10:19","00:00:00","00:00:00","NEW","","","","","","","",""
"1911","13-06-2026 00:09:42","SURIN-BFW_XTRON_1","-","No operator","-","No component","406019004||40304110102","-","0","283","00:57:26","04:18:21","00:03:04","00:00:00","NEW","","","","","","","",""
"1912","12-06-2026 23:47:48","SURIN_PUNE-BFW02","-","No operator","-","No component","-","-","-","189","00:36:27","00:13:14","00:00:00","00:00:00","NEW","","","","","","","",""
"1913","12-06-2026 23:45:21","SURIN_PUNE-BFW02","-","No operator","-","No component","-","-","-","188","00:02:02","00:00:25","00:00:00","00:00:00","NEW","","","","","","","",""
"1914","12-06-2026 23:23:26","SURIN_PUNE-BFW02","-","No operator","-","No component","-","-","-","187","00:18:23","00:03:31","00:00:00","00:00:00","NEW","","","","","","","",""
"1915","12-06-2026 22:40:46","SURIN_PUNE-BFW02","-","No operator","-","No component","-","-","-","186","00:31:36","00:08:52","00:00:00","00:00:00","NEW","","","","","","","",""
"1916","12-06-2026 22:37:19","SURIN_PUNE-BFW02","-","No operator","-","No component","-","-","-","185","00:02:07","00:01:20","00:00:00","00:00:00","NEW","","","","","","","",""
"1917","12-06-2026 22:00:03","SURIN_PUNE-BFW02","-","No operator","-","No component","-","-","-","184","00:18:49","00:18:26","00:00:00","00:00:00","NEW","","","","","","","",""
"1918","12-06-2026 21:39:06","SURIN_PUNE-BFW01","-","No operator","1","test","-","-","-","281","01:09:08","01:20:18","00:00:00","00:00:00","NEW","","","","","","","",""
"1919","12-06-2026 21:38:36","SURIN-BFW_XTRON_1","-","No operator","-","No component","-","-","-","282","01:09:02","01:22:05","00:00:00","00:00:00","NEW","","","","","","","",""
"1920","12-06-2026 21:13:26","SURIN_PUNE-BFW02","-","No operator","-","No component","-","-","-","183","00:31:34","00:12:44","00:00:00","00:00:06","NEW","","","","","","","",""
"1921","12-06-2026 21:10:05","SURIN_PUNE-BFW02","-","No operator","-","No component","-","-","-","182","00:02:11","00:01:10","00:00:00","00:00:00","NEW","","","","","","","",""
"1922","12-06-2026 20:53:22","SURIN_PUNE-BFW02","-","No operator","-","No component","-","-","-","181","00:15:49","00:00:54","00:00:00","00:00:00","NEW","","","","","","","",""
"1923","12-06-2026 20:18:37","SURIN_PUNE-BFW01","-","No operator","1","test","-","-","-","280","01:10:17","00:09:24","00:00:00","00:00:00","NEW","","","","","","","",""
"1924","12-06-2026 20:18:19","SURIN-BFW_XTRON_1","-","No operator","-","No component","406019004","-","0","281","01:08:38","00:10:52","00:00:48","00:00:00","NEW","","","","","","","",""
"1925","12-06-2026 19:36:59","SURIN_PUNE-BFW02","-","No operator","-","No component","-","-","-","180","00:48:56","00:25:28","00:00:00","00:00:00","NEW","","","","","","","",""
"1926","12-06-2026 19:34:22","SURIN_PUNE-BFW02","-","No operator","-","No component","-","-","-","179","00:02:11","00:00:27","00:00:00","00:00:00","NEW","","","","","","","",""
"1927","12-06-2026 19:17:12","SURIN_PUNE-BFW02","-","No operator","-","No component","-","-","-","178","00:15:42","00:01:27","00:00:00","00:00:00","NEW","","","","","","","",""
"1928","12-06-2026 18:49:05","SURIN_PUNE-BFW01","-","No operator","1","test","-","-","-","279","01:09:31","00:18:03","00:00:00","00:00:00","NEW","","","","","","","",""
"1929","12-06-2026 18:48:52","SURIN-BFW_XTRON_1","-","No operator","-","No component","406019004","-","0","280","01:09:31","00:19:51","00:00:06","00:00:00","NEW","","","","","","","",""
"1930","12-06-2026 18:20:53","SURIN_PUNE-BFW02","-","No operator","-","No component","-","-","-","177","00:36:51","00:16:17","00:00:00","00:00:00","NEW","","","","","","","",""
"1931","12-06-2026 18:17:09","SURIN_PUNE-BFW02","-","No operator","-","No component","-","-","-","176","00:02:15","00:01:30","00:00:00","00:00:00","NEW","","","","","","","",""
"1932","12-06-2026 17:50:56","SURIN_PUNE-BFW02","-","No operator","-","No component","-","-","-","175","00:23:06","00:03:06","00:00:00","00:00:00","NEW","","","","","","","",""
"1933","12-06-2026 17:23:03","SURIN_PUNE-BFW01","-","No operator","1","test","-","-","-","278","01:09:25","00:13:39","00:00:00","00:00:00","NEW","","","","","","","",""
"1934","12-06-2026 17:22:44","SURIN-BFW_XTRON_1","-","No operator","-","No component","406019004","-","0","279","01:09:19","00:16:37","00:00:12","00:00:00","NEW","","","","","","","",""
"1935","12-06-2026 16:57:30","SURIN_PUNE-BFW02","-","No operator","-","No component","-","-","-","174","00:36:56","00:11:36","00:00:00","00:00:00","NEW","","","","","","","",""
"1936","12-06-2026 16:50:03","SURIN_PUNE-BFW02","-","No operator","-","No component","-","-","-","173","00:02:21","00:02:57","00:00:00","00:00:00","NEW","","","","","","","",""
"1937","12-06-2026 16:33:43","SURIN_PUNE-BFW02","-","No operator","-","No component","-","-","-","172","00:15:39","00:00:40","00:00:00","00:00:00","NEW","","","","","","","",""
"1938","12-06-2026 14:19:34","SURIN_PUNE-BFW01","-","No operator","1","test","-","-","-","277","01:07:23","01:53:22","00:00:00","00:00:00","NEW","","","","","","","",""
"1939","12-06-2026 14:19:16","SURIN-BFW_XTRON_1","-","No operator","-","No component","406019004","-","0","278","01:07:18","01:56:08","00:00:03","00:00:00","NEW","","","","","","","",""
"1940","12-06-2026 14:18:22","SURIN_PUNE-BFW02","-","No operator","-","No component","-","-","-","171","00:38:01","01:13:32","00:00:00","00:00:00","NEW","","","","","","","",""
"1941","12-06-2026 13:49:04","SURIN_PUNE-BFW02","-","No operator","-","No component","-","-","-","170","00:13:22","00:15:56","00:00:00","00:00:00","NEW","","","","","","","",""
"1942","12-06-2026 13:44:05","Ofc-Test","-","No operator","-","No component","-","-","-","313","00:00:00","10:45:54","00:00:00","00:00:00","NEW","","","","","","","",""
"1943","12-06-2026 13:44:05","Ofc-Test","-","No operator","-","No component","-","-","-","0","00:00:00","00:00:00","00:00:00","00:00:00","NEW","","","","","","","",""
"1944","12-06-2026 13:40:21","Ofc-Test","-","No operator","-","No component","-","-","-","313","00:00:00","00:03:44","00:00:00","00:00:00","NEW","","","","","","","",""
"1945","12-06-2026 13:40:03","Ofc-Test","-","No operator","-","No component","-","-","-","0","00:00:00","00:00:00","00:00:18","00:00:00","NEW","","","","","","","",""
"1946","12-06-2026 13:37:12","Ofc-Test","-","No operator","-","No component","-","-","-","313","00:00:00","00:01:34","00:01:17","00:00:00","NEW","","","","","","","",""
"1947","12-06-2026 13:36:03","Ofc-Test","-","No operator","-","No component","-","-","-","0","00:00:00","00:00:00","00:01:09","00:00:00","NEW","","","","","","","",""
"1948","12-06-2026 13:34:42","Ofc-Test","-","No operator","-","No component","-","-","-","313","00:00:00","00:00:15","00:01:06","00:00:00","NEW","","","","","","","",""
"1949","12-06-2026 13:34:05","Ofc-Test","-","No operator","-","No component","-","-","-","0","00:00:00","00:00:37","00:00:00","00:00:00","NEW","","","","","","","",""
"1950","12-06-2026 13:33:29","Ofc-Test","-","No operator","-","No component","-","-","-","313","00:00:00","00:00:36","00:00:00","00:00:00","NEW","","","","","","","",""
"1951","12-06-2026 13:32:11","Ofc-Test","-","No operator","-","No component","-","-","-","312","00:01:18","00:00:00","00:00:00","00:00:00","NEW","","","","","","","",""
"1952","12-06-2026 13:32:05","Ofc-Test","-","No operator","-","No component","-","-","-","0","00:00:00","00:00:07","00:00:00","00:00:00","NEW","","","","","","","",""
"1953","12-06-2026 13:30:24","Ofc-Test","-","No operator","-","No component","-","-","-","312","00:00:00","00:01:41","00:00:00","00:00:00","NEW","","","","","","","",""
"1954","12-06-2026 13:30:05","Ofc-Test","-","No operator","-","No component","-","-","-","0","00:00:00","00:00:19","00:00:00","00:00:00","NEW","","","","","","","",""
"1955","12-06-2026 13:24:33","Ofc-Test","-","No operator","-","No component","-","-","-","312","00:00:00","00:05:32","00:00:00","00:00:00","NEW","","","","","","","",""
"1956","12-06-2026 13:24:05","Ofc-Test","-","No operator","-","No component","-","-","-","0","00:00:00","00:00:28","00:00:00","00:00:00","NEW","","","","","","","",""
"1957","12-06-2026 13:22:39","Ofc-Test","-","No operator","-","No component","-","-","-","312","00:00:00","00:01:25","00:00:00","00:00:00","NEW","","","","","","","",""
"1958","12-06-2026 13:22:05","Ofc-Test","-","No operator","-","No component","-","-","-","0","00:00:00","00:00:35","00:00:00","00:00:00","NEW","","","","","","","",""
"1959","12-06-2026 13:21:35","Ofc-Test","-","No operator","-","No component","-","-","-","312","00:00:00","00:00:29","00:00:00","00:00:00","NEW","","","","","","","",""
"1960","12-06-2026 13:20:05","Ofc-Test","-","No operator","-","No component","-","-","-","0","00:00:00","00:01:31","00:00:00","00:00:00","NEW","","","","","","","",""
"1961","12-06-2026 13:19:56","SURIN_PUNE-BFW02","-","No operator","-","No component","-","-","-","169","00:23:51","00:05:17","00:00:00","00:00:00","NEW","","","","","","","",""
"1962","12-06-2026 13:18:30","Ofc-Test","-","No operator","-","No component","-","-","-","312","00:00:00","00:01:35","00:00:00","00:00:00","NEW","","","","","","","",""
"1963","12-06-2026 13:18:05","Ofc-Test","-","No operator","-","No component","-","-","-","0","00:00:00","00:00:25","00:00:00","00:00:00","NEW","","","","","","","",""
"1964","12-06-2026 13:17:38","SURIN_PUNE-BFW01","-","No operator","1","test","-","-","-","276","00:44:13","00:17:42","00:00:00","00:00:00","NEW","","","","","","","",""
"1965","12-06-2026 13:17:17","SURIN-BFW_XTRON_1","-","No operator","-","No component","406019004","-","0","277","00:41:13","00:18:00","00:02:47","00:00:00","NEW","","","","","","","",""
"1966","12-06-2026 13:14:17","Ofc-Test","-","No operator","-","No component","-","-","-","312","00:00:00","00:03:47","00:00:00","00:00:00","NEW","","","","","","","",""
"1967","12-06-2026 13:14:05","Ofc-Test","-","No operator","-","No component","-","-","-","0","00:00:00","00:00:13","00:00:00","00:00:00","NEW","","","","","","","",""
"1968","12-06-2026 13:13:19","Ofc-Test","-","No operator","-","No component","-","-","-","312","00:00:00","00:00:45","00:00:00","00:00:00","NEW","","","","","","","",""
"1969","12-06-2026 13:12:05","Ofc-Test","-","No operator","-","No component","-","-","-","0","00:00:00","00:01:15","00:00:00","00:00:00","NEW","","","","","","","",""
"1970","12-06-2026 13:10:33","Ofc-Test","-","No operator","-","No component","-","-","-","312","00:00:00","00:01:32","00:00:00","00:00:00","NEW","","","","","","","",""
"1971","12-06-2026 13:10:05","Ofc-Test","-","No operator","-","No component","-","-","-","0","00:00:00","00:00:28","00:00:00","00:00:00","NEW","","","","","","","",""
"1972","12-06-2026 13:09:43","Ofc-Test","-","No operator","-","No component","-","-","-","312","00:00:00","00:00:21","00:00:00","00:00:00","NEW","","","","","","","",""
"1973","12-06-2026 13:08:30","Ofc-Test","-","No operator","-","No component","-","-","-","311","00:00:28","00:00:45","00:00:00","00:00:00","NEW","","","","","","","",""
"1974","12-06-2026 13:08:05","Ofc-Test","-","No operator","-","No component","-","-","-","0","00:00:00","00:00:25","00:00:00","00:00:00","NEW","","","","","","","",""
"1975","12-06-2026 13:07:16","Ofc-Test","-","No operator","-","No component","-","-","-","311","00:00:00","00:00:48","00:00:00","00:00:00","NEW","","","","","","","",""
"1976","12-06-2026 13:06:05","Ofc-Test","-","No operator","-","No component","-","-","-","0","00:00:00","00:01:12","00:00:00","00:00:00","NEW","","","","","","","",""
"1977","12-06-2026 13:02:33","Ofc-Test","-","No operator","-","No component","-","-","-","311","00:00:00","00:03:32","00:00:00","00:00:00","NEW","","","","","","","",""
"1978","12-06-2026 13:02:05","Ofc-Test","-","No operator","-","No component","-","-","-","0","00:00:00","00:00:28","00:00:00","00:00:00","NEW","","","","","","","",""
"1979","12-06-2026 13:00:08","SURIN_PUNE-BFW02","-","No operator","-","No component","-","-","-","168","00:07:51","00:11:57","00:00:00","00:00:00","NEW","","","","","","","",""
"1980","12-06-2026 13:00:05","Ofc-Test","-","No operator","-","No component","-","-","-","311","00:00:00","00:02:00","00:00:00","00:00:00","NEW","","","","","","","",""
"1981","12-06-2026 13:00:05","Ofc-Test","-","No operator","-","No component","-","-","-","0","00:00:00","00:00:00","00:00:00","00:00:00","NEW","","","","","","","",""
"1982","12-06-2026 12:58:55","Ofc-Test","-","No operator","-","No component","-","-","-","311","00:00:00","00:01:10","00:00:00","00:00:00","NEW","","","","","","","",""
"1983","12-06-2026 12:58:05","Ofc-Test","-","No operator","-","No component","-","-","-","0","00:00:00","00:00:50","00:00:00","00:00:00","NEW","","","","","","","",""
"1984","12-06-2026 12:56:33","Ofc-Test","-","No operator","-","No component","-","-","-","311","00:00:00","00:01:32","00:00:00","00:00:00","NEW","","","","","","","",""
"1985","12-06-2026 12:56:05","Ofc-Test","-","No operator","-","No component","-","-","-","0","00:00:00","00:00:28","00:00:00","00:00:00","NEW","","","","","","","",""
"1986","12-06-2026 12:54:08","Ofc-Test","-","No operator","-","No component","-","-","-","311","00:00:00","00:01:57","00:00:00","00:00:00","NEW","","","","","","","",""
"1987","12-06-2026 12:54:05","Ofc-Test","-","No operator","-","No component","-","-","-","0","00:00:00","00:00:03","00:00:00","00:00:00","NEW","","","","","","","",""
"1988","12-06-2026 12:53:26","Ofc-Test","-","No operator","-","No component","-","-","-","311","00:00:00","00:00:39","00:00:00","00:00:00","NEW","","","","","","","",""
"1989","12-06-2026 12:52:30","Ofc-Test","-","No operator","-","No component","-","-","-","310","00:00:24","00:00:31","00:00:00","00:00:00","NEW","","","","","","","",""
"1990","12-06-2026 12:52:05","Ofc-Test","-","No operator","-","No component","-","-","-","0","00:00:00","00:00:25","00:00:00","00:00:00","NEW","","","","","","","",""
"1991","12-06-2026 12:50:33","Ofc-Test","-","No operator","-","No component","-","-","-","310","00:00:00","00:01:32","00:00:00","00:00:00","NEW","","","","","","","",""
"1992","12-06-2026 12:50:05","Ofc-Test","-","No operator","-","No component","-","-","-","0","00:00:00","00:00:28","00:00:00","00:00:00","NEW","","","","","","","",""
"1993","12-06-2026 12:48:39","Ofc-Test","-","No operator","-","No component","-","-","-","310","00:00:00","00:01:25","00:00:00","00:00:00","NEW","","","","","","","",""
"1994","12-06-2026 12:48:05","Ofc-Test","-","No operator","-","No component","-","-","-","0","00:00:00","00:00:35","00:00:00","00:00:00","NEW","","","","","","","",""
"1995","12-06-2026 12:46:18","Ofc-Test","-","No operator","-","No component","-","-","-","310","00:00:00","00:01:47","00:00:00","00:00:00","NEW","","","","","","","",""
"1996","12-06-2026 12:46:05","Ofc-Test","-","No operator","-","No component","-","-","-","0","00:00:00","00:00:13","00:00:00","00:00:00","NEW","","","","","","","",""
"1997","12-06-2026 12:44:08","Ofc-Test","-","No operator","-","No component","-","-","-","310","00:00:00","00:01:57","00:00:00","00:00:00","NEW","","","","","","","",""
"1998","12-06-2026 12:44:05","Ofc-Test","-","No operator","-","No component","-","-","-","0","00:00:00","00:00:04","00:00:00","00:00:00","NEW","","","","","","","",""
"1999","12-06-2026 12:42:24","Ofc-Test","-","No operator","-","No component","-","-","-","310","00:00:00","00:01:41","00:00:00","00:00:00","NEW","","","","","","","",""
"2000","12-06-2026 12:42:05","Ofc-Test","-","No operator","-","No component","-","-","-","0","00:00:00","00:00:19","00:00:00","00:00:00","NEW","","","","","","","",""
"2001","12-06-2026 12:31:03","SURIN_PUNE-BFW02","-","No operator","-","No component","-","-","-","167","00:10:12","00:18:53","00:00:00","00:00:00","NEW","","","","","","","",""
"2002","12-06-2026 12:26:55","SURIN_PUNE-BFW02","-","No operator","-","No component","-","-","-","166","00:03:16","00:00:25","00:00:00","00:00:27","NEW","","","","","","","",""
"2003","12-06-2026 12:26:54","SURIN_PUNE-BFW01","-","No operator","1","test","-","-","-","275","00:47:12","00:02:30","00:00:00","00:01:01","NEW","","","","","","","",""
"2004","12-06-2026 12:26:36","SURIN_PUNE-BFW01","-","No operator","1","test","-","-","-","0","00:00:00","00:00:00","00:00:18","00:00:00","NEW","","","","","","","",""
"2005","12-06-2026 12:26:35","SURIN_PUNE-BFW02","-","No operator","-","No component","-","-","-","0","00:00:00","00:00:00","00:00:20","00:00:00","NEW","","","","","","","",""
"2006","12-06-2026 12:25:47","SURIN_PUNE-BFW01","-","No operator","1","test","-","-","-","275","00:00:00","00:00:00","00:00:00","00:00:49","NEW","","","","","","","",""
"2007","12-06-2026 12:25:46","SURIN_PUNE-BFW02","-","No operator","-","No component","-","-","-","166","00:00:00","00:00:00","00:00:00","00:00:49","NEW","","","","","","","",""
"2008","12-06-2026 12:22:21","SURIN_PUNE-BFW02","-","No operator","-","No component","-","-","-","0","00:00:00","00:00:00","00:03:25","00:00:00","NEW","","","","","","","",""
"2009","12-06-2026 12:22:21","SURIN_PUNE-BFW01","-","No operator","1","test","-","-","-","0","00:00:00","00:00:00","00:03:26","00:00:00","NEW","","","","","","","",""
"2010","12-06-2026 12:22:05","Ofc-Test","-","No operator","-","No component","-","-","-","310","00:00:00","00:19:59","00:00:00","00:00:00","NEW","","","","","","","",""
"2011","12-06-2026 12:22:05","Ofc-Test","-","No operator","-","No component","-","-","-","0","00:00:00","00:00:01","00:00:00","00:00:00","NEW","","","","","","","",""
"2012","12-06-2026 12:12:00","Ofc-Test","-","No operator","-","No component","-","-","-","310","00:00:00","00:10:05","00:00:00","00:00:00","NEW","","","","","","","",""
"2013","12-06-2026 12:06:03","SURIN_PUNE-BFW02","-","No operator","-","No component","-","-","-","166","00:10:47","00:05:31","00:00:00","00:00:00","NEW","","","","","","","",""
"2014","12-06-2026 11:50:00","Ofc-Test","-","No operator","-","No component","-","-","-","310","00:00:00","00:21:59","00:00:00","00:00:00","NEW","","","","","","","",""
"2015","12-06-2026 11:37:39","Ofc-Test","-","No operator","-","No component","-","-","-","309","00:00:39","00:11:29","00:00:13","00:00:00","NEW","","","","","","","",""
"2016","12-06-2026 11:30:04","SURIN_PUNE-BFW02","-","No operator","-","No component","-","-","-","165","00:27:40","00:01:53","00:00:00","00:06:26","NEW","","","","","","","",""
"2017","12-06-2026 11:30:03","SURIN_PUNE-BFW01","-","No operator","1","test","-","-","-","275","00:43:27","00:05:00","00:00:00","00:01:16","NEW","","","","","","","",""
"2018","12-06-2026 11:26:05","SURIN_PUNE-BFW01","-","No operator","1","test","-","-","-","0","00:00:00","00:00:00","00:03:58","00:00:00","NEW","","","","","","","",""
"2019","12-06-2026 11:26:03","SURIN_PUNE-BFW02","-","No operator","-","No component","-","-","-","0","00:00:00","00:00:00","00:04:00","00:00:00","NEW","","","","","","","",""
"2020","12-06-2026 11:24:18","Ofc-Test","-","No operator","-","No component","-","-","-","308","00:00:39","00:12:42","00:00:00","00:00:00","NEW","","","","","","","",""
"2021","12-06-2026 11:22:29","Ofc-Test","-","No operator","-","No component","-","-","-","307","00:00:39","00:01:11","00:00:00","00:00:00","NEW","","","","","","","",""
"2022","12-06-2026 11:21:42","Ofc-Test","-","No operator","-","No component","-","-","-","306","00:00:39","00:00:08","00:00:00","00:00:00","NEW","","","","","","","",""
"2023","12-06-2026 11:06:57","Ofc-Test","-","No operator","-","No component","-","-","-","305","00:00:20","00:14:24","00:00:00","00:00:00","NEW","","","","","","","",""
"2024","12-06-2026 11:03:08","Ofc-Test","-","No operator","-","No component","-","-","-","304","00:02:12","00:01:38","00:00:00","00:00:00","NEW","","","","","","","",""
"2025","12-06-2026 10:22:03","SURIN_PUNE-BFW02","-","No operator","-","No component","-","-","-","165","00:18:13","00:45:45","00:00:00","00:00:02","NEW","","","","","","","",""
"2026","12-06-2026 09:53:16","SURIN_PUNE-BFW02","-","No operator","-","No component","-","-","-","164","00:25:57","00:02:50","00:00:00","00:00:00","NEW","","","","","","","",""
"2027","12-06-2026 09:25:15","SURIN_PUNE-BFW01","-","No operator","1","test","-","-","-","275","00:05:42","01:29:51","00:00:00","00:02:08","NEW","","","","","","","",""
"2028","12-06-2026 09:25:15","SURIN_PUNE-BFW02","-","No operator","-","No component","-","-","-","163","00:07:55","00:19:37","00:00:00","00:00:29","NEW","","","","","","","",""
"2029","12-06-2026 09:22:35","SURIN_PUNE-BFW01","-","No operator","1","test","-","-","-","0","00:00:00","00:00:00","00:02:40","00:00:00","NEW","","","","","","","",""
"2030","12-06-2026 09:22:20","SURIN_PUNE-BFW02","-","No operator","-","No component","-","-","-","0","00:00:00","00:00:00","00:02:55","00:00:00","NEW","","","","","","","",""
"2031","12-06-2026 09:15:48","SURIN_PUNE-BFW01","-","No operator","1","test","-","-","-","275","00:00:00","00:00:00","00:00:00","00:06:47","NEW","","","","","","","",""
"2032","12-06-2026 09:15:36","SURIN_PUNE-BFW01","-","No operator","1","test","-","-","-","0","00:00:00","00:00:00","00:00:12","00:00:00","NEW","","","","","","","",""
"2033","12-06-2026 08:38:28","SURIN_PUNE-BFW01","-","No operator","1","test","-","-","-","275","00:00:00","00:37:08","00:00:00","00:00:00","NEW","","","","","","","",""
"2034","12-06-2026 08:38:10","SURIN-BFW_XTRON_1","-","No operator","-","No component","40410001006||406019004","-","0","276","01:34:59","02:34:12","00:17:40","00:12:17","NEW","","","","","","","",""
"2035","12-06-2026 08:34:31","SURIN_PUNE-BFW02","-","No operator","-","No component","-","-","-","163","00:00:00","00:47:49","00:00:00","00:00:00","NEW","","","","","","","",""
"2036","12-06-2026 08:18:24","SURIN_PUNE-BFW02","-","No operator","-","No component","-","-","-","162","00:09:32","00:06:35","00:00:00","00:00:00","NEW","","","","","","","",""
"2037","12-06-2026 08:09:49","SURIN_PUNE-BFW01","-","No operator","1","test","-","-","-","274","00:23:25","00:05:15","00:00:00","00:00:00","NEW","","","","","","","",""
"2038","12-06-2026 08:09:30","SURIN-BFW_XTRON_1","-","No operator","-","No component","40410001006","-","0","275","00:23:22","00:05:16","00:00:03","00:00:00","NEW","","","","","","","",""
"2039","12-06-2026 07:02:28","SURIN_PUNE-BFW01","-","No operator","1","test","-","-","-","273","00:25:09","00:42:11","00:00:00","00:00:00","NEW","","","","","","","",""
"2040","12-06-2026 07:02:11","SURIN-BFW_XTRON_1","-","No operator","-","No component","40410001006","-","0","274","00:25:10","00:41:30","00:00:40","00:00:00","NEW","","","","","","","",""
"2041","12-06-2026 06:52:41","SURIN_PUNE-BFW02","-","No operator","-","No component","-","-","-","161","00:21:56","01:03:47","00:00:00","00:00:00","NEW","","","","","","","",""
"2042","12-06-2026 06:32:08","SURIN_PUNE-BFW01","-","No operator","1","test","-","-","-","272","00:25:07","00:05:13","00:00:00","00:00:00","NEW","","","","","","","",""
"2043","12-06-2026 06:31:50","SURIN-BFW_XTRON_1","-","No operator","-","No component","-","-","-","273","00:25:06","00:05:15","00:00:00","00:00:00","NEW","","","","","","","",""
"2044","12-06-2026 06:29:51","Ofc-Test","-","No operator","-","No component","-","-","-","303","00:00:00","00:07:27","00:00:00","01:52:42","NEW","","","","","","","",""
"2045","12-06-2026 06:08:53","SURIN_PUNE-BFW01","-","No operator","1","test","-","-","-","271","00:16:55","00:06:20","00:00:00","00:00:00","NEW","","","","","","","",""
"2046","12-06-2026 06:08:35","SURIN-BFW_XTRON_1","-","No operator","-","No component","40410001006","-","0","272","00:16:30","00:06:22","00:00:24","00:00:00","NEW","","","","","","","",""
"2047","12-06-2026 06:03:48","SURIN_PUNE-BFW02","-","No operator","-","No component","-","-","-","160","00:40:46","00:08:07","00:00:00","00:00:00","NEW","","","","","","","",""
"2048","12-06-2026 05:44:31","SURIN-BFW_XTRON_1","-","No operator","-","No component","40410001006","-","0","271","00:16:14","00:07:48","00:00:02","00:00:00","NEW","","","","","","","",""
"2049","12-06-2026 05:44:02","SURIN_PUNE-BFW01","-","No operator","1","test","-","-","-","270","00:16:36","00:08:16","00:00:00","00:00:00","NEW","","","","","","","",""
"2050","12-06-2026 05:25:30","SURIN_PUNE-BFW01","-","No operator","1","test","-","-","-","269","00:12:17","00:06:15","00:00:00","00:00:00","NEW","","","","","","","",""
"2051","12-06-2026 05:25:12","SURIN-BFW_XTRON_1","-","No operator","-","No component","40410001006","-","0","270","00:13:08","00:06:10","00:00:02","00:00:00","NEW","","","","","","","",""
"2052","12-06-2026 05:22:58","SURIN_PUNE-BFW02","-","No operator","-","No component","-","-","-","159","00:10:15","00:30:35","00:00:00","00:00:00","NEW","","","","","","","",""
"2053","12-06-2026 05:04:43","SURIN_PUNE-BFW02","-","No operator","-","No component","-","-","-","158","00:10:05","00:08:10","00:00:00","00:00:00","NEW","","","","","","","",""
"2054","12-06-2026 04:58:45","SURIN_PUNE-BFW01","-","No operator","1","test","-","-","-","268","00:16:43","00:08:44","00:00:00","00:00:00","NEW","","","","","","","",""
"2055","12-06-2026 04:58:27","SURIN-BFW_XTRON_1","-","No operator","-","No component","-","-","-","269","00:16:47","00:09:58","00:00:00","00:00:00","NEW","","","","","","","",""
"2056","12-06-2026 04:44:04","SURIN_PUNE-BFW02","-","No operator","-","No component","-","-","-","157","00:13:02","00:07:37","00:00:00","00:00:00","NEW","","","","","","","",""
"2057","12-06-2026 04:30:01","SURIN_PUNE-BFW02","-","No operator","-","No component","-","-","-","156","00:12:20","00:01:43","00:00:00","00:00:00","NEW","","","","","","","",""
"2058","12-06-2026 04:24:49","SURIN_PUNE-BFW01","-","No operator","1","test","-","-","-","267","00:07:51","00:26:05","00:00:00","00:00:00","NEW","","","","","","","",""
"2059","12-06-2026 04:24:30","SURIN-BFW_XTRON_1","-","No operator","-","No component","-","-","-","268","00:07:49","00:26:08","00:00:00","00:00:00","NEW","","","","","","","",""
"2060","12-06-2026 03:46:57","SURIN_PUNE-BFW02","-","No operator","-","No component","-","-","-","155","00:19:42","00:23:21","00:00:00","00:00:00","NEW","","","","","","","",""
"2061","12-06-2026 01:55:53","SURIN_PUNE-BFW02","-","No operator","-","No component","-","-","-","154","00:22:30","01:28:35","00:00:00","00:00:00","NEW","","","","","","","",""
"2062","12-06-2026 01:10:45","SURIN_PUNE-BFW02","-","No operator","-","No component","-","-","-","153","00:27:42","00:15:47","00:00:00","00:01:38","NEW","","","","","","","",""
"2063","12-06-2026 00:30:00","Ofc-Test","-","No operator","-","No component","-","-","-","0","00:00:00","00:00:00","05:59:51","00:00:00","NEW","","","","","","","",""
"2064","12-06-2026 00:19:45","SURIN_PUNE-BFW02","-","No operator","-","No component","-","-","-","152","00:10:37","00:40:23","00:00:00","00:00:00","NEW","","","","","","","",""
"2065","11-06-2026 23:50:51","SURIN_PUNE-BFW02","-","No operator","-","No component","-","-","-","151","00:15:23","00:13:31","00:00:00","00:00:00","NEW","","","","","","","",""
"2066","11-06-2026 23:29:33","SURIN_PUNE-BFW01","-","No operator","1","test","-","-","-","266","00:54:28","03:31:34","00:00:00","00:14:52","NEW","","","","","","","",""
"2067","11-06-2026 23:29:16","SURIN-BFW_XTRON_1","-","No operator","-","No component","1||304110102||40410001006","-","2||0","267","00:55:48","03:23:45","00:20:51","00:14:52","NEW","","","","","","","",""
"2068","11-06-2026 22:57:33","SURIN_PUNE-BFW02","-","No operator","-","No component","-","-","-","150","00:25:37","00:27:41","00:00:00","00:00:00","NEW","","","","","","","",""
"2069","11-06-2026 22:49:42","SURIN_PUNE-BFW01","-","No operator","1","test","-","-","-","265","00:19:40","00:18:19","00:00:00","00:01:52","NEW","","","","","","","",""
"2070","11-06-2026 22:49:24","SURIN-BFW_XTRON_1","-","No operator","-","No component","-","-","-","266","00:19:37","00:18:18","00:00:00","00:01:57","NEW","","","","","","","",""
"2071","11-06-2026 22:28:55","SURIN_PUNE-BFW02","-","No operator","-","No component","-","-","-","149","00:13:47","00:14:52","00:00:00","00:00:00","NEW","","","","","","","",""
"2072","11-06-2026 22:23:02","SURIN_PUNE-BFW01","-","No operator","1","test","-","-","-","264","00:10:16","00:16:24","00:00:00","00:00:00","NEW","","","","","","","",""
"2073","11-06-2026 22:22:46","SURIN-BFW_XTRON_1","-","No operator","-","No component","1","-","2","265","00:10:15","00:16:23","00:00:00","00:00:00","NEW","","","","","","","",""
"2074","11-06-2026 22:05:27","SURIN_PUNE-BFW01","-","No operator","1","test","-","-","-","263","00:08:56","00:08:39","00:00:00","00:00:00","NEW","","","","","","","",""
"2075","11-06-2026 22:05:11","SURIN-BFW_XTRON_1","-","No operator","-","No component","1","-","2","264","00:08:55","00:08:39","00:00:03","00:00:00","NEW","","","","","","","",""
"2076","11-06-2026 21:52:19","SURIN_PUNE-BFW01","-","No operator","1","test","-","-","-","262","00:06:31","00:06:37","00:00:00","00:00:00","NEW","","","","","","","",""
"2077","11-06-2026 21:52:01","SURIN-BFW_XTRON_1","-","No operator","-","No component","-","-","-","263","00:06:32","00:06:38","00:00:00","00:00:00","NEW","","","","","","","",""
"2078","11-06-2026 21:47:25","SURIN_PUNE-BFW01","-","No operator","1","test","-","-","-","261","00:02:27","00:02:14","00:00:00","00:00:14","NEW","","","","","","","",""
"2079","11-06-2026 21:47:08","SURIN-BFW_XTRON_1","-","No operator","-","No component","-","-","-","262","00:02:27","00:02:08","00:00:00","00:00:19","NEW","","","","","","","",""
"2080","11-06-2026 21:21:17","SURIN_PUNE-BFW02","-","No operator","-","No component","-","-","-","148","00:29:38","00:37:59","00:00:00","00:00:00","NEW","","","","","","","",""
"2081","11-06-2026 20:44:14","SURIN_PUNE-BFW02","-","No operator","-","No component","-","-","-","147","00:15:03","00:08:19","00:00:00","00:13:41","NEW","","","","","","","",""
"2082","11-06-2026 20:34:47","SURIN_PUNE-BFW01","-","No operator","1","test","-","-","-","260","00:27:20","00:34:01","00:00:00","00:00:03","NEW","","","","","","","",""
"2083","11-06-2026 20:34:30","SURIN-BFW_XTRON_1","-","No operator","-","No component","1","-","2","261","00:26:53","00:45:39","00:00:03","00:00:04","NEW","","","","","","","",""
"2084","11-06-2026 19:08:01","SURIN_PUNE-BFW01","-","No operator","1","test","-","-","-","259","00:39:34","00:39:11","00:00:00","00:00:00","NEW","","","","","","","",""
"2085","11-06-2026 19:07:43","SURIN-BFW_XTRON_1","-","No operator","-","No component","1","-","2","260","00:39:52","00:46:48","00:00:07","00:00:00","NEW","","","","","","","",""
"2086","11-06-2026 18:32:23","SURIN_PUNE-BFW01","-","No operator","1","test","-","-","-","258","00:18:29","00:17:09","00:00:00","00:00:00","NEW","","","","","","","",""
"2087","11-06-2026 18:32:06","SURIN-BFW_XTRON_1","-","No operator","-","No component","-","-","-","259","00:18:28","00:17:09","00:00:00","00:00:00","NEW","","","","","","","",""
"2088","11-06-2026 18:08:10","SURIN_PUNE-BFW01","-","No operator","1","test","-","-","-","257","00:16:46","00:07:27","00:00:00","00:00:00","NEW","","","","","","","",""
"2089","11-06-2026 18:07:53","SURIN-BFW_XTRON_1","-","No operator","-","No component","1","-","2","258","00:16:42","00:07:27","00:00:05","00:00:00","NEW","","","","","","","",""
"2090","11-06-2026 17:41:37","SURIN_PUNE-BFW01","-","No operator","1","test","-","-","-","256","00:16:46","00:09:47","00:00:00","00:00:00","NEW","","","","","","","",""
"2091","11-06-2026 17:41:20","SURIN-BFW_XTRON_1","-","No operator","-","No component","-","-","-","257","00:16:46","00:09:47","00:00:00","00:00:00","NEW","","","","","","","",""
"2092","11-06-2026 17:18:06","SURIN_PUNE-BFW01","-","No operator","1","test","-","-","-","255","00:16:46","00:06:45","00:00:00","00:00:00","NEW","","","","","","","",""
"2093","11-06-2026 17:17:49","SURIN-BFW_XTRON_1","-","No operator","-","No component","-","-","-","256","00:16:47","00:06:45","00:00:00","00:00:00","NEW","","","","","","","",""
"2094","11-06-2026 16:58:03","SURIN_PUNE-BFW01","-","No operator","1","test","-","-","-","254","00:16:46","00:03:17","00:00:00","00:00:00","NEW","","","","","","","",""
"2095","11-06-2026 16:57:30","SURIN-BFW_XTRON_1","-","No operator","-","No component","-","-","-","255","00:16:47","00:03:33","00:00:00","00:00:00","NEW","","","","","","","",""
"2096","11-06-2026 16:37:41","SURIN_PUNE-BFW02","-","No operator","-","No component","-","-","-","146","00:58:20","02:35:43","00:00:00","00:18:16","NEW","","","","","","","",""
"2097","11-06-2026 16:34:55","SURIN_PUNE-BFW01","-","No operator","1","test","-","-","-","253","00:17:37","00:05:31","00:00:00","00:00:00","NEW","","","","","","","",""
"2098","11-06-2026 16:34:30","SURIN-BFW_XTRON_1","-","No operator","-","No component","-","-","-","254","00:17:22","00:05:39","00:00:00","00:00:00","NEW","","","","","","","",""
"2099","11-06-2026 16:28:55","SURIN_PUNE-BFW02","-","No operator","-","No component","-","-","-","145","00:02:02","00:06:44","00:00:00","00:00:00","NEW","","","","","","","",""
"2100","11-06-2026 16:14:45","SURIN_PUNE-BFW02","-","No operator","-","No component","-","-","-","144","00:04:59","00:09:11","00:00:00","00:00:00","NEW","","","","","","","",""
"2101","11-06-2026 16:12:22","SURIN_PUNE-BFW02","-","No operator","-","No component","-","-","-","143","00:02:04","00:00:19","00:00:00","00:00:00","NEW","","","","","","","",""
"2102","11-06-2026 15:38:55","SURIN_PUNE-BFW01","-","No operator","1","test","-","-","-","252","00:21:16","00:34:45","00:00:00","00:00:00","NEW","","","","","","","",""
"2103","11-06-2026 15:38:38","SURIN-BFW_XTRON_1","-","No operator","-","No component","-","-","-","253","00:21:08","00:34:45","00:00:00","00:00:00","NEW","","","","","","","",""
"2104","11-06-2026 14:18:36","SURIN_PUNE-BFW02","-","No operator","-","No component","-","-","-","142","00:04:24","01:38:32","00:00:00","00:00:00","NEW","","","","","","","",""
"2105","11-06-2026 14:18:28","SURIN_PUNE-BFW01","-","No operator","1","test","-","-","-","251","00:22:18","00:58:09","00:00:00","00:00:00","NEW","","","","","","","",""
"2106","11-06-2026 14:18:26","SURIN-BFW_XTRON_1","-","No operator","-","No component","1","-","2","252","00:22:18","00:56:23","00:01:31","00:00:00","NEW","","","","","","","",""
"2107","11-06-2026 13:56:02","SURIN_PUNE-BFW02","-","No operator","-","No component","-","-","-","141","00:12:03","00:10:31","00:00:00","00:00:00","NEW","","","","","","","",""
"2108","11-06-2026 13:44:46","SURIN_PUNE-BFW02","-","No operator","-","No component","-","-","-","140","00:10:09","00:01:08","00:00:00","00:00:00","NEW","","","","","","","",""
"2109","11-06-2026 13:41:44","SURIN_PUNE-BFW01","-","No operator","1","test","-","-","-","250","00:12:03","00:24:40","00:00:00","00:00:00","NEW","","","","","","","",""
"2110","11-06-2026 13:41:27","SURIN-BFW_XTRON_1","-","No operator","-","No component","1","-","2","251","00:11:47","00:24:43","00:00:30","00:00:00","NEW","","","","","","","",""
"2111","11-06-2026 13:19:19","SURIN_PUNE-BFW02","-","No operator","-","No component","-","-","-","139","00:04:45","00:20:42","00:00:00","00:00:00","NEW","","","","","","","",""
"2112","11-06-2026 13:12:37","SURIN_PUNE-BFW02","-","No operator","-","No component","-","-","-","138","00:05:50","00:00:52","00:00:00","00:00:00","NEW","","","","","","","",""
"2113","11-06-2026 12:52:20","SURIN_PUNE-BFW01","-","No operator","1","test","-","-","-","249","00:12:04","00:37:20","00:00:00","00:00:00","NEW","","","","","","","",""
"2114","11-06-2026 12:52:03","SURIN-BFW_XTRON_1","-","No operator","-","No component","1","-","2","250","00:12:00","00:37:21","00:00:04","00:00:00","NEW","","","","","","","",""
"2115","11-06-2026 12:47:26","SURIN_PUNE-BFW02","-","No operator","-","No component","-","-","-","137","00:03:47","00:21:24","00:00:00","00:00:00","NEW","","","","","","","",""
"2116","11-06-2026 12:23:56","SURIN_PUNE-BFW02","-","No operator","-","No component","-","-","-","136","00:07:00","00:16:30","00:00:00","00:00:00","NEW","","","","","","","",""
"2117","11-06-2026 12:12:00","Ofc-Test","-","No operator","-","No component","-","-","-","0","00:00:00","00:00:00","12:18:00","00:00:00","NEW","","","","","","","",""
"2118","11-06-2026 11:59:29","SURIN_PUNE-BFW01","-","No operator","1","test","-","-","-","248","00:09:11","00:43:41","00:00:00","00:00:00","NEW","","","","","","","",""
"2119","11-06-2026 11:59:12","SURIN-BFW_XTRON_1","-","No operator","-","No component","-","-","-","249","00:09:13","00:43:39","00:00:00","00:00:00","NEW","","","","","","","",""
"2120","11-06-2026 11:55:58","SURIN_PUNE-BFW01","-","No operator","1","test","-","-","-","247","00:02:36","00:00:56","00:00:00","00:00:00","NEW","","","","","","","",""
"2121","11-06-2026 11:55:40","SURIN-BFW_XTRON_1","-","No operator","-","No component","-","-","-","248","00:02:37","00:00:55","00:00:00","00:00:00","NEW","","","","","","","",""
"2122","11-06-2026 11:55:40","SURIN_PUNE-BFW02","-","No operator","-","No component","-","-","-","135","00:05:00","00:23:16","00:00:00","00:00:00","NEW","","","","","","","",""
"2123","11-06-2026 11:43:14","SURIN_PUNE-BFW02","-","No operator","-","No component","-","-","-","134","00:03:36","00:08:50","00:00:00","00:00:00","NEW","","","","","","","",""
"2124","11-06-2026 11:17:56","SURIN_PUNE-BFW02","-","No operator","-","No component","-","-","-","133","00:06:09","00:13:41","00:00:00","00:00:00","NEW","","","","","","","",""
"2125","11-06-2026 10:49:04","SURIN_PUNE-BFW02","-","No operator","-","No component","-","-","-","132","00:10:09","00:18:05","00:00:00","00:00:00","NEW","","","","","","","",""
"2126","11-06-2026 10:00:22","SURIN_PUNE-BFW02","-","No operator","-","No component","-","-","-","131","00:06:58","00:41:43","00:00:00","00:00:00","NEW","","","","","","","",""
"2127","11-06-2026 09:57:20","SURIN_PUNE-BFW02","-","No operator","-","No component","-","-","-","130","00:01:31","00:01:32","00:00:00","00:00:00","NEW","","","","","","","",""
"2128","11-06-2026 09:14:37","SURIN_PUNE-BFW02","-","No operator","-","No component","-","-","-","129","00:01:36","00:40:41","00:00:00","00:00:25","NEW","","","","","","","",""
"2129","11-06-2026 08:56:29","SURIN_PUNE-BFW01","-","No operator","1","test","-","-","-","246","00:16:13","01:49:38","00:00:00","00:26:46","NEW","","","","","","","",""
"2130","11-06-2026 08:56:18","SURIN-BFW_XTRON_1","-","No operator","-","No component","1","-","2","247","00:16:19","02:16:03","00:00:03","00:26:58","NEW","","","","","","","",""
"2131","11-06-2026 08:26:50","SURIN_PUNE-BFW02","-","No operator","-","No component","-","-","-","128","00:07:09","00:40:38","00:00:00","00:00:00","NEW","","","","","","","",""
"2132","11-06-2026 08:15:31","SURIN_PUNE-BFW02","-","No operator","-","No component","-","-","-","127","00:02:44","00:08:36","00:00:00","00:00:00","NEW","","","","","","","",""
"2133","11-06-2026 08:13:30","SURIN_PUNE-BFW02","-","No operator","-","No component","-","-","-","126","00:01:42","00:00:19","00:00:00","00:00:00","NEW","","","","","","","",""
"2134","11-06-2026 07:43:44","SURIN_PUNE-BFW01","-","No operator","1","test","-","-","-","245","00:03:07","00:23:55","00:00:00","00:02:57","NEW","","","","","","","",""
"2135","11-06-2026 07:43:28","SURIN-BFW_XTRON_1","-","No operator","-","No component","-","-","-","246","00:03:14","01:06:44","00:00:00","00:02:53","NEW","","","","","","","",""
"2136","11-06-2026 06:53:02","SURIN_PUNE-BFW02","-","No operator","-","No component","-","-","-","125","00:01:54","01:18:34","00:00:00","00:00:00","NEW","","","","","","","",""
"2137","11-06-2026 06:31:50","SURIN_PUNE-BFW01","-","No operator","1","test","-","-","-","244","00:01:50","01:10:04","00:00:00","00:00:00","NEW","","","","","","","",""
"2138","11-06-2026 06:31:34","SURIN-BFW_XTRON_1","-","No operator","-","No component","1","-","2","245","00:01:51","01:10:01","00:00:03","00:00:00","NEW","","","","","","","",""
"2139","11-06-2026 06:27:55","SURIN_PUNE-BFW01","-","No operator","1","test","-","-","-","243","00:01:47","00:02:08","00:00:00","00:00:00","NEW","","","","","","","",""
"2140","11-06-2026 06:27:37","SURIN-BFW_XTRON_1","-","No operator","-","No component","-","-","-","244","00:01:49","00:02:08","00:00:00","00:00:00","NEW","","","","","","","",""
"2141","11-06-2026 06:25:57","SURIN_PUNE-BFW02","-","No operator","-","No component","-","-","-","124","00:08:52","00:18:14","00:00:00","00:00:00","NEW","","","","","","","",""
"2142","11-06-2026 06:14:22","SURIN_PUNE-BFW02","-","No operator","-","No component","-","-","-","123","00:09:08","00:02:26","00:00:00","00:00:00","NEW","","","","","","","",""
"2143","11-06-2026 06:11:40","SURIN_PUNE-BFW02","-","No operator","-","No component","-","-","-","122","00:01:35","00:01:06","00:00:00","00:00:00","NEW","","","","","","","",""
"2144","11-06-2026 05:31:08","SURIN_PUNE-BFW02","-","No operator","-","No component","-","-","-","121","00:03:05","00:36:33","00:00:00","00:00:00","NEW","","","","","","","",""
"2145","11-06-2026 05:15:23","SURIN_PUNE-BFW02","-","No operator","-","No component","-","-","-","120","00:04:06","00:11:39","00:00:00","00:00:00","NEW","","","","","","","",""
"2146","11-06-2026 04:55:13","SURIN_PUNE-BFW02","-","No operator","-","No component","-","-","-","119","00:02:31","00:17:39","00:00:00","00:00:00","NEW","","","","","","","",""
"2147","11-06-2026 04:39:06","SURIN_PUNE-BFW02","-","No operator","-","No component","-","-","-","118","00:04:25","00:11:42","00:00:00","00:00:00","NEW","","","","","","","",""
"2148","11-06-2026 02:16:07","SURIN-BFW_XTRON_1","-","No operator","-","No component","1","-","2","243","00:08:03","04:03:21","00:00:00","00:00:06","NEW","","","","","","","",""
"2149","11-06-2026 02:15:04","SURIN_PUNE-BFW01","-","No operator","1","test","-","-","-","242","00:07:40","02:23:58","00:00:00","00:00:08","NEW","","","","","","","",""
"2150","11-06-2026 00:30:00","Ofc-Test","-","No operator","-","No component","-","-","-","0","00:00:00","00:00:00","08:00:00","00:00:00","NEW","","","","","","","",""
"2151","10-06-2026 23:43:30","SURIN_PUNE-BFW01","-","No operator","1","test","-","-","-","241","00:38:01","01:48:40","00:00:00","00:00:00","NEW","","","","","","","",""
"2152","10-06-2026 23:43:13","SURIN-BFW_XTRON_1","-","No operator","-","No component","1","-","2","242","00:35:58","01:53:21","00:03:36","00:00:00","NEW","","","","","","","",""
"2153","10-06-2026 23:10:39","SURIN_PUNE-BFW02","-","No operator","-","No component","-","-","-","117","00:24:07","04:56:58","00:00:00","00:03:10","NEW","","","","","","","",""
"2154","10-06-2026 22:42:01","SURIN_PUNE-BFW01","-","No operator","1","test","-","-","-","240","00:37:02","00:20:27","00:00:00","00:00:00","NEW","","","","","","","",""
"2155","10-06-2026 22:40:27","SURIN-BFW_XTRON_1","-","No operator","-","No component","1","-","2","241","00:37:06","00:25:13","00:00:27","00:00:00","NEW","","","","","","","",""
"2156","10-06-2026 22:40:12","SURIN_PUNE-BFW02","-","No operator","-","No component","-","-","-","116","00:08:06","00:22:17","00:00:00","00:00:00","NEW","","","","","","","",""
"2157","10-06-2026 21:32:54","SURIN_PUNE-BFW01","-","No operator","1","test","-","-","-","239","00:37:45","00:25:22","00:00:00","00:00:00","NEW","","","","","","","",""
"2158","10-06-2026 21:32:22","SURIN-BFW_XTRON_1","-","No operator","-","No component","1","-","2","240","00:27:50","00:26:33","00:13:43","00:00:00","NEW","","","","","","","",""
"2159","10-06-2026 21:27:27","SURIN_PUNE-BFW02","-","No operator","-","No component","-","-","-","115","00:18:17","00:54:27","00:00:00","00:00:00","NEW","","","","","","","",""
"2160","10-06-2026 21:12:21","SURIN_PUNE-BFW02","-","No operator","-","No component","-","-","-","114","00:05:53","00:09:12","00:00:00","00:00:00","NEW","","","","","","","",""
"2161","10-06-2026 20:51:33","SURIN_PUNE-BFW02","-","No operator","-","No component","-","-","-","113","00:11:07","00:09:42","00:00:00","00:00:00","NEW","","","","","","","",""
"2162","10-06-2026 20:09:54","SURIN_PUNE-BFW01","-","No operator","1","test","-","-","-","238","00:38:22","00:37:56","00:00:00","00:00:00","NEW","","","","","","","",""
"2163","10-06-2026 20:09:39","SURIN-BFW_XTRON_1","-","No operator","-","No component","1","-","2","239","00:38:03","00:44:24","00:00:17","00:00:00","NEW","","","","","","","",""
"2164","10-06-2026 18:59:26","SURIN_PUNE-BFW01","-","No operator","1","test","-","-","-","237","00:37:48","00:28:06","00:00:00","00:00:00","NEW","","","","","","","",""
"2165","10-06-2026 18:59:10","SURIN-BFW_XTRON_1","-","No operator","-","No component","-","-","-","238","00:37:40","00:32:49","00:00:00","00:00:00","NEW","","","","","","","",""
"2166","10-06-2026 18:35:03","SURIN_PUNE-BFW02","-","No operator","-","No component","-","-","-","112","01:11:17","01:03:48","00:00:00","00:00:04","NEW","","","","","","","",""
"2167","10-06-2026 18:25:04","SURIN_PUNE-BFW02","-","No operator","-","No component","-","-","-","111","00:08:26","00:01:33","00:00:00","00:00:00","NEW","","","","","","","",""
"2168","10-06-2026 17:57:38","SURIN_PUNE-BFW02","-","No operator","-","No component","-","-","-","110","00:06:18","00:21:07","00:00:00","00:00:00","NEW","","","","","","","",""
"2169","10-06-2026 17:57:24","SURIN_PUNE-BFW01","-","No operator","1","test","-","-","-","236","00:36:53","00:19:30","00:00:00","00:00:00","NEW","","","","","","","",""
"2170","10-06-2026 17:57:09","SURIN-BFW_XTRON_1","-","No operator","-","No component","1","-","2","237","00:35:10","00:24:41","00:02:11","00:00:00","NEW","","","","","","","",""
"2171","10-06-2026 17:52:55","SURIN_PUNE-BFW02","-","No operator","-","No component","-","-","-","109","00:04:15","00:00:29","00:00:00","00:00:00","NEW","","","","","","","",""
"2172","10-06-2026 16:20:42","SURIN_PUNE-BFW02","-","No operator","-","No component","-","-","-","108","00:50:43","00:39:54","00:00:00","00:01:36","NEW","","","","","","","",""
"2173","10-06-2026 13:51:08","SURIN_PUNE-BFW01","-","No operator","1","test","-","-","-","235","00:43:45","00:09:37","00:00:00","03:08:17","NEW","","","","","","","",""
"2174","10-06-2026 13:51:08","SURIN_PUNE-BFW02","-","No operator","-","No component","-","-","-","107","00:18:37","01:13:40","00:00:00","00:55:37","NEW","","","","","","","",""
"2175","10-06-2026 13:51:03","SURIN_PUNE-BFW01","-","No operator","1","test","-","-","-","0","00:00:00","00:00:00","00:00:05","00:00:00","NEW","","","","","","","",""
"2176","10-06-2026 13:50:35","SURIN_PUNE-BFW02","-","No operator","-","No component","-","-","-","0","00:00:00","00:00:00","00:00:33","00:00:00","NEW","","","","","","","",""
"2177","10-06-2026 12:12:00","Ofc-Test","-","No operator","-","No component","-","-","-","0","00:00:00","00:00:00","12:18:00","00:00:00","NEW","","","","","","","",""
"2178","10-06-2026 10:42:56","SURIN_PUNE-BFW01","-","No operator","1","test","-","-","-","235","00:00:00","00:00:00","00:00:00","03:08:07","NEW","","","","","","","",""
"2179","10-06-2026 10:42:56","SURIN_PUNE-BFW02","-","No operator","-","No component","-","-","-","107","00:00:00","00:00:00","00:00:00","03:07:39","NEW","","","","","","","",""
"2180","10-06-2026 10:42:07","SURIN_PUNE-BFW01","-","No operator","1","test","-","-","-","0","00:00:00","00:00:00","00:00:49","00:00:00","NEW","","","","","","","",""
"2181","10-06-2026 10:42:06","SURIN_PUNE-BFW02","-","No operator","-","No component","-","-","-","0","00:00:00","00:00:00","00:00:49","00:00:00","NEW","","","","","","","",""
"2182","10-06-2026 10:24:33","SURIN_PUNE-BFW01","-","No operator","1","test","-","-","-","235","00:00:00","00:00:00","00:00:00","00:17:34","NEW","","","","","","","",""
"2183","10-06-2026 10:24:32","SURIN_PUNE-BFW02","-","No operator","-","No component","-","-","-","107","00:00:00","00:00:00","00:00:00","00:17:34","NEW","","","","","","","",""
"2184","10-06-2026 10:23:13","SURIN_PUNE-BFW01","-","No operator","1","test","-","-","-","0","00:00:00","00:00:00","00:01:20","00:00:00","NEW","","","","","","","",""
"2185","10-06-2026 10:23:13","SURIN_PUNE-BFW02","-","No operator","-","No component","-","-","-","0","00:00:00","00:00:00","00:01:20","00:00:00","NEW","","","","","","","",""
"2186","10-06-2026 10:13:21","SURIN_PUNE-BFW01","-","No operator","1","test","-","-","-","235","00:00:00","00:00:00","00:00:00","00:09:51","NEW","","","","","","","",""
"2187","10-06-2026 10:13:21","SURIN_PUNE-BFW02","-","No operator","-","No component","-","-","-","107","00:00:00","00:00:00","00:00:00","00:09:51","NEW","","","","","","","",""
"2188","10-06-2026 10:12:21","SURIN_PUNE-BFW01","-","No operator","1","test","-","-","-","0","00:00:00","00:00:00","00:01:00","00:00:00","NEW","","","","","","","",""
"2189","10-06-2026 10:12:21","SURIN_PUNE-BFW02","-","No operator","-","No component","-","-","-","0","00:00:00","00:00:00","00:01:00","00:00:00","NEW","","","","","","","",""
"2190","10-06-2026 09:39:47","SURIN_PUNE-BFW01","-","No operator","1","test","-","-","-","235","00:00:00","00:00:00","00:00:00","00:32:33","NEW","","","","","","","",""
"2191","10-06-2026 09:39:47","SURIN_PUNE-BFW02","-","No operator","-","No component","-","-","-","107","00:00:00","00:00:00","00:00:00","00:32:34","NEW","","","","","","","",""
"2192","10-06-2026 09:39:05","SURIN_PUNE-BFW02","-","No operator","-","No component","-","-","-","0","00:00:00","00:00:00","00:00:42","00:00:00","NEW","","","","","","","",""
"2193","10-06-2026 09:39:05","SURIN_PUNE-BFW01","-","No operator","1","test","-","-","-","0","00:00:00","00:00:00","00:00:42","00:00:00","NEW","","","","","","","",""
"2194","10-06-2026 08:40:37","SURIN_PUNE-BFW02","-","No operator","-","No component","-","-","-","107","00:00:00","00:00:49","00:00:00","00:57:38","NEW","","","","","","","",""
"2195","10-06-2026 08:40:37","SURIN_PUNE-BFW01","-","No operator","1","test","-","-","-","235","00:00:00","00:00:00","00:00:00","00:58:28","NEW","","","","","","","",""
"2196","10-06-2026 08:39:36","SURIN_PUNE-BFW02","-","No operator","-","No component","-","-","-","0","00:00:00","00:00:00","00:01:02","00:00:00","NEW","","","","","","","",""
"2197","10-06-2026 08:39:35","SURIN_PUNE-BFW01","-","No operator","1","test","-","-","-","0","00:00:00","00:00:00","00:01:02","00:00:00","NEW","","","","","","","",""
"2198","10-06-2026 05:32:06","SURIN_PUNE-BFW02","-","No operator","-","No component","-","-","-","107","00:00:00","00:00:00","00:00:00","03:07:29","NEW","","","","","","","",""
"2199","10-06-2026 05:32:05","SURIN_PUNE-BFW01","-","No operator","1","test","-","-","-","235","00:00:00","00:00:00","00:00:00","03:07:30","NEW","","","","","","","",""
"2200","10-06-2026 05:31:05","SURIN_PUNE-BFW01","-","No operator","1","test","-","-","-","0","00:00:00","00:00:00","00:01:01","00:00:00","NEW","","","","","","","",""
"2201","10-06-2026 05:31:04","SURIN_PUNE-BFW02","-","No operator","-","No component","-","-","-","0","00:00:00","00:00:00","00:01:02","00:00:00","NEW","","","","","","","",""
"2202","10-06-2026 05:05:08","SURIN_PUNE-BFW01","-","No operator","1","test","-","-","-","235","00:00:00","00:00:00","00:00:00","00:25:56","NEW","","","","","","","",""
"2203","10-06-2026 05:05:08","SURIN_PUNE-BFW02","-","No operator","-","No component","-","-","-","107","00:00:00","00:00:00","00:00:00","00:25:56","NEW","","","","","","","",""
"2204","10-06-2026 05:04:08","SURIN_PUNE-BFW01","-","No operator","1","test","-","-","-","0","00:00:00","00:00:00","00:01:00","00:00:00","NEW","","","","","","","",""
"2205","10-06-2026 05:04:08","SURIN_PUNE-BFW02","-","No operator","-","No component","-","-","-","0","00:00:00","00:00:00","00:01:00","00:00:00","NEW","","","","","","","",""
"2206","10-06-2026 00:30:00","Ofc-Test","-","No operator","-","No component","-","-","-","0","00:00:00","00:00:00","08:00:00","00:00:00","NEW","","","","","","","",""
"2207","09-06-2026 22:27:32","SURIN-BFW_XTRON_1","-","No operator","2","demo component","401001030||1","-","2","236","00:43:50","06:41:33","00:22:54","11:41:22","NEW","S1","60","22:31:51","22:37:20","0","Incomplete","2130 PRODUCTION PART COUNT REACHED.||SP.TOOL#3                     CH.TOOL#0                     CH.POT#8                      B-POSITION#0","Network Off"
"","","","","","","","","","","","","","","","","S2","60","-","-","0","Skipped","-","-"
"","","","","","","","","","","","","","","","","S3","120","-","-","0","Skipped","-","-"
"","","","","","","","","","","","","","","","","S4","60","-","-","0","Skipped","-","-"
"","","","","","","","","","","","","","","","","S5","120","-","-","0","Skipped","-","-"
"","","","","","","","","","","","","","","","","S1","60","22:37:20","22:42:28","0","Incomplete","2130 PRODUCTION PART COUNT REACHED.","Network Off"
"","","","","","","","","","","","","","","","","S1","60","22:42:28","00:03:51","0","Incomplete","2130 PRODUCTION PART COUNT REACHED.","Network Off"
"","","","","","","","","","","","","","","","","S1","60","00:03:51","00:25:04","0","Incomplete","2130 PRODUCTION PART COUNT REACHED.","Network Off"
"","","","","","","","","","","","","","","","","S1","60","00:25:04","00:35:51","0","Incomplete","2130 PRODUCTION PART COUNT REACHED.","Network Off"
"","","","","","","","","","","","","","","","","S1","60","00:35:51","00:40:03","0","Incomplete","2130 PRODUCTION PART COUNT REACHED.","Network Off"
"","","","","","","","","","","","","","","","","S1","60","00:40:03","01:24:42","0","Incomplete","2130 PRODUCTION PART COUNT REACHED.","Network Off"
"","","","","","","","","","","","","","","","","S1","60","01:24:42","01:34:41","0","Incomplete","2130 PRODUCTION PART COUNT REACHED.","Network Off"
"","","","","","","","","","","","","","","","","S1","60","01:34:41","01:36:19","0","Incomplete","2130 PRODUCTION PART COUNT REACHED.","Network Off"
"","","","","","","","","","","","","","","","","S1","60","01:36:19","01:38:51","0","Incomplete","2130 PRODUCTION PART COUNT REACHED.","Network Off"
"","","","","","","","","","","","","","","","","S1","60","01:38:51","01:44:52","0","Incomplete","2130 PRODUCTION PART COUNT REACHED.","Network Off"
"","","","","","","","","","","","","","","","","S1","60","01:44:52","01:53:46","0","Incomplete","2130 PRODUCTION PART COUNT REACHED.","Network Off"
"","","","","","","","","","","","","","","","","S1","60","01:53:46","01:57:03","0","Incomplete","2130 PRODUCTION PART COUNT REACHED.","Network Off"
"","","","","","","","","","","","","","","","","S1","60","01:57:03","01:58:12","0","Incomplete","2130 PRODUCTION PART COUNT REACHED.","Network Off"
"","","","","","","","","","","","","","","","","S1","60","01:58:12","02:14:35","0","Incomplete","2130 PRODUCTION PART COUNT REACHED.","Network Off"
"","","","","","","","","","","","","","","","","S1","60","02:14:35","02:19:04","0","Incomplete","2130 PRODUCTION PART COUNT REACHED.","Network Off"
"","","","","","","","","","","","","","","","","S1","60","02:19:04","02:30:00","0","Rework-16","2130 PRODUCTION PART COUNT REACHED.","-"
"2208","09-06-2026 22:26:44","SURIN_PUNE-BFW01","-","No operator","1","test","-","-","-","235","00:00:00","06:37:24","00:00:00","00:00:00","NEW","","","","","","","",""
"2209","09-06-2026 21:40:06","SURIN_PUNE-BFW02","-","No operator","-","No component","-","-","-","107","02:05:10","05:18:44","00:00:00","00:00:09","NEW","","","","","","","",""
"2210","09-06-2026 19:58:29","SURIN_PUNE-BFW01","-","No operator","1","test","-","-","-","234","01:14:35","01:02:04","00:00:00","00:01:14","NEW","","","","","","","",""
"2211","09-06-2026 19:58:15","SURIN-BFW_XTRON_1","-","No operator","2","demo component","401001030","-","2","235","01:02:15","01:13:38","00:12:34","00:00:51","NEW","S1","60","20:35:10","20:38:20","54","Incomplete","2130 PRODUCTION PART COUNT REACHED.","Network Off"
"","","","","","","","","","","","","","","","","S2","60","-","-","0","Skipped","-","-"
"","","","","","","","","","","","","","","","","S3","120","-","-","0","Skipped","-","-"
"","","","","","","","","","","","","","","","","S4","60","-","-","0","Skipped","-","-"
"","","","","","","","","","","","","","","","","S5","120","-","-","0","Skipped","-","-"
"","","","","","","","","","","","","","","","","S1","60","20:38:20","20:44:21","32","Incomplete","2130 PRODUCTION PART COUNT REACHED.||(Z)DETECT ABNORMAL TORQUE||EMERGENCY PUSH BUTTON PRESSED","Network Off"
"","","","","","","","","","","","","","","","","S1","60","20:44:21","21:27:27","1407","Incomplete","2130 PRODUCTION PART COUNT REACHED.||COLLET NOT CLOSED.                      REMEDY:-FOR MORE DETAIL REFER OPERATION & MAINTENENCE MANUAL PAGE 21-9.||ATC NOT IN HOME POSITION.               REMEDY:-FOR MORE DETAIL REFER OPERATION & MAINTENENCE MANUAL PAGE 21-11.","Network Off"
"","","","","","","","","","","","","","","","","S1","60","21:27:27","21:30:36","109","Incomplete","2130 PRODUCTION PART COUNT REACHED.","Network Off"
"","","","","","","","","","","","","","","","","S1","60","21:30:36","21:35:32","102","Incomplete","2130 PRODUCTION PART COUNT REACHED.","Network Off"
"","","","","","","","","","","","","","","","","S1","60","21:35:32","21:38:45","174","Incomplete","2130 PRODUCTION PART COUNT REACHED.","Network Off"
"","","","","","","","","","","","","","","","","S1","60","21:38:45","21:40:04","74","Incomplete","2130 PRODUCTION PART COUNT REACHED.","Network Off"
"","","","","","","","","","","","","","","","","S1","60","21:40:04","21:41:57","105","Incomplete","2130 PRODUCTION PART COUNT REACHED.","Network Off"
"","","","","","","","","","","","","","","","","S1","60","21:41:57","21:49:31","244","Incomplete","2130 PRODUCTION PART COUNT REACHED.","Network Off"
"","","","","","","","","","","","","","","","","S1","60","21:49:31","21:51:55","104","Incomplete","2130 PRODUCTION PART COUNT REACHED.","Network Off"
"","","","","","","","","","","","","","","","","S1","60","21:51:55","21:59:54","139","Incomplete","2130 PRODUCTION PART COUNT REACHED.","Network Off"
"","","","","","","","","","","","","","","","","S1","60","21:59:54","22:17:38","359","Incomplete","2130 PRODUCTION PART COUNT REACHED.||WRONG OPERATING MODE.                   REMEDY:-OPERATE AT PROPER MODE.||COLLET NOT CLOSED.                      REMEDY:-FOR MORE DETAIL REFER OPERATION & MAINTENENCE MANUAL PAGE 21-9.||ATC NOT IN HOME POSITION.               REMEDY:-FOR MORE DETAIL REFER OPERATION & MAINTENENCE MANUAL PAGE 21-11.","Network Off"
"","","","","","","","","","","","","","","","","S1","60","22:17:38","22:20:39","86","Incomplete","2130 PRODUCTION PART COUNT REACHED.","Network Off"
"","","","","","","","","","","","","","","","","S1","60","22:20:39","22:21:34","51","Incomplete","2130 PRODUCTION PART COUNT REACHED.","Network Off"
"","","","","","","","","","","","","","","","","S1","60","22:21:34","22:27:06","92","Incomplete","2130 PRODUCTION PART COUNT REACHED.","Network Off"
"","","","","","","","","","","","","","","","","S1","60","22:27:06","22:27:32","26","Rework-15","2130 PRODUCTION PART COUNT REACHED.","-"
"2212","09-06-2026 19:54:58","SURIN_PUNE-BFW01","-","No operator","1","test","-","-","-","233","00:01:25","00:02:06","00:00:00","00:00:00","NEW","","","","","","","",""
"2213","09-06-2026 19:54:45","SURIN-BFW_XTRON_1","-","No operator","2","demo component","-","-","-","234","00:01:25","00:02:06","00:00:00","00:00:00","NEW","S1","60","-","-","0","Skipped","-","-"
"","","","","","","","","","","","","","","","","S2","60","-","-","0","Skipped","-","-"
"","","","","","","","","","","","","","","","","S3","120","-","-","0","Skipped","-","-"
"","","","","","","","","","","","","","","","","S4","60","-","-","0","Skipped","-","-"
"","","","","","","","","","","","","","","","","S5","120","-","-","0","Skipped","-","-"
"2214","09-06-2026 19:52:40","SURIN_PUNE-BFW01","-","No operator","1","test","-","-","-","232","00:01:33","00:00:45","00:00:00","00:00:00","NEW","","","","","","","",""
"2215","09-06-2026 19:52:27","SURIN-BFW_XTRON_1","-","No operator","2","demo component","-","-","-","233","00:01:36","00:00:42","00:00:00","00:00:00","NEW","S1","60","-","-","0","Skipped","-","-"
"","","","","","","","","","","","","","","","","S2","60","-","-","0","Skipped","-","-"
"","","","","","","","","","","","","","","","","S3","120","-","-","0","Skipped","-","-"
"","","","","","","","","","","","","","","","","S4","60","-","-","0","Skipped","-","-"
"","","","","","","","","","","","","","","","","S5","120","-","-","0","Skipped","-","-"
"2216","09-06-2026 19:36:35","SURIN_PUNE-BFW01","-","No operator","1","test","-","-","-","231","00:13:08","00:02:57","00:00:00","00:00:00","NEW","","","","","","","",""
"2217","09-06-2026 19:36:21","SURIN-BFW_XTRON_1","-","No operator","2","demo component","-","-","-","232","00:13:20","00:02:47","00:00:00","00:00:00","NEW","S1","60","-","-","0","Skipped","-","-"
"","","","","","","","","","","","","","","","","S2","60","-","-","0","Skipped","-","-"
"","","","","","","","","","","","","","","","","S3","120","-","-","0","Skipped","-","-"
"","","","","","","","","","","","","","","","","S4","60","-","-","0","Skipped","-","-"
"","","","","","","","","","","","","","","","","S5","120","-","-","0","Skipped","-","-"
"2218","09-06-2026 19:34:38","SURIN_PUNE-BFW01","-","No operator","1","test","-","-","-","230","00:01:37","00:00:20","00:00:00","00:00:00","NEW","","","","","","","",""
"2219","09-06-2026 19:34:29","SURIN_PUNE-BFW02","-","No operator","-","No component","-","-","-","106","00:53:02","01:12:33","00:00:00","00:00:02","NEW","","","","","","","",""
"2220","09-06-2026 19:34:18","SURIN-BFW_XTRON_1","-","No operator","2","demo component","-","-","-","231","00:01:36","00:00:27","00:00:00","00:00:00","NEW","S1","60","-","-","0","Skipped","-","-"
"","","","","","","","","","","","","","","","","S2","60","-","-","0","Skipped","-","-"
"","","","","","","","","","","","","","","","","S3","120","-","-","0","Skipped","-","-"
"","","","","","","","","","","","","","","","","S4","60","-","-","0","Skipped","-","-"
"","","","","","","","","","","","","","","","","S5","120","-","-","0","Skipped","-","-"
"2221","09-06-2026 19:27:17","SURIN_PUNE-BFW02","-","No operator","-","No component","-","-","-","105","00:06:20","00:00:52","00:00:00","00:00:00","NEW","","","","","","","",""
"2222","09-06-2026 18:55:03","SURIN_PUNE-BFW01","-","No operator","1","test","-","-","-","229","00:13:33","00:26:03","00:00:00","00:00:00","NEW","","","","","","","",""
"2223","09-06-2026 18:54:50","SURIN-BFW_XTRON_1","-","No operator","2","demo component","40410001006","-","2","230","00:13:23","00:25:12","00:00:54","00:00:00","duplicate","S1","60","19:14:41","19:17:30","0","Incomplete","2130 PRODUCTION PART COUNT REACHED.","Network Off"
"","","","","","","","","","","","","","","","","S2","60","-","-","0","Skipped","-","-"
"","","","","","","","","","","","","","","","","S3","120","-","-","0","Skipped","-","-"
"","","","","","","","","","","","","","","","","S4","60","-","-","0","Skipped","-","-"
"","","","","","","","","","","","","","","","","S5","120","-","-","0","Skipped","-","-"
"","","","","","","","","","","","","","","","","S1","60","19:17:30","19:32:23","689","Incomplete","2130 PRODUCTION PART COUNT REACHED.","Network Off"
"","","","","","","","","","","","","","","","","S1","60","19:32:23","19:34:18","114","Rework-2","2130 PRODUCTION PART COUNT REACHED.","-"
"2224","09-06-2026 18:50:22","SURIN_PUNE-BFW01","-","No operator","1","test","-","-","-","228","00:01:56","00:02:45","00:00:00","00:00:00","NEW","","","","","","","",""
"2225","09-06-2026 18:50:09","SURIN-BFW_XTRON_1","-","No operator","2","demo component","40410001006","-","2","229","00:00:54","00:03:41","00:00:08","00:00:00","duplicate","S1","60","18:53:54","18:54:50","54","Completed","2130 PRODUCTION PART COUNT REACHED.","-"
"","","","","","","","","","","","","","","","","S2","60","-","-","0","Skipped","-","-"
"","","","","","","","","","","","","","","","","S3","120","-","-","0","Skipped","-","-"
"","","","","","","","","","","","","","","","","S4","60","-","-","0","Skipped","-","-"
"","","","","","","","","","","","","","","","","S5","120","-","-","0","Skipped","-","-"
"2226","09-06-2026 18:26:51","SURIN_PUNE-BFW01","-","No operator","1","test","-","-","-","227","00:08:25","00:15:05","00:00:00","00:00:00","NEW","","","","","","","",""
"2227","09-06-2026 18:26:37","SURIN-BFW_XTRON_1","-","No operator","2","demo component","40410001006","-","2","228","00:06:38","00:16:38","00:00:17","00:00:00","duplicate","S1","60","18:40:54","18:50:09","195","Completed","2130 PRODUCTION PART COUNT REACHED.||WRONG OPERATING MODE.                   REMEDY:-OPERATE AT PROPER MODE.||AUTO COOLANT NOT ON.                    REMEDY:-ACTUATE THE  COOLANT PUSH BUTTON.","-"
"","","","","","","","","","","","","","","","","S2","60","-","-","0","Skipped","-","-"
"","","","","","","","","","","","","","","","","S3","120","-","-","0","Skipped","-","-"
"","","","","","","","","","","","","","","","","S4","60","-","-","0","Skipped","-","-"
"","","","","","","","","","","","","","","","","S5","120","-","-","0","Skipped","-","-"
"2228","09-06-2026 18:19:59","SURIN_PUNE-BFW02","-","No operator","-","No component","-","-","-","104","00:30:50","00:36:27","00:00:00","00:00:02","NEW","","","","","","","",""
"2229","09-06-2026 18:02:44","SURIN-BFW_XTRON_1","-","No operator","2","demo component","40410001006","-","2","11","00:14:41","00:08:23","00:00:49","00:00:00","duplicate","S1","60","18:03:15","18:03:17","0","Completed","-","-"
"","","","","","","","","","","","","","","","","S2","60","18:03:17","18:03:19","0","Completed","-","-"
"","","","","","","","","","","","","","","","","S3","120","18:03:19","18:03:22","0","Completed","-","-"
"","","","","","","","","","","","","","","","","S4","60","-","-","0","Skipped","-","-"
"","","","","","","","","","","","","","","","","S5","120","-","-","0","Skipped","-","-"
"","","","","","","","","","","","","","","","","S1","60","18:03:22","18:03:37","0","Rework-1","-","-"
"","","","","","","","","","","","","","","","","S2","60","18:03:37","18:03:43","0","Rework-1","-","-"
"","","","","","","","","","","","","","","","","S1","60","18:03:43","18:09:03","0","Incomplete","2130 PRODUCTION PART COUNT REACHED.","Network Off"
"","","","","","","","","","","","","","","","","S1","60","18:09:03","18:26:37","881","Rework-3","2130 PRODUCTION PART COUNT REACHED.","-"
"2230","09-06-2026 18:00:57","SURIN-BFW_XTRON_1","-","No operator","3||2","demo 2 ||demo component","-","-","-","10","00:00:00","00:01:47","00:00:00","00:00:00","NEW","S12","60","-","-","0","Skipped","-","-"
"","","","","","","","","","","","","","","","","S14","120","-","-","0","Skipped","-","-"
"","","","","","","","","","","","","","","","","S16","60","-","-","0","Skipped","-","-"
"","","","","","","","","","","","","","","","","S18","120","-","-","0","Skipped","-","-"
"","","","","","","","","","","","","","","","","S20","60","-","-","0","Skipped","-","-"
"","","","","","","","","","","","","","","","","S5","0","18:01:23","18:01:45","0","Unknown","-","-"
"","","","","","","","","","","","","","","","","S1","60","-","-","0","Skipped","-","-"
"","","","","","","","","","","","","","","","","S2","60","-","-","0","Skipped","-","-"
"","","","","","","","","","","","","","","","","S3","120","-","-","0","Skipped","-","-"
"","","","","","","","","","","","","","","","","S4","60","-","-","0","Skipped","-","-"
"","","","","","","","","","","","","","","","","S5","120","-","-","0","Skipped","-","-"
"","","","","","","","","","","","","","","","","S45","0","18:02:10","18:02:13","0","Unknown","-","-"
"","","","","","","","","","","","","","","","","S14","0","18:02:13","18:02:17","0","Unknown","-","-"
"","","","","","","","","","","","","","","","","S20","0","18:02:17","18:02:44","0","Unknown","-","-"
"2231","09-06-2026 17:58:05","SURIN-BFW_XTRON_1","-","No operator","2||3","demo component||demo 2 ","-","-","-","9","00:00:00","00:02:52","00:00:00","00:00:00","NEW","S1","60","-","-","0","Skipped","-","-"
"","","","","","","","","","","","","","","","","S2","60","-","-","0","Skipped","-","-"
"","","","","","","","","","","","","","","","","S3","120","17:58:43","17:58:58","0","Completed","-","-"
"","","","","","","","","","","","","","","","","S4","60","-","-","0","Skipped","-","-"
"","","","","","","","","","","","","","","","","S5","120","-","-","0","Skipped","-","-"
"","","","","","","","","","","","","","","","","S1","60","17:58:58","17:59:20","0","Completed","-","-"
"","","","","","","","","","","","","","","","","S15","0","17:59:20","17:59:23","0","Unknown","-","-"
"","","","","","","","","","","","","","","","","S5","120","17:59:23","17:59:26","0","Completed","-","-"
"","","","","","","","","","","","","","","","","S1","60","17:59:26","17:59:57","0","Rework-1","-","-"
"","","","","","","","","","","","","","","","","S12","60","18:00:24","18:00:27","0","Completed","-","-"
"","","","","","","","","","","","","","","","","S14","120","18:00:27","18:00:28","0","Completed","-","-"
"","","","","","","","","","","","","","","","","S16","60","18:00:28","18:00:30","0","Completed","-","-"
"","","","","","","","","","","","","","","","","S18","120","18:00:30","18:00:31","0","Completed","-","-"
"","","","","","","","","","","","","","","","","S20","60","18:00:31","18:00:57","0","Completed","-","-"
"2232","09-06-2026 17:55:37","SURIN-BFW_XTRON_1","-","No operator","3||2","demo 2 ||demo component","-","-","-","8","00:00:00","00:02:28","00:00:00","00:00:00","NEW","S12","60","17:55:56","17:56:20","0","Completed","-","-"
"","","","","","","","","","","","","","","","","S14","120","17:56:20","17:56:22","0","Completed","-","-"
"","","","","","","","","","","","","","","","","S16","60","17:56:22","17:56:24","0","Completed","-","-"
"","","","","","","","","","","","","","","","","S18","120","17:56:24","17:56:26","0","Completed","-","-"
"","","","","","","","","","","","","","","","","S20","60","17:56:26","17:56:34","0","Completed","-","-"
"","","","","","","","","","","","","","","","","S1","60","-","-","0","Skipped","-","-"
"","","","","","","","","","","","","","","","","S2","60","-","-","0","Skipped","-","-"
"","","","","","","","","","","","","","","","","S3","120","-","-","0","Skipped","-","-"
"","","","","","","","","","","","","","","","","S4","60","-","-","0","Skipped","-","-"
"","","","","","","","","","","","","","","","","S5","120","-","-","0","Skipped","-","-"
"","","","","","","","","","","","","","","","","S156","0","17:57:06","17:57:29","0","Unknown","-","-"
"","","","","","","","","","","","","","","","","S1","60","17:57:29","17:57:33","0","Completed","-","-"
"","","","","","","","","","","","","","","","","S5","120","17:57:33","17:57:35","0","Completed","-","-"
"","","","","","","","","","","","","","","","","S3","120","17:57:35","17:58:05","0","Completed","-","-"
"2233","09-06-2026 17:52:16","SURIN_PUNE-BFW01","-","No operator","1","test","-","-","-","226","00:14:42","00:19:53","00:00:00","00:00:00","NEW","","","","","","","",""
"2234","09-06-2026 17:52:05","SURIN-BFW_XTRON_1","-","No operator","2||3","demo component||demo 2 ","-","-","-","7","00:00:00","00:03:32","00:00:00","00:00:00","NEW","S1","60","17:52:26","17:52:29","0","Completed","-","-"
"","","","","","","","","","","","","","","","","S2","60","17:52:29","17:52:33","0","Completed","-","-"
"","","","","","","","","","","","","","","","","S3","120","17:52:33","17:52:36","0","Completed","-","-"
"","","","","","","","","","","","","","","","","S4","60","17:52:36","17:52:39","0","Completed","-","-"
"","","","","","","","","","","","","","","","","S5","120","17:52:39","17:53:26","0","Completed","-","-"
"","","","","","","","","","","","","","","","","S12","60","17:53:55","17:54:17","0","Completed","-","-"
"","","","","","","","","","","","","","","","","S14","120","17:54:17","17:54:34","0","Completed","-","-"
"","","","","","","","","","","","","","","","","S16","60","17:54:34","17:54:38","0","Completed","-","-"
"","","","","","","","","","","","","","","","","S18","120","17:54:38","17:54:42","0","Completed","-","-"
"","","","","","","","","","","","","","","","","S20","60","17:54:42","17:55:37","0","Completed","-","-"
"2235","09-06-2026 17:52:01","SURIN-BFW_XTRON_1","-","No operator","2","demo component","-","-","-","227","00:00:00","00:00:04","00:00:00","00:00:00","NEW","S1","60","-","-","0","Skipped","-","-"
"","","","","","","","","","","","","","","","","S2","60","-","-","0","Skipped","-","-"
"","","","","","","","","","","","","","","","","S3","120","-","-","0","Skipped","-","-"
"","","","","","","","","","","","","","","","","S4","60","-","-","0","Skipped","-","-"
"","","","","","","","","","","","","","","","","S5","120","-","-","0","Skipped","-","-"
"2236","09-06-2026 17:50:51","SURIN-BFW_XTRON_1","-","No operator","2","demo component","-","-","-","6","00:01:10","00:00:00","00:00:00","00:00:00","NEW","S1","60","-","-","0","Skipped","-","-"
"","","","","","","","","","","","","","","","","S2","60","-","-","0","Skipped","-","-"
"","","","","","","","","","","","","","","","","S3","120","-","-","0","Skipped","-","-"
"","","","","","","","","","","","","","","","","S4","60","-","-","0","Skipped","-","-"
"","","","","","","","","","","","","","","","","S5","120","-","-","0","Skipped","-","-"
"","","","","","","","","","","","","","","","","S100","0","17:51:14","17:51:33","19","Unknown","-","-"
"","","","","","","","","","","","","","","","","S1","60","17:51:33","17:52:01","28","Completed","-","-"
"2237","09-06-2026 17:50:21","SURIN_PUNE-BFW01","-","No operator","1","test","-","-","-","225","00:01:31","00:00:24","00:00:00","00:00:00","NEW","","","","","","","",""
"2238","09-06-2026 17:50:05","SURIN-BFW_XTRON_1","-","No operator","2","demo component","-","-","-","226","00:00:20","00:00:27","00:00:00","00:00:00","NEW","S1","60","-","-","0","Skipped","-","-"
"","","","","","","","","","","","","","","","","S2","60","-","-","0","Skipped","-","-"
"","","","","","","","","","","","","","","","","S3","120","-","-","0","Skipped","-","-"
"","","","","","","","","","","","","","","","","S4","60","-","-","0","Skipped","-","-"
"","","","","","","","","","","","","","","","","S5","120","-","-","0","Skipped","-","-"
"2239","09-06-2026 17:43:59","SURIN-BFW_XTRON_1","-","No operator","2","demo component","-","-","-","5","00:06:06","00:00:00","00:00:00","00:00:00","NEW","S1","60","-","-","0","Skipped","-","-"
"","","","","","","","","","","","","","","","","S2","60","-","-","0","Skipped","-","-"
"","","","","","","","","","","","","","","","","S3","120","17:44:22","17:44:43","21","Completed","-","-"
"","","","","","","","","","","","","","","","","S4","60","-","-","0","Skipped","-","-"
"","","","","","","","","","","","","","","","","S5","120","-","-","0","Skipped","-","-"
"","","","","","","","","","","","","","","","","S1","60","17:44:43","17:47:37","174","Completed","-","-"
"","","","","","","","","","","","","","","","","S5","120","17:47:37","17:50:05","148","Completed","-","-"
"2240","09-06-2026 17:42:11","SURIN-BFW_XTRON_1","-","No operator","2","demo component","-","-","-","4","00:01:48","00:00:00","00:00:00","00:00:00","NEW","S1","60","17:42:31","17:42:48","17","Completed","-","-"
"","","","","","","","","","","","","","","","","S2","60","17:42:48","17:43:08","20","Completed","-","-"
"","","","","","","","","","","","","","","","","S3","120","17:43:08","17:43:20","12","Completed","-","-"
"","","","","","","","","","","","","","","","","S4","60","17:43:20","17:43:38","18","Completed","-","-"
"","","","","","","","","","","","","","","","","S5","120","17:43:38","17:43:59","21","Completed","-","-"
"2241","09-06-2026 17:41:43","SURIN-BFW_XTRON_1","-","No operator","-","No component","-","-","-","3","00:00:28","00:00:00","00:00:00","00:00:00","NEW","","","","","","","",""
"2242","09-06-2026 17:40:41","SURIN-BFW_XTRON_1","-","No operator","2","demo component","-","-","-","2","00:01:02","00:00:00","00:00:00","00:00:00","NEW","S1","60","-","-","0","Skipped","-","-"
"","","","","","","","","","","","","","","","","S2","60","-","-","0","Skipped","-","-"
"","","","","","","","","","","","","","","","","S3","120","-","-","0","Skipped","-","-"
"","","","","","","","","","","","","","","","","S4","60","-","-","0","Skipped","-","-"
"","","","","","","","","","","","","","","","","S5","120","-","-","0","Skipped","-","-"
"2243","09-06-2026 17:40:17","SURIN-BFW_XTRON_1","-","No operator","-","No component","-","-","-","1","00:00:24","00:00:00","00:00:00","00:00:00","NEW","","","","","","","",""
"2244","09-06-2026 17:26:11","SURIN_PUNE-BFW01","-","No operator","1","test","-","-","-","224","00:15:19","00:08:52","00:00:00","00:00:00","NEW","","","","","","","",""
"2245","09-06-2026 17:25:56","SURIN-BFW_XTRON_1","-","No operator","2","demo component","40410001006","-","2","225","00:05:20","00:08:51","00:00:12","00:00:00","NEW","S1","60","-","-","0","Skipped","-","-"
"","","","","","","","","","","","","","","","","S2","60","-","-","0","Skipped","-","-"
"","","","","","","","","","","","","","","","","S3","120","-","-","0","Skipped","-","-"
"","","","","","","","","","","","","","","","","S4","60","-","-","0","Skipped","-","-"
"","","","","","","","","","","","","","","","","S5","120","-","-","0","Skipped","-","-"
"2246","09-06-2026 17:06:05","SURIN_PUNE-BFW01","-","No operator","1","test","-","-","-","223","00:04:13","00:15:52","00:00:00","00:00:00","NEW","","","","","","","",""
"2247","09-06-2026 17:05:53","SURIN-BFW_XTRON_1","-","No operator","-","No component","-","-","-","224","00:04:42","00:15:22","00:00:00","00:00:00","NEW","","","","","","","",""
"2248","09-06-2026 12:16:57","SURIN_PUNE-BFW01","-","No operator","1","test","-","-","-","222","01:03:21","03:39:43","00:00:00","00:00:00","NEW","","","","","","","",""
"2249","09-06-2026 12:16:44","SURIN-BFW_XTRON_1","-","No operator","-","No component","304110102||40410001006","-","2","223","01:02:50","03:46:06","00:00:14","00:00:00","NEW","","","","","","","",""
"2250","09-06-2026 12:13:37","SURIN_PUNE-BFW01","-","No operator","1","test","-","-","-","221","00:02:18","00:01:01","00:00:00","00:00:00","NEW","","","","","","","",""
"2251","09-06-2026 12:13:24","SURIN-BFW_XTRON_1","-","No operator","-","No component","-","-","-","222","00:02:18","00:01:02","00:00:00","00:00:00","NEW","","","","","","","",""
"2252","09-06-2026 12:12:00","Ofc-Test","-","No operator","-","No component","-","-","-","0","00:00:00","00:00:00","12:18:00","00:00:00","NEW","","","","","","","",""
"2253","09-06-2026 12:08:11","SURIN_PUNE-BFW01","-","No operator","1","test","-","-","-","220","00:02:15","00:03:11","00:00:00","00:00:00","NEW","","","","","","","",""
"2254","09-06-2026 12:07:58","SURIN-BFW_XTRON_1","-","No operator","-","No component","-","-","-","221","00:02:16","00:03:11","00:00:00","00:00:00","NEW","","","","","","","",""
"2255","09-06-2026 12:05:41","SURIN_PUNE-BFW01","-","No operator","1","test","-","-","-","219","00:02:13","00:00:18","00:00:00","00:00:00","NEW","","","","","","","",""
"2256","09-06-2026 12:05:28","SURIN-BFW_XTRON_1","-","No operator","-","No component","-","-","-","220","00:02:13","00:00:18","00:00:00","00:00:00","NEW","","","","","","","",""
"2257","09-06-2026 11:55:17","SURIN_PUNE-BFW01","-","No operator","1","test","-","-","-","218","00:01:29","00:05:09","00:00:00","00:00:00","NEW","","","","","","","",""
"2258","09-06-2026 11:55:05","SURIN-BFW_XTRON_1","-","No operator","-","No component","-","-","-","219","00:01:30","00:08:53","00:00:00","00:00:00","NEW","","","","","","","",""
"2259","09-06-2026 11:51:55","SURIN_PUNE-BFW01","-","No operator","1","test","-","-","-","217","00:01:22","00:02:00","00:00:00","00:00:00","NEW","","","","","","","",""
"2260","09-06-2026 11:51:42","SURIN-BFW_XTRON_1","-","No operator","-","No component","-","-","-","218","00:01:53","00:01:30","00:00:00","00:00:00","NEW","","","","","","","",""
"2261","09-06-2026 11:47:45","SURIN_PUNE-BFW01","-","No operator","1","test","-","-","-","216","00:01:50","00:02:20","00:00:00","00:00:00","NEW","","","","","","","",""
"2262","09-06-2026 11:47:33","SURIN-BFW_XTRON_1","-","No operator","-","No component","-","-","-","217","00:01:49","00:02:20","00:00:00","00:00:00","NEW","","","","","","","",""
"2263","09-06-2026 11:45:07","SURIN_PUNE-BFW01","-","No operator","1","test","-","-","-","215","00:01:19","00:01:19","00:00:00","00:00:00","NEW","","","","","","","",""
"2264","09-06-2026 11:44:54","SURIN-BFW_XTRON_1","-","No operator","-","No component","-","-","-","216","00:01:19","00:01:20","00:00:00","00:00:00","NEW","","","","","","","",""
"2265","09-06-2026 11:19:03","SURIN_PUNE-BFW02","-","No operator","-","No component","-","-","-","103","01:29:24","05:31:06","00:00:00","00:00:00","NEW","","","","","","","",""
"2266","09-06-2026 11:17:12","SURIN_PUNE-BFW01","-","No operator","1","test","-","-","-","214","00:06:36","00:19:07","00:00:00","00:00:00","NEW","","","","","","","",""
"2267","09-06-2026 11:16:58","SURIN-BFW_XTRON_1","-","No operator","-","No component","-","-","-","215","00:06:45","00:21:11","00:00:00","00:00:00","NEW","","","","","","","",""
"2268","09-06-2026 11:14:54","SURIN_PUNE-BFW02","-","No operator","-","No component","-","-","-","102","00:03:24","00:00:45","00:00:00","00:00:00","NEW","","","","","","","",""
"2269","09-06-2026 11:00:24","SURIN_PUNE-BFW01","-","No operator","1","test","-","-","-","213","00:01:45","00:12:51","00:00:00","00:00:00","NEW","","","","","","","",""
"2270","09-06-2026 11:00:11","SURIN-BFW_XTRON_1","-","No operator","-","No component","-","-","-","214","00:01:44","00:15:04","00:00:00","00:00:00","NEW","","","","","","","",""
"2271","09-06-2026 10:52:11","SURIN_PUNE-BFW01","-","No operator","1","test","-","-","-","212","00:06:20","00:01:53","00:00:00","00:00:00","NEW","","","","","","","",""
"2272","09-06-2026 10:51:58","SURIN-BFW_XTRON_1","-","No operator","-","No component","-","-","-","213","00:06:19","00:01:54","00:00:00","00:00:00","NEW","","","","","","","",""
"2273","09-06-2026 10:21:34","SURIN_PUNE-BFW02","-","No operator","-","No component","-","-","-","101","00:26:04","00:24:18","00:00:00","00:02:58","NEW","","","","","","","",""
"2274","09-06-2026 10:21:34","SURIN_PUNE-BFW01","-","No operator","1","test","-","-","-","211","00:06:19","00:11:39","00:00:00","00:12:39","NEW","","","","","","","",""
"2275","09-06-2026 10:17:20","SURIN_PUNE-BFW01","-","No operator","1","test","-","-","-","0","00:00:00","00:00:00","00:04:13","00:00:00","NEW","","","","","","","",""
"2276","09-06-2026 10:17:12","SURIN_PUNE-BFW02","-","No operator","-","No component","-","-","-","0","00:00:00","00:00:00","00:04:22","00:00:00","NEW","","","","","","","",""
"2277","09-06-2026 09:54:26","SURIN_PUNE-BFW01","-","No operator","1","test","-","-","-","211","00:00:00","00:22:55","00:00:00","00:00:00","NEW","","","","","","","",""
"2278","09-06-2026 09:54:13","SURIN-BFW_XTRON_1","-","No operator","-","No component","304110102","-","2","212","00:06:20","00:34:22","00:06:17","00:10:47","NEW","","","","","","","",""
"2279","09-06-2026 09:43:57","SURIN_PUNE-BFW01","-","No operator","1","test","-","-","-","210","00:07:43","00:02:45","00:00:00","00:00:00","NEW","","","","","","","",""
"2280","09-06-2026 09:43:43","SURIN-BFW_XTRON_1","-","No operator","-","No component","304110102","-","2","211","00:07:41","00:02:45","00:00:05","00:00:00","NEW","","","","","","","",""
"2281","09-06-2026 09:32:27","SURIN_PUNE-BFW01","-","No operator","1","test","-","-","-","209","00:08:32","00:02:58","00:00:00","00:00:00","NEW","","","","","","","",""
"2282","09-06-2026 09:32:14","SURIN-BFW_XTRON_1","-","No operator","-","No component","304110102","-","2","210","00:08:31","00:02:57","00:00:02","00:00:00","NEW","","","","","","","",""
"2283","09-06-2026 09:22:39","SURIN_PUNE-BFW01","-","No operator","1","test","-","-","-","208","00:08:09","00:01:39","00:00:00","00:00:00","NEW","","","","","","","",""
"2284","09-06-2026 09:22:17","SURIN-BFW_XTRON_1","-","No operator","-","No component","-","-","-","209","00:08:09","00:01:49","00:00:00","00:00:00","NEW","","","","","","","",""
"2285","09-06-2026 09:04:34","SURIN_PUNE-BFW01","-","No operator","1","test","-","-","-","207","00:11:04","00:03:39","00:00:00","00:03:22","NEW","","","","","","","",""
"2286","09-06-2026 09:04:21","SURIN-BFW_XTRON_1","-","No operator","-","No component","-","-","-","208","00:10:56","00:03:40","00:00:00","00:03:22","NEW","","","","","","","",""
"2287","09-06-2026 08:26:10","SURIN_PUNE-BFW01","-","No operator","1","test","-","-","-","206","00:10:08","00:28:17","00:00:00","00:00:00","NEW","","","","","","","",""
"2288","09-06-2026 08:25:57","SURIN-BFW_XTRON_1","-","No operator","-","No component","-","-","-","207","00:10:08","00:28:16","00:00:00","00:00:00","NEW","","","","","","","",""
"2289","09-06-2026 08:09:09","SURIN_PUNE-BFW01","-","No operator","1","test","-","-","-","205","00:10:08","00:06:53","00:00:00","00:00:00","NEW","","","","","","","",""
"2290","09-06-2026 08:08:56","SURIN-BFW_XTRON_1","-","No operator","-","No component","-","-","-","206","00:10:09","00:06:53","00:00:00","00:00:00","NEW","","","","","","","",""
"2291","09-06-2026 07:12:28","SURIN-BFW_XTRON_1","-","No operator","-","No component","304110102","-","2","205","00:10:09","00:45:29","00:00:51","00:00:00","NEW","","","","","","","",""
"2292","09-06-2026 07:12:16","SURIN_PUNE-BFW01","-","No operator","1","test","-","-","-","204","00:10:08","00:46:44","00:00:00","00:00:00","NEW","","","","","","","",""
"2293","09-06-2026 06:57:56","SURIN_PUNE-BFW01","-","No operator","1","test","-","-","-","203","00:10:09","00:04:12","00:00:00","00:00:00","NEW","","","","","","","",""
"2294","09-06-2026 06:57:38","SURIN-BFW_XTRON_1","-","No operator","-","No component","304110102","-","2","204","00:10:30","00:04:18","00:00:03","00:00:00","NEW","","","","","","","",""
"2295","09-06-2026 06:48:49","SURIN_PUNE-BFW01","-","No operator","1","test","-","-","-","202","00:06:27","00:02:40","00:00:00","00:00:00","NEW","","","","","","","",""
"2296","09-06-2026 06:48:37","SURIN-BFW_XTRON_1","-","No operator","-","No component","-","-","-","203","00:06:24","00:02:38","00:00:00","00:00:00","NEW","","","","","","","",""
"2297","09-06-2026 06:38:06","SURIN_PUNE-BFW01","-","No operator","1","test","-","-","-","201","00:06:47","00:03:57","00:00:00","00:00:00","NEW","","","","","","","",""
"2298","09-06-2026 06:37:53","SURIN-BFW_XTRON_1","-","No operator","-","No component","-","-","-","202","00:06:49","00:03:55","00:00:00","00:00:00","NEW","","","","","","","",""
"2299","09-06-2026 06:27:58","SURIN_PUNE-BFW01","-","No operator","1","test","-","-","-","200","00:06:45","00:03:23","00:00:00","00:00:00","NEW","","","","","","","",""
"2300","09-06-2026 06:27:46","SURIN-BFW_XTRON_1","-","No operator","-","No component","-","-","-","201","00:06:45","00:03:23","00:00:00","00:00:00","NEW","","","","","","","",""
"2301","09-06-2026 06:25:37","SURIN_PUNE-BFW01","-","No operator","1","test","-","-","-","199","00:01:02","00:01:19","00:00:00","00:00:00","NEW","","","","","","","",""
"2302","09-06-2026 06:25:25","SURIN-BFW_XTRON_1","-","No operator","-","No component","-","-","-","200","00:01:02","00:01:19","00:00:00","00:00:00","NEW","","","","","","","",""
"2303","09-06-2026 06:23:12","SURIN_PUNE-BFW02","-","No operator","-","No component","-","-","-","101","00:20:29","03:25:22","00:00:00","00:02:17","NEW","","","","","","","",""
"2304","09-06-2026 06:22:35","SURIN_PUNE-BFW01","-","No operator","1","test","-","-","-","198","00:01:04","00:01:59","00:00:00","00:00:00","NEW","","","","","","","",""
"2305","09-06-2026 06:22:23","SURIN-BFW_XTRON_1","-","No operator","-","No component","-","-","-","199","00:01:03","00:02:00","00:00:00","00:00:00","NEW","","","","","","","",""
"2306","09-06-2026 05:22:02","SURIN_PUNE-BFW02","-","No operator","-","No component","-","-","-","100","00:25:34","00:35:36","00:00:00","00:00:00","NEW","","","","","","","",""
"2307","09-06-2026 05:09:34","SURIN_PUNE-BFW01","-","No operator","1","test","-","-","-","197","00:12:18","00:57:44","00:00:00","00:01:04","NEW","","","","","","","",""
"2308","09-06-2026 05:09:33","SURIN_PUNE-BFW02","-","No operator","-","No component","-","-","-","99","00:08:34","00:01:35","00:00:00","00:02:20","NEW","","","","","","","",""
"2309","09-06-2026 05:04:05","SURIN_PUNE-BFW01","-","No operator","1","test","-","-","-","0","00:00:00","00:00:00","00:05:29","00:00:00","NEW","","","","","","","",""
"2310","09-06-2026 05:04:05","SURIN_PUNE-BFW02","-","No operator","-","No component","-","-","-","0","00:00:00","00:00:00","00:05:28","00:00:00","NEW","","","","","","","",""
"2311","09-06-2026 04:40:17","SURIN_PUNE-BFW01","-","No operator","1","test","-","-","-","197","00:00:00","00:23:48","00:00:00","00:00:00","NEW","","","","","","","",""
"2312","09-06-2026 04:40:06","SURIN-BFW_XTRON_1","-","No operator","-","No component","304110102","-","2","198","00:12:17","01:21:03","00:07:52","00:01:05","NEW","","","","","","","",""
"2313","09-06-2026 04:06:03","Ofc-Test","-","No operator","-","No component","-","-","-","0","00:00:00","00:00:00","04:23:57","00:00:00","NEW","","","","","","","",""
"2314","09-06-2026 04:05:13","Ofc-Test","-","No operator","-","No component","-","-","-","303","00:00:00","00:00:50","00:00:00","00:00:00","NEW","","","","","","","",""
"2315","09-06-2026 00:30:00","Ofc-Test","-","No operator","-","No component","-","-","-","303","00:00:00","03:35:13","00:00:00","00:00:00","NEW","","","","","","","",""
"2316","08-06-2026 22:54:00","SURIN_PUNE-BFW02","-","No operator","-","No component","-","-","-","99","01:30:05","04:39:03","00:00:00","00:00:07","NEW","","","","","","","",""
"2317","08-06-2026 22:36:30","SURIN_PUNE-BFW02","-","No operator","-","No component","-","-","-","98","00:04:30","00:13:00","00:00:00","00:00:00","NEW","","","","","","","",""
"2318","08-06-2026 21:46:33","SURIN_PUNE-BFW02","-","No operator","-","No component","-","-","-","97","00:26:28","00:23:29","00:00:00","00:00:00","NEW","","","","","","","",""
"2319","08-06-2026 19:10:55","SURIN_PUNE-BFW01","-","No operator","1","test","-","-","-","196","03:23:36","05:39:43","00:00:00","00:00:00","NEW","","","","","","","",""
"2320","08-06-2026 19:10:43","SURIN-BFW_XTRON_1","-","No operator","-","No component","40304110102||304110102","-","2","197","03:23:25","05:58:12","00:07:47","00:00:00","NEW","","","","","","","",""
"2321","08-06-2026 14:02:01","SURIN_PUNE-BFW01","-","No operator","1","test","-","-","-","195","01:07:28","03:47:53","00:00:00","00:00:27","NEW","","","","","","","",""
"2322","08-06-2026 14:01:21","SURIN-BFW_XTRON_1","-","No operator","-","No component","4013003004||40304110102","-","2","196","01:07:41","03:57:19","00:04:11","00:00:11","NEW","","","","","","","",""
"2323","08-06-2026 12:51:31","SURIN_PUNE-BFW01","-","No operator","1","test","-","-","-","194","00:23:14","00:28:51","00:00:00","00:18:25","NEW","","","","","","","",""
"2324","08-06-2026 12:51:19","SURIN-BFW_XTRON_1","-","No operator","-","No component","4013003004","-","2","195","00:21:50","00:24:18","00:07:48","00:16:07","NEW","","","","","","","",""
"2325","08-06-2026 12:42:16","SURIN_PUNE-BFW01","-","No operator","1","test","-","-","-","193","00:06:47","00:02:27","00:00:00","00:00:00","NEW","","","","","","","",""
"2326","08-06-2026 12:42:06","SURIN-BFW_XTRON_1","-","No operator","-","No component","-","-","-","194","00:06:47","00:02:27","00:00:00","00:00:00","NEW","","","","","","","",""
"2327","08-06-2026 12:30:30","SURIN_PUNE-BFW01","-","No operator","1","test","-","-","-","192","00:06:58","00:00:16","00:00:00","00:04:32","NEW","","","","","","","",""
"2328","08-06-2026 12:30:28","SURIN_PUNE-BFW02","-","No operator","-","No component","-","-","-","96","03:17:29","05:31:31","00:00:00","00:17:29","NEW","","","","","","","",""
"2329","08-06-2026 12:29:37","SURIN_PUNE-BFW01","-","No operator","1","test","-","-","-","0","00:00:00","00:00:00","00:00:53","00:00:00","NEW","","","","","","","",""
"2330","08-06-2026 12:29:35","SURIN_PUNE-BFW02","-","No operator","-","No component","-","-","-","0","00:00:00","00:00:00","00:00:53","00:00:00","NEW","","","","","","","",""
"2331","08-06-2026 12:26:18","SURIN_PUNE-BFW01","-","No operator","1","test","-","-","-","192","00:00:00","00:00:00","00:00:00","00:03:19","NEW","","","","","","","",""
"2332","08-06-2026 12:26:18","SURIN_PUNE-BFW02","-","No operator","-","No component","-","-","-","96","00:00:00","00:00:00","00:00:00","00:03:17","NEW","","","","","","","",""
"2333","08-06-2026 12:23:21","SURIN_PUNE-BFW02","-","No operator","-","No component","-","-","-","0","00:00:00","00:00:00","00:02:58","00:00:00","NEW","","","","","","","",""
"2334","08-06-2026 12:23:21","SURIN_PUNE-BFW01","-","No operator","1","test","-","-","-","0","00:00:00","00:00:00","00:02:58","00:00:00","NEW","","","","","","","",""
"2335","08-06-2026 12:12:00","Ofc-Test","-","No operator","-","No component","-","-","-","303","00:00:00","12:18:00","00:00:00","00:00:00","NEW","","","","","","","",""
"2336","08-06-2026 12:00:58","SURIN_PUNE-BFW01","-","No operator","1","test","-","-","-","192","00:05:43","00:16:39","00:00:00","00:00:00","NEW","","","","","","","",""
"2337","08-06-2026 12:00:42","SURIN-BFW_XTRON_1","-","No operator","-","No component","4013003004","-","2","193","00:11:40","00:17:14","00:05:32","00:06:59","NEW","","","","","","","",""
"2338","08-06-2026 11:46:10","SURIN_PUNE-BFW01","-","No operator","1","test","-","-","-","191","00:08:10","00:06:38","00:00:00","00:00:00","NEW","","","","","","","",""
"2339","08-06-2026 11:45:59","SURIN-BFW_XTRON_1","-","No operator","-","No component","4013003004","-","2","192","00:07:23","00:07:18","00:00:03","00:00:00","NEW","","","","","","","",""
"2340","08-06-2026 11:37:44","SURIN_PUNE-BFW01","-","No operator","1","test","-","-","-","190","00:01:07","00:07:19","00:00:00","00:00:00","NEW","","","","","","","",""
"2341","08-06-2026 11:37:33","SURIN-BFW_XTRON_1","-","No operator","-","No component","-","-","-","191","00:01:07","00:07:19","00:00:00","00:00:00","NEW","","","","","","","",""
"2342","08-06-2026 11:30:23","SURIN_PUNE-BFW01","-","No operator","1","test","-","-","-","189","00:02:12","00:05:09","00:00:00","00:00:00","NEW","","","","","","","",""
"2343","08-06-2026 11:30:12","SURIN-BFW_XTRON_1","-","No operator","-","No component","-","-","-","190","00:02:12","00:05:09","00:00:00","00:00:00","NEW","","","","","","","",""
"2344","08-06-2026 11:24:32","SURIN_PUNE-BFW01","-","No operator","1","test","-","-","-","188","00:01:07","00:04:44","00:00:00","00:00:00","NEW","","","","","","","",""
"2345","08-06-2026 11:24:21","SURIN-BFW_XTRON_1","-","No operator","-","No component","-","-","-","189","00:01:08","00:04:43","00:00:00","00:00:00","NEW","","","","","","","",""
"2346","08-06-2026 11:21:11","SURIN_PUNE-BFW01","-","No operator","1","test","-","-","-","187","00:01:07","00:00:14","00:00:00","00:02:00","NEW","","","","","","","",""
"2347","08-06-2026 11:21:10","SURIN_PUNE-BFW02","-","No operator","-","No component","-","-","-","96","00:16:29","00:41:34","00:00:00","00:01:12","NEW","","","","","","","",""
"2348","08-06-2026 11:15:21","SURIN_PUNE-BFW02","-","No operator","-","No component","-","-","-","0","00:00:00","00:00:00","00:05:49","00:00:00","NEW","","","","","","","",""
"2349","08-06-2026 11:15:21","SURIN_PUNE-BFW01","-","No operator","1","test","-","-","-","0","00:00:00","00:00:00","00:05:50","00:00:00","NEW","","","","","","","",""
"2350","08-06-2026 11:11:55","SURIN_PUNE-BFW02","-","No operator","-","No component","-","-","-","96","00:00:00","00:03:26","00:00:00","00:00:00","NEW","","","","","","","",""
"2351","08-06-2026 11:08:27","SURIN_PUNE-BFW01","-","No operator","1","test","-","-","-","187","00:02:09","00:04:45","00:00:00","00:00:00","NEW","","","","","","","",""
"2352","08-06-2026 11:08:16","SURIN-BFW_XTRON_1","-","No operator","-","No component","4013003004","-","2","188","00:02:53","00:05:01","00:06:15","00:01:58","NEW","","","","","","","",""
"2353","08-06-2026 11:05:25","SURIN_PUNE-BFW01","-","No operator","1","test","-","-","-","186","00:01:07","00:01:54","00:00:00","00:00:00","NEW","","","","","","","",""
"2354","08-06-2026 11:05:14","SURIN-BFW_XTRON_1","-","No operator","-","No component","-","-","-","187","00:01:07","00:01:55","00:00:00","00:00:00","NEW","","","","","","","",""
"2355","08-06-2026 11:00:32","SURIN_PUNE-BFW01","-","No operator","1","test","-","-","-","185","00:01:10","00:02:36","00:00:00","00:00:00","NEW","","","","","","","",""
"2356","08-06-2026 11:00:20","SURIN-BFW_XTRON_1","-","No operator","-","No component","-","-","-","186","00:01:09","00:03:46","00:00:00","00:00:00","NEW","","","","","","","",""
"2357","08-06-2026 10:21:53","SURIN_PUNE-BFW01","-","No operator","1","test","-","-","-","184","00:03:39","00:09:27","00:00:00","00:00:00","NEW","","","","","","","",""
"2358","08-06-2026 10:21:41","SURIN-BFW_XTRON_1","-","No operator","-","No component","-","-","-","185","00:03:40","00:35:00","00:00:00","00:00:00","NEW","","","","","","","",""
"2359","08-06-2026 10:11:52","SURIN_PUNE-BFW01","-","No operator","1","test","-","-","-","183","00:06:17","00:03:44","00:00:00","00:00:00","NEW","","","","","","","",""
"2360","08-06-2026 10:11:40","SURIN-BFW_XTRON_1","-","No operator","-","No component","-","-","-","184","00:06:15","00:03:46","00:00:00","00:00:00","NEW","","","","","","","",""
"2361","08-06-2026 09:34:18","SURIN_PUNE-BFW01","-","No operator","1","test","-","-","-","182","00:22:19","00:15:14","00:00:00","00:00:00","NEW","","","","","","","",""
"2362","08-06-2026 09:34:07","SURIN-BFW_XTRON_1","-","No operator","-","No component","-","-","-","183","00:22:17","00:15:16","00:00:00","00:00:00","NEW","","","","","","","",""
"2363","08-06-2026 09:24:14","SURIN_PUNE-BFW01","-","No operator","1","test","-","-","-","181","00:07:01","00:03:03","00:00:00","00:00:00","NEW","","","","","","","",""
"2364","08-06-2026 09:24:04","SURIN-BFW_XTRON_1","-","No operator","-","No component","-","-","-","182","00:07:00","00:03:04","00:00:00","00:00:00","NEW","","","","","","","",""
"2365","08-06-2026 08:54:57","SURIN_PUNE-BFW01","-","No operator","1","test","-","-","-","180","00:17:38","00:11:39","00:00:00","00:00:00","NEW","","","","","","","",""
"2366","08-06-2026 08:54:47","SURIN-BFW_XTRON_1","-","No operator","-","No component","-","-","-","181","00:18:16","00:11:02","00:00:00","00:00:00","NEW","","","","","","","",""
"2367","08-06-2026 08:45:17","SURIN_PUNE-BFW01","-","No operator","1","test","-","-","-","179","00:05:37","00:04:03","00:00:00","00:00:00","NEW","","","","","","","",""
"2368","08-06-2026 08:45:06","SURIN-BFW_XTRON_1","-","No operator","-","No component","-","-","-","180","00:05:38","00:04:04","00:00:00","00:00:00","NEW","","","","","","","",""
"2369","08-06-2026 08:13:58","SURIN_PUNE-BFW01","-","No operator","1","test","-","-","-","178","00:20:57","00:10:11","00:00:00","00:00:00","NEW","","","","","","","",""
"2370","08-06-2026 08:13:46","SURIN-BFW_XTRON_1","-","No operator","-","No component","4013003004","-","2","179","00:20:54","00:10:23","00:00:03","00:00:00","NEW","","","","","","","",""
"2371","08-06-2026 08:05:15","SURIN_PUNE-BFW01","-","No operator","1","test","-","-","-","177","00:05:37","00:03:06","00:00:00","00:00:00","NEW","","","","","","","",""
"2372","08-06-2026 08:05:05","SURIN-BFW_XTRON_1","-","No operator","-","No component","-","-","-","178","00:05:36","00:03:06","00:00:00","00:00:00","NEW","","","","","","","",""
"2373","08-06-2026 06:58:08","SURIN_PUNE-BFW01","-","No operator","1","test","-","-","-","176","00:05:48","00:55:00","00:00:00","00:00:00","NEW","","","","","","","",""
"2374","08-06-2026 06:57:57","SURIN-BFW_XTRON_1","-","No operator","-","No component","4013003004","-","2","177","00:05:50","01:00:19","00:00:59","00:00:00","NEW","","","","","","","",""
"2375","08-06-2026 06:55:46","SURIN_PUNE-BFW02","-","No operator","-","No component","-","-","-","95","00:25:42","03:40:47","00:00:00","00:00:05","NEW","","","","","","","",""
"2376","08-06-2026 06:43:09","SURIN_PUNE-BFW02","-","No operator","-","No component","-","-","-","94","00:02:28","00:10:09","00:00:00","00:00:00","NEW","","","","","","","",""
"2377","08-06-2026 06:34:43","SURIN_PUNE-BFW02","-","No operator","-","No component","-","-","-","93","00:02:25","00:06:01","00:00:00","00:00:00","NEW","","","","","","","",""
"2378","08-06-2026 06:25:10","SURIN_PUNE-BFW02","-","No operator","-","No component","-","-","-","92","00:02:25","00:07:07","00:00:00","00:00:00","NEW","","","","","","","",""
"2379","08-06-2026 06:19:35","SURIN_PUNE-BFW02","-","No operator","-","No component","-","-","-","91","00:02:30","00:03:05","00:00:00","00:00:00","NEW","","","","","","","",""
"2380","08-06-2026 06:13:49","SURIN_PUNE-BFW02","-","No operator","-","No component","-","-","-","90","00:02:26","00:03:20","00:00:00","00:00:00","NEW","","","","","","","",""
"2381","08-06-2026 06:08:24","SURIN_PUNE-BFW02","-","No operator","-","No component","-","-","-","89","00:02:27","00:02:58","00:00:00","00:00:00","NEW","","","","","","","",""
"2382","08-06-2026 06:03:40","SURIN_PUNE-BFW02","-","No operator","-","No component","-","-","-","88","00:02:27","00:02:17","00:00:00","00:00:00","NEW","","","","","","","",""
"2383","08-06-2026 05:58:46","SURIN_PUNE-BFW02","-","No operator","-","No component","-","-","-","87","00:02:25","00:02:29","00:00:00","00:00:00","NEW","","","","","","","",""
"2384","08-06-2026 05:55:29","SURIN_PUNE-BFW02","-","No operator","-","No component","-","-","-","86","00:02:30","00:00:23","00:00:00","00:00:26","NEW","","","","","","","",""
"2385","08-06-2026 05:55:29","SURIN_PUNE-BFW01","-","No operator","1","test","-","-","-","175","00:17:55","00:22:43","00:00:00","00:21:32","NEW","","","","","","","",""
"2386","08-06-2026 05:50:20","SURIN_PUNE-BFW02","-","No operator","-","No component","-","-","-","0","00:00:00","00:00:00","00:05:08","00:00:00","NEW","","","","","","","",""
"2387","08-06-2026 05:50:20","SURIN_PUNE-BFW01","-","No operator","1","test","-","-","-","0","00:00:00","00:00:00","00:05:08","00:00:00","NEW","","","","","","","",""
"2388","08-06-2026 05:46:49","SURIN_PUNE-BFW02","-","No operator","-","No component","-","-","-","86","00:00:00","00:03:32","00:00:00","00:00:00","NEW","","","","","","","",""
"2389","08-06-2026 05:41:05","SURIN_PUNE-BFW02","-","No operator","-","No component","-","-","-","85","00:02:27","00:03:17","00:00:00","00:00:00","NEW","","","","","","","",""
"2390","08-06-2026 05:35:18","SURIN_PUNE-BFW02","-","No operator","-","No component","-","-","-","84","00:02:36","00:03:10","00:00:00","00:00:00","NEW","","","","","","","",""
"2391","08-06-2026 05:31:19","SURIN_PUNE-BFW02","-","No operator","-","No component","-","-","-","83","00:02:27","00:01:32","00:00:00","00:00:00","NEW","","","","","","","",""
"2392","08-06-2026 05:24:50","SURIN_PUNE-BFW02","-","No operator","-","No component","-","-","-","82","00:02:27","00:04:02","00:00:00","00:00:00","NEW","","","","","","","",""
"2393","08-06-2026 05:19:56","SURIN_PUNE-BFW02","-","No operator","-","No component","-","-","-","81","00:02:27","00:02:27","00:00:00","00:00:00","NEW","","","","","","","",""
"2394","08-06-2026 05:15:18","SURIN_PUNE-BFW02","-","No operator","-","No component","-","-","-","80","00:02:27","00:02:11","00:00:00","00:00:00","NEW","","","","","","","",""
"2395","08-06-2026 05:11:05","SURIN_PUNE-BFW02","-","No operator","-","No component","-","-","-","79","00:02:13","00:02:00","00:00:00","00:00:00","NEW","","","","","","","",""
"2396","08-06-2026 05:02:17","SURIN_PUNE-BFW02","-","No operator","-","No component","-","-","-","78","00:02:47","00:03:45","00:00:00","00:02:17","NEW","","","","","","","",""
"2397","08-06-2026 05:02:16","SURIN_PUNE-BFW01","-","No operator","1","test","-","-","-","175","00:00:00","00:41:38","00:00:00","00:06:26","NEW","","","","","","","",""
"2398","08-06-2026 05:02:05","SURIN_PUNE-BFW01","-","No operator","1","test","-","-","-","0","00:00:00","00:00:00","00:00:11","00:00:00","NEW","","","","","","","",""
"2399","08-06-2026 05:02:03","SURIN_PUNE-BFW02","-","No operator","-","No component","-","-","-","0","00:00:00","00:00:00","00:00:13","00:00:00","NEW","","","","","","","",""
"2400","08-06-2026 04:59:55","SURIN_PUNE-BFW02","-","No operator","-","No component","-","-","-","78","00:00:00","00:00:00","00:00:00","00:02:09","NEW","","","","","","","",""
"2401","08-06-2026 04:59:55","SURIN_PUNE-BFW01","-","No operator","1","test","-","-","-","175","00:00:00","00:00:00","00:00:00","00:02:10","NEW","","","","","","","",""
"2402","08-06-2026 04:56:20","SURIN_PUNE-BFW02","-","No operator","-","No component","-","-","-","0","00:00:00","00:00:00","00:03:34","00:00:00","NEW","","","","","","","",""
"2403","08-06-2026 04:56:20","SURIN_PUNE-BFW01","-","No operator","1","test","-","-","-","0","00:00:00","00:00:00","00:03:35","00:00:00","NEW","","","","","","","",""
"2404","08-06-2026 04:51:32","SURIN_PUNE-BFW02","-","No operator","-","No component","-","-","-","78","00:02:47","00:02:01","00:00:00","00:00:00","NEW","","","","","","","",""
"2405","08-06-2026 04:45:19","SURIN_PUNE-BFW02","-","No operator","-","No component","-","-","-","77","00:02:26","00:03:47","00:00:00","00:00:00","NEW","","","","","","","",""
"2406","08-06-2026 04:40:45","SURIN_PUNE-BFW02","-","No operator","-","No component","-","-","-","76","00:02:27","00:02:07","00:00:00","00:00:00","NEW","","","","","","","",""
"2407","08-06-2026 04:33:20","SURIN_PUNE-BFW02","-","No operator","-","No component","-","-","-","75","00:02:27","00:04:59","00:00:00","00:00:00","NEW","","","","","","","",""
"2408","08-06-2026 04:18:33","SURIN_PUNE-BFW02","-","No operator","-","No component","-","-","-","74","00:02:26","00:12:20","00:00:00","00:00:00","NEW","","","","","","","",""
"2409","08-06-2026 04:09:26","SURIN_PUNE-BFW01","-","No operator","1","test","-","-","-","175","00:00:00","00:46:54","00:00:00","00:00:00","NEW","","","","","","","",""
"2410","08-06-2026 04:09:22","SURIN_PUNE-BFW02","-","No operator","-","No component","-","-","-","73","00:02:27","00:06:44","00:00:00","00:00:00","NEW","","","","","","","",""
"2411","08-06-2026 04:09:16","SURIN-BFW_XTRON_1","-","No operator","-","No component","4013003004","-","2","176","00:17:57","01:49:50","00:11:28","00:29:28","NEW","","","","","","","",""
"2412","08-06-2026 04:00:59","SURIN_PUNE-BFW02","-","No operator","-","No component","-","-","-","72","00:02:06","00:06:17","00:00:00","00:00:00","NEW","","","","","","","",""
"2413","08-06-2026 03:25:04","SURIN_PUNE-BFW02","-","No operator","-","No component","-","-","-","71","00:02:10","00:28:22","00:00:00","00:05:22","NEW","","","","","","","",""
"2414","08-06-2026 03:13:38","SURIN_PUNE-BFW01","-","No operator","1","test","-","-","-","174","00:16:36","00:39:13","00:00:00","00:00:00","NEW","","","","","","","",""
"2415","08-06-2026 00:30:00","Ofc-Test","-","No operator","-","No component","-","-","-","303","00:00:00","08:00:00","00:00:00","00:00:00","NEW","","","","","","","",""
"2416","07-06-2026 18:45:06","SURIN_PUNE-BFW01","-","No operator","1","test","-","-","-","0","00:00:00","00:00:00","08:28:32","00:00:00","NEW","","","","","","","",""
"2417","07-06-2026 18:43:52","SURIN_PUNE-BFW01","-","No operator","1","test","-","-","-","174","00:00:00","00:01:14","00:00:00","00:00:00","NEW","","","","","","","",""
"2418","07-06-2026 18:38:09","SURIN_PUNE-BFW01","-","No operator","1","test","-","-","-","0","00:00:00","00:00:00","00:05:43","00:00:00","NEW","","","","","","","",""
"2419","07-06-2026 18:36:02","SURIN_PUNE-BFW01","-","No operator","1","test","-","-","-","174","00:00:00","00:00:00","00:00:00","00:02:06","NEW","","","","","","","",""
"2420","07-06-2026 18:33:06","SURIN_PUNE-BFW01","-","No operator","1","test","-","-","-","0","00:00:00","00:00:00","00:02:57","00:00:00","NEW","","","","","","","",""
"2421","07-06-2026 18:31:16","SURIN_PUNE-BFW01","-","No operator","1","test","-","-","-","174","00:00:00","00:00:00","00:00:00","00:01:50","NEW","","","","","","","",""
"2422","07-06-2026 18:30:05","SURIN_PUNE-BFW01","-","No operator","1","test","-","-","-","0","00:00:00","00:00:00","00:01:11","00:00:00","NEW","","","","","","","",""
"2423","07-06-2026 18:29:00","SURIN_PUNE-BFW01","-","No operator","1","test","-","-","-","174","00:00:00","00:00:00","00:00:00","00:01:05","NEW","","","","","","","",""
"2424","07-06-2026 18:26:19","SURIN_PUNE-BFW01","-","No operator","1","test","-","-","-","0","00:00:00","00:00:00","00:02:40","00:00:00","NEW","","","","","","","",""
"2425","07-06-2026 18:22:31","SURIN_PUNE-BFW01","-","No operator","1","test","-","-","-","174","00:00:00","00:03:30","00:00:00","00:00:18","NEW","","","","","","","",""
"2426","07-06-2026 18:22:29","SURIN-BFW_XTRON_1","-","No operator","-","No component","4013003004","-","2","175","00:16:36","00:40:01","08:47:04","00:03:07","NEW","","","","","","","",""
"2427","07-06-2026 17:44:04","SURIN_PUNE-BFW02","-","No operator","-","No component","-","-","-","0","00:00:00","00:00:00","09:41:00","00:00:00","NEW","","","","","","","",""
"2428","07-06-2026 17:37:33","SURIN_PUNE-BFW02","-","No operator","-","No component","-","-","-","71","00:00:00","00:05:27","00:00:00","00:01:04","NEW","","","","","","","",""
"2429","07-06-2026 12:12:00","Ofc-Test","-","No operator","-","No component","-","-","-","303","00:00:00","12:18:00","00:00:00","00:00:00","NEW","","","","","","","",""
"2430","07-06-2026 10:18:02","SURIN_PUNE-BFW02","-","No operator","-","No component","-","-","-","0","00:00:00","00:00:00","07:19:31","00:00:00","NEW","","","","","","","",""
"2431","07-06-2026 10:15:03","SURIN_PUNE-BFW02","-","No operator","-","No component","-","-","-","59","00:00:00","00:02:59","00:00:00","00:00:00","NEW","","","","","","","",""
"2432","07-06-2026 10:12:42","SURIN_PUNE-BFW02","-","No operator","-","No component","-","-","-","58","00:01:23","00:00:58","00:00:00","00:00:00","NEW","","","","","","","",""
"2433","07-06-2026 10:09:08","SURIN_PUNE-BFW02","-","No operator","-","No component","-","-","-","57","00:01:26","00:02:09","00:00:00","00:00:00","NEW","","","","","","","",""
"2434","07-06-2026 10:09:01","SURIN_PUNE-BFW02","-","No operator","-","No component","-","-","-","0","00:00:00","00:00:07","00:00:00","00:00:00","NEW","","","","","","","",""
"2435","07-06-2026 10:08:33","SURIN_PUNE-BFW02","-","No operator","-","No component","-","-","-","57","00:00:00","00:00:28","00:00:00","00:00:00","NEW","","","","","","","",""
"2436","07-06-2026 10:05:20","SURIN_PUNE-BFW02","-","No operator","-","No component","-","-","-","0","00:00:00","00:00:00","00:03:13","00:00:00","NEW","","","","","","","",""
"2437","07-06-2026 10:02:09","SURIN_PUNE-BFW02","-","No operator","-","No component","-","-","-","56","00:00:47","00:02:24","00:00:00","00:00:00","NEW","","","","","","","",""
"2438","07-06-2026 10:02:05","SURIN_PUNE-BFW02","-","No operator","-","No component","-","-","-","0","00:00:00","00:00:00","00:00:04","00:00:00","NEW","","","","","","","",""
"2439","07-06-2026 10:00:10","SURIN_PUNE-BFW02","-","No operator","-","No component","-","-","-","55","00:01:07","00:00:48","00:00:00","00:00:00","NEW","","","","","","","",""
"2440","07-06-2026 09:58:07","SURIN_PUNE-BFW02","-","No operator","-","No component","-","-","-","0","00:00:00","00:00:00","00:02:04","00:00:00","NEW","","","","","","","",""
"2441","07-06-2026 09:56:40","SURIN_PUNE-BFW02","-","No operator","-","No component","-","-","-","55","00:00:00","00:01:27","00:00:00","00:00:00","NEW","","","","","","","",""
"2442","07-06-2026 09:55:36","SURIN_PUNE-BFW02","-","No operator","-","No component","-","-","-","0","00:00:00","00:00:00","00:01:04","00:00:00","NEW","","","","","","","",""
"2443","07-06-2026 09:54:22","SURIN_PUNE-BFW02","-","No operator","-","No component","-","-","-","55","00:00:00","00:01:14","00:00:00","00:00:00","NEW","","","","","","","",""
"2444","07-06-2026 09:54:20","SURIN_PUNE-BFW02","-","No operator","-","No component","-","-","-","0","00:00:00","00:00:00","00:00:02","00:00:00","NEW","","","","","","","",""
"2445","07-06-2026 09:45:45","SURIN_PUNE-BFW02","-","No operator","-","No component","-","-","-","55","00:00:00","00:08:35","00:00:00","00:00:00","NEW","","","","","","","",""
"2446","07-06-2026 09:43:46","SURIN_PUNE-BFW02","-","No operator","-","No component","-","-","-","54","00:01:23","00:00:36","00:00:00","00:00:00","NEW","","","","","","","",""
"2447","07-06-2026 09:34:11","SURIN_PUNE-BFW02","-","No operator","-","No component","-","-","-","53","00:01:23","00:08:11","00:00:00","00:00:00","NEW","","","","","","","",""
"2448","07-06-2026 09:26:21","SURIN_PUNE-BFW02","-","No operator","-","No component","-","-","-","0","00:00:00","00:00:00","00:07:50","00:00:00","NEW","","","","","","","",""
"2449","07-06-2026 09:24:06","SURIN_PUNE-BFW02","-","No operator","-","No component","-","-","-","50","00:00:00","00:02:15","00:00:00","00:00:00","NEW","","","","","","","",""
"2450","07-06-2026 09:19:37","SURIN_PUNE-BFW02","-","No operator","-","No component","-","-","-","0","00:00:00","00:00:00","00:04:29","00:00:00","NEW","","","","","","","",""
"2451","07-06-2026 09:16:11","SURIN_PUNE-BFW02","-","No operator","-","No component","-","-","-","49","00:00:00","00:03:26","00:00:00","00:00:00","NEW","","","","","","","",""
"2452","07-06-2026 09:14:05","SURIN_PUNE-BFW01","-","No operator","1","test","-","-","-","0","00:00:00","00:00:00","09:08:26","00:00:00","NEW","","","","","","","",""
"2453","07-06-2026 09:09:37","SURIN_PUNE-BFW01","-","No operator","1","test","-","-","-","166","00:00:00","00:04:29","00:00:00","00:00:00","NEW","","","","","","","",""
"2454","07-06-2026 09:09:28","SURIN-BFW_XTRON_1","-","No operator","-","No component","4013003004","-","2","174","00:00:00","00:02:32","09:10:30","00:00:00","NEW","","","","","","","",""
"2455","07-06-2026 09:05:22","SURIN_PUNE-BFW02","-","No operator","-","No component","-","-","-","47","00:03:37","00:07:12","00:00:00","00:00:00","NEW","","","","","","","",""
"2456","07-06-2026 08:59:02","SURIN_PUNE-BFW02","-","No operator","-","No component","-","-","-","46","00:01:22","00:04:57","00:00:00","00:00:00","NEW","","","","","","","",""
"2457","07-06-2026 08:57:20","SURIN_PUNE-BFW01","-","No operator","1","test","-","-","-","165","00:07:21","00:04:56","00:00:00","00:00:00","NEW","","","","","","","",""
"2458","07-06-2026 08:56:58","SURIN-BFW_XTRON_1","-","No operator","-","No component","4013003004","-","2","166","00:06:46","00:03:21","00:02:24","00:00:00","NEW","","","","","","","",""
"2459","07-06-2026 08:55:52","SURIN_PUNE-BFW02","-","No operator","-","No component","-","-","-","45","00:01:37","00:01:34","00:00:00","00:00:00","NEW","","","","","","","",""
"2460","07-06-2026 08:54:11","SURIN_PUNE-BFW02","-","No operator","-","No component","-","-","-","44","00:01:38","00:00:03","00:00:00","00:00:00","NEW","","","","","","","",""
"2461","07-06-2026 08:52:40","SURIN_PUNE-BFW02","-","No operator","-","No component","-","-","-","43","00:01:30","00:00:00","00:00:00","00:00:00","NEW","","","","","","","",""
"2462","07-06-2026 08:52:05","SURIN_PUNE-BFW02","-","No operator","-","No component","-","-","-","0","00:00:00","00:00:00","00:00:35","00:00:00","NEW","","","","","","","",""
"2463","07-06-2026 08:51:02","SURIN_PUNE-BFW02","-","No operator","-","No component","-","-","-","43","00:00:00","00:01:03","00:00:00","00:00:00","NEW","","","","","","","",""
"2464","07-06-2026 08:51:02","SURIN_PUNE-BFW01","-","No operator","1","test","-","-","-","164","00:06:17","00:00:00","00:00:00","00:00:00","NEW","","","","","","","",""
"2465","07-06-2026 08:49:46","SURIN_PUNE-BFW02","-","No operator","-","No component","-","-","-","0","00:00:00","00:00:00","00:01:16","00:00:00","NEW","","","","","","","",""
"2466","07-06-2026 08:49:36","SURIN_PUNE-BFW01","-","No operator","1","test","-","-","-","0","00:00:00","00:00:00","00:01:27","00:00:00","NEW","","","","","","","",""
"2467","07-06-2026 08:48:28","SURIN_PUNE-BFW02","-","No operator","-","No component","-","-","-","43","00:00:00","00:00:00","00:00:00","00:01:18","NEW","","","","","","","",""
"2468","07-06-2026 08:48:28","SURIN_PUNE-BFW01","-","No operator","1","test","-","-","-","164","00:00:00","00:00:00","00:00:00","00:01:08","NEW","","","","","","","",""
"2469","07-06-2026 08:48:05","SURIN_PUNE-BFW01","-","No operator","1","test","-","-","-","0","00:00:00","00:00:00","00:00:22","00:00:00","NEW","","","","","","","",""
"2470","07-06-2026 08:46:02","SURIN_PUNE-BFW01","-","No operator","1","test","-","-","-","164","00:02:03","00:00:00","00:00:00","00:00:00","NEW","","","","","","","",""
"2471","07-06-2026 08:44:21","SURIN_PUNE-BFW01","-","No operator","1","test","-","-","-","0","00:00:00","00:00:00","00:01:41","00:00:00","NEW","","","","","","","",""
"2472","07-06-2026 08:42:02","SURIN_PUNE-BFW01","-","No operator","1","test","-","-","-","164","00:00:00","00:02:19","00:00:00","00:00:00","NEW","","","","","","","",""
"2473","07-06-2026 08:41:55","SURIN-BFW_XTRON_1","-","No operator","-","No component","4013003004","-","2","165","00:04:17","00:01:38","00:08:37","00:00:32","NEW","","","","","","","",""
"2474","07-06-2026 08:41:37","SURIN_PUNE-BFW01","-","No operator","1","test","-","-","-","0","00:00:00","00:00:00","00:00:25","00:00:00","NEW","","","","","","","",""
"2475","07-06-2026 08:29:18","SURIN_PUNE-BFW01","-","No operator","1","test","-","-","-","163","00:07:34","00:04:44","00:00:00","00:00:00","NEW","","","","","","","",""
"2476","07-06-2026 08:29:11","SURIN-BFW_XTRON_1","-","No operator","-","No component","4013003004","-","2","164","00:03:59","00:03:50","00:04:55","00:00:00","NEW","","","","","","","",""
"2477","07-06-2026 08:18:02","SURIN_PUNE-BFW01","-","No operator","1","test","-","-","-","162","00:07:37","00:03:40","00:00:00","00:00:00","NEW","","","","","","","",""
"2478","07-06-2026 08:17:57","SURIN-BFW_XTRON_1","-","No operator","-","No component","4013003004","-","2","163","00:06:34","00:03:56","00:00:45","00:00:00","NEW","","","","","","","",""
"2479","07-06-2026 08:15:18","SURIN_PUNE-BFW01","-","No operator","1","test","-","-","-","161","00:02:44","00:00:00","00:00:00","00:00:00","NEW","","","","","","","",""
"2480","07-06-2026 08:11:05","SURIN_PUNE-BFW01","-","No operator","1","test","-","-","-","0","00:00:00","00:00:00","00:04:13","00:00:00","NEW","","","","","","","",""
"2481","07-06-2026 08:06:22","SURIN_PUNE-BFW01","-","No operator","1","test","-","-","-","161","00:00:00","00:04:43","00:00:00","00:00:00","NEW","","","","","","","",""
"2482","07-06-2026 08:06:12","SURIN-BFW_XTRON_1","-","No operator","-","No component","4013003004","-","2","162","00:01:26","00:03:50","00:06:29","00:00:00","NEW","","","","","","","",""
"2483","07-06-2026 08:06:00","SURIN_PUNE-BFW01","-","No operator","1","test","-","-","-","160","00:00:22","00:00:00","00:00:00","00:00:00","NEW","","","","","","","",""
"2484","07-06-2026 08:02:36","SURIN_PUNE-BFW01","-","No operator","1","test","-","-","-","0","00:00:00","00:00:00","00:03:23","00:00:00","NEW","","","","","","","",""
"2485","07-06-2026 07:59:06","SURIN_PUNE-BFW01","-","No operator","1","test","-","-","-","160","00:03:31","00:00:00","00:00:00","00:00:00","NEW","","","","","","","",""
"2486","07-06-2026 07:59:03","SURIN_PUNE-BFW01","-","No operator","1","test","-","-","-","0","00:00:00","00:00:00","00:00:02","00:00:00","NEW","","","","","","","",""
"2487","07-06-2026 07:57:11","SURIN_PUNE-BFW01","-","No operator","1","test","-","-","-","160","00:01:44","00:00:08","00:00:00","00:00:00","NEW","","","","","","","",""
"2488","07-06-2026 07:43:20","SURIN_PUNE-BFW01","-","No operator","1","test","-","-","-","0","00:00:00","00:00:00","00:13:51","00:00:00","NEW","","","","","","","",""
"2489","07-06-2026 07:41:05","SURIN_PUNE-BFW01","-","No operator","1","test","-","-","-","160","00:00:00","00:02:15","00:00:00","00:00:00","NEW","","","","","","","",""
"2490","07-06-2026 07:40:55","SURIN-BFW_XTRON_1","-","No operator","-","No component","4013003004","-","2","161","00:02:35","00:01:10","00:21:33","00:00:00","NEW","","","","","","","",""
"2491","07-06-2026 07:38:26","SURIN_PUNE-BFW01","-","No operator","1","test","-","-","-","159","00:02:39","00:00:00","00:00:00","00:00:00","NEW","","","","","","","",""
"2492","07-06-2026 07:38:19","SURIN-BFW_XTRON_1","-","No operator","-","No component","4013003004","-","2","160","00:01:54","00:00:00","00:00:43","00:00:00","NEW","","","","","","","",""
"2493","07-06-2026 00:30:00","Ofc-Test","-","No operator","-","No component","-","-","-","303","00:00:00","08:00:00","00:00:00","00:00:00","NEW","","","","","","","",""
"2494","06-06-2026 15:04:02","SURIN_PUNE-BFW01","-","No operator","1","test","-","-","-","0","00:00:00","00:00:00","16:34:24","00:00:00","NEW","","","","","","","",""
"2495","06-06-2026 15:02:47","SURIN_PUNE-BFW01","-","No operator","1","test","-","-","-","143","00:00:00","00:01:15","00:00:00","00:00:00","NEW","","","","","","","",""
"2496","06-06-2026 15:02:04","SURIN_PUNE-BFW01","-","No operator","1","test","-","-","-","0","00:00:00","00:00:00","00:00:42","00:00:00","NEW","","","","","","","",""
"2497","06-06-2026 14:59:32","SURIN_PUNE-BFW01","-","No operator","1","test","-","-","-","143","00:00:00","00:02:33","00:00:00","00:00:00","NEW","","","","","","","",""
"2498","06-06-2026 14:57:21","SURIN_PUNE-BFW01","-","No operator","1","test","-","-","-","0","00:00:00","00:00:00","00:02:11","00:00:00","NEW","","","","","","","",""
"2499","06-06-2026 14:53:08","SURIN_PUNE-BFW01","-","No operator","1","test","-","-","-","143","00:00:00","00:04:13","00:00:00","00:00:00","NEW","","","","","","","",""
"2500","06-06-2026 14:43:37","SURIN_PUNE-BFW01","-","No operator","1","test","-","-","-","0","00:00:00","00:00:00","00:09:31","00:00:00","NEW","","","","","","","",""
"2501","06-06-2026 14:40:38","SURIN_PUNE-BFW01","-","No operator","1","test","-","-","-","143","00:00:00","00:02:59","00:00:00","00:00:00","NEW","","","","","","","",""
"2502","06-06-2026 14:25:21","SURIN_PUNE-BFW01","-","No operator","1","test","-","-","-","0","00:00:00","00:00:00","00:15:17","00:00:00","NEW","","","","","","","",""
"2503","06-06-2026 14:25:20","SURIN_PUNE-BFW02","-","No operator","-","No component","-","-","-","0","00:00:00","00:00:00","18:23:08","00:00:00","NEW","","","","","","","",""
"2504","06-06-2026 13:45:59","SURIN_PUNE-BFW02","-","No operator","-","No component","-","-","-","1958","00:25:32","00:13:40","00:00:00","00:00:10","NEW","","","","","","","",""
"2505","06-06-2026 13:23:49","SURIN_PUNE-BFW02","-","No operator","-","No component","-","-","-","1957","00:22:02","00:00:08","00:00:00","00:00:00","NEW","","","","","","","",""
"2506","06-06-2026 13:02:17","SURIN_PUNE-BFW02","-","No operator","-","No component","-","-","-","1956","00:21:16","00:00:16","00:00:00","00:00:00","NEW","","","","","","","",""
"2507","06-06-2026 12:23:05","SURIN_PUNE-BFW02","-","No operator","-","No component","-","-","-","1955","00:32:20","00:06:53","00:00:00","00:00:00","NEW","","","","","","","",""
"2508","06-06-2026 12:12:00","Ofc-Test","-","No operator","-","No component","-","-","-","303","00:00:00","12:18:00","00:00:00","00:00:00","NEW","","","","","","","",""
"2509","06-06-2026 12:01:54","SURIN_PUNE-BFW02","-","No operator","-","No component","-","-","-","1954","00:20:26","00:00:45","00:00:00","00:00:00","NEW","","","","","","","",""
"2510","06-06-2026 11:39:24","SURIN_PUNE-BFW02","-","No operator","-","No component","-","-","-","1953","00:22:09","00:00:21","00:00:00","00:00:00","NEW","","","","","","","",""
"2511","06-06-2026 10:57:05","SURIN_PUNE-BFW02","-","No operator","-","No component","-","-","-","1952","00:32:26","00:09:53","00:00:00","00:00:00","NEW","","","","","","","",""
"2512","06-06-2026 10:33:41","SURIN_PUNE-BFW02","-","No operator","-","No component","-","-","-","1951","00:22:10","00:01:14","00:00:00","00:00:00","NEW","","","","","","","",""
"2513","06-06-2026 10:09:37","SURIN_PUNE-BFW02","-","No operator","-","No component","-","-","-","1950","00:20:39","00:03:25","00:00:00","00:00:00","NEW","","","","","","","",""
"2514","06-06-2026 09:05:35","SURIN_PUNE-BFW02","-","No operator","-","No component","-","-","-","1949","00:52:14","00:11:42","00:00:00","00:00:00","NEW","","","","","","","",""
"2515","06-06-2026 08:53:20","SURIN_PUNE-BFW01","-","No operator","1","test","-","-","-","143","00:04:11","00:55:56","00:00:00","00:16:08","NEW","","","","","","","",""
"2516","06-06-2026 08:53:13","SURIN-BFW_XTRON_1","-","No operator","-","No component","401001030||4013003004","-","2","159","00:04:12","05:16:18","17:08:49","00:15:47","NEW","","","","","","","",""
"2517","06-06-2026 08:41:27","SURIN_PUNE-BFW02","-","No operator","-","No component","-","-","-","1948","00:21:24","00:02:43","00:00:00","00:00:00","NEW","","","","","","","",""
"2518","06-06-2026 08:39:23","SURIN_PUNE-BFW01","-","No operator","1","test","-","-","-","142","00:11:05","00:02:52","00:00:00","00:00:00","NEW","","","","","","","",""
"2519","06-06-2026 08:39:16","SURIN-BFW_XTRON_1","-","No operator","-","No component","-","-","-","143","00:11:05","00:02:53","00:00:00","00:00:00","NEW","","","","","","","",""
"2520","06-06-2026 08:28:50","SURIN_PUNE-BFW01","-","No operator","1","test","-","-","-","141","00:08:27","00:02:06","00:00:00","00:00:00","NEW","","","","","","","",""
"2521","06-06-2026 08:28:42","SURIN-BFW_XTRON_1","-","No operator","-","No component","-","-","-","142","00:08:28","00:02:07","00:00:00","00:00:00","NEW","","","","","","","",""
"2522","06-06-2026 08:20:57","SURIN_PUNE-BFW01","-","No operator","1","test","-","-","-","140","00:05:33","00:02:20","00:00:00","00:00:00","NEW","","","","","","","",""
"2523","06-06-2026 08:20:50","SURIN-BFW_XTRON_1","-","No operator","-","No component","-","-","-","141","00:05:33","00:02:19","00:00:00","00:00:00","NEW","","","","","","","",""
"2524","06-06-2026 08:15:10","SURIN_PUNE-BFW01","-","No operator","1","test","-","-","-","139","00:03:12","00:00:35","00:00:00","00:02:00","NEW","","","","","","","",""
"2525","06-06-2026 08:15:09","SURIN_PUNE-BFW02","-","No operator","-","No component","-","-","-","1947","00:22:05","00:02:05","00:00:00","00:02:08","NEW","","","","","","","",""
"2526","06-06-2026 08:15:05","SURIN_PUNE-BFW01","-","No operator","1","test","-","-","-","0","00:00:00","00:00:00","00:00:05","00:00:00","NEW","","","","","","","",""
"2527","06-06-2026 08:15:05","SURIN_PUNE-BFW02","-","No operator","-","No component","-","-","-","0","00:00:00","00:00:00","00:00:04","00:00:00","NEW","","","","","","","",""
"2528","06-06-2026 08:06:59","SURIN_PUNE-BFW01","-","No operator","1","test","-","-","-","139","00:05:30","00:02:35","00:00:00","00:00:00","NEW","","","","","","","",""
"2529","06-06-2026 08:06:52","SURIN-BFW_XTRON_1","-","No operator","-","No component","401001030","-","2","140","00:08:05","00:03:11","00:00:48","00:01:56","NEW","","","","","","","",""
"2530","06-06-2026 08:01:10","SURIN_PUNE-BFW01","-","No operator","1","test","-","-","-","138","00:03:01","00:01:35","00:00:00","00:01:12","NEW","","","","","","","",""
"2531","06-06-2026 08:01:09","SURIN_PUNE-BFW02","-","No operator","-","No component","-","-","-","1947","00:08:17","00:04:19","00:00:00","00:01:06","NEW","","","","","","","",""
"2532","06-06-2026 07:58:12","SURIN_PUNE-BFW01","-","No operator","1","test","-","-","-","0","00:00:00","00:00:00","00:02:58","00:00:00","NEW","","","","","","","",""
"2533","06-06-2026 07:58:12","SURIN_PUNE-BFW02","-","No operator","-","No component","-","-","-","0","00:00:00","00:00:00","00:02:57","00:00:00","NEW","","","","","","","",""
"2534","06-06-2026 07:56:56","SURIN_PUNE-BFW02","-","No operator","-","No component","-","-","-","1947","00:00:00","00:01:16","00:00:00","00:00:00","NEW","","","","","","","",""
"2535","06-06-2026 07:46:03","SURIN_PUNE-BFW01","-","No operator","1","test","-","-","-","138","00:08:44","00:03:25","00:00:00","00:00:00","NEW","","","","","","","",""
"2536","06-06-2026 07:45:56","SURIN-BFW_XTRON_1","-","No operator","-","No component","401001030","-","2","139","00:10:50","00:04:59","00:04:06","00:01:02","NEW","","","","","","","",""
"2537","06-06-2026 06:48:59","SURIN_PUNE-BFW01","-","No operator","1","test","-","-","-","137","00:10:27","00:46:37","00:00:00","00:00:00","NEW","","","","","","","",""
"2538","06-06-2026 06:48:53","SURIN-BFW_XTRON_1","-","No operator","-","No component","-","-","-","138","00:10:27","00:46:36","00:00:00","00:00:00","NEW","","","","","","","",""
"2539","06-06-2026 06:35:58","SURIN_PUNE-BFW01","-","No operator","1","test","-","-","-","136","00:10:27","00:02:33","00:00:00","00:00:00","NEW","","","","","","","",""
"2540","06-06-2026 06:35:51","SURIN-BFW_XTRON_1","-","No operator","-","No component","-","-","-","137","00:10:28","00:02:34","00:00:00","00:00:00","NEW","","","","","","","",""
"2541","06-06-2026 06:22:34","SURIN_PUNE-BFW01","-","No operator","1","test","-","-","-","135","00:10:36","00:02:48","00:00:00","00:00:00","NEW","","","","","","","",""
"2542","06-06-2026 06:22:27","SURIN-BFW_XTRON_1","-","No operator","-","No component","-","-","-","136","00:10:36","00:02:48","00:00:00","00:00:00","NEW","","","","","","","",""
"2543","06-06-2026 06:08:48","SURIN_PUNE-BFW02","-","No operator","-","No component","-","-","-","1946","01:00:48","00:36:17","00:00:00","00:01:44","NEW","","","","","","","",""
"2544","06-06-2026 06:08:48","SURIN_PUNE-BFW01","-","No operator","1","test","-","-","-","134","00:11:59","00:00:38","00:00:00","00:01:10","NEW","","","","","","","",""
"2545","06-06-2026 06:07:05","SURIN_PUNE-BFW02","-","No operator","-","No component","-","-","-","0","00:00:00","00:00:00","00:01:43","00:00:00","NEW","","","","","","","",""
"2546","06-06-2026 06:07:05","SURIN_PUNE-BFW01","-","No operator","1","test","-","-","-","0","00:00:00","00:00:00","00:01:43","00:00:00","NEW","","","","","","","",""
"2547","06-06-2026 05:52:14","SURIN_PUNE-BFW01","-","No operator","1","test","-","-","-","134","00:10:57","00:03:54","00:00:00","00:00:00","NEW","","","","","","","",""
"2548","06-06-2026 05:52:04","SURIN-BFW_XTRON_1","-","No operator","-","No component","401001030","-","2","135","00:22:00","00:04:34","00:02:40","00:01:09","NEW","","","","","","","",""
"2549","06-06-2026 05:34:41","SURIN_PUNE-BFW01","-","No operator","1","test","-","-","-","133","00:12:09","00:05:24","00:00:00","00:00:00","NEW","","","","","","","",""
"2550","06-06-2026 05:34:34","SURIN-BFW_XTRON_1","-","No operator","-","No component","-","-","-","134","00:12:07","00:05:24","00:00:00","00:00:00","NEW","","","","","","","",""
"2551","06-06-2026 05:29:39","SURIN_PUNE-BFW02","-","No operator","-","No component","-","-","-","1946","00:14:32","00:17:37","00:00:00","00:00:00","NEW","","","","","","","",""
"2552","06-06-2026 05:06:06","SURIN_PUNE-BFW01","-","No operator","1","test","-","-","-","132","00:12:15","00:10:29","00:00:00","00:00:00","NEW","","","","","","","",""
"2553","06-06-2026 05:05:58","SURIN-BFW_XTRON_1","-","No operator","-","No component","-","-","-","133","00:12:14","00:16:22","00:00:00","00:00:00","NEW","","","","","","","",""
"2554","06-06-2026 04:51:52","SURIN_PUNE-BFW01","-","No operator","1","test","-","-","-","131","00:11:55","00:02:19","00:00:00","00:00:00","NEW","","","","","","","",""
"2555","06-06-2026 04:51:46","SURIN-BFW_XTRON_1","-","No operator","-","No component","-","-","-","132","00:11:54","00:02:19","00:00:00","00:00:00","NEW","","","","","","","",""
"2556","06-06-2026 04:30:49","SURIN_PUNE-BFW01","-","No operator","1","test","-","-","-","130","00:11:49","00:09:15","00:00:00","00:00:00","NEW","","","","","","","",""
"2557","06-06-2026 04:30:43","SURIN-BFW_XTRON_1","-","No operator","-","No component","-","-","-","131","00:11:48","00:09:16","00:00:00","00:00:00","NEW","","","","","","","",""
"2558","06-06-2026 04:14:53","SURIN_PUNE-BFW02","-","No operator","-","No component","-","-","-","1945","01:02:21","00:09:30","00:00:00","00:00:17","NEW","","","","","","","",""
"2559","06-06-2026 03:55:39","SURIN_PUNE-BFW01","-","No operator","1","test","-","-","-","129","00:12:51","00:22:18","00:00:00","00:00:00","NEW","","","","","","","",""
"2560","06-06-2026 03:55:32","SURIN-BFW_XTRON_1","-","No operator","-","No component","-","-","-","130","00:12:56","00:22:15","00:00:00","00:00:00","NEW","","","","","","","",""
"2561","06-06-2026 03:37:18","SURIN_PUNE-BFW01","-","No operator","1","test","-","-","-","128","00:13:46","00:04:35","00:00:00","00:00:00","NEW","","","","","","","",""
"2562","06-06-2026 03:37:12","SURIN-BFW_XTRON_1","-","No operator","-","No component","-","-","-","129","00:13:45","00:04:35","00:00:00","00:00:00","NEW","","","","","","","",""
"2563","06-06-2026 03:08:28","SURIN_PUNE-BFW01","-","No operator","1","test","-","-","-","127","00:16:24","00:12:26","00:00:00","00:00:00","NEW","","","","","","","",""
"2564","06-06-2026 03:08:09","SURIN-BFW_XTRON_1","-","No operator","-","No component","-","-","-","128","00:16:23","00:12:40","00:00:00","00:00:00","NEW","","","","","","","",""
"2565","06-06-2026 01:19:30","SURIN_PUNE-BFW02","-","No operator","-","No component","-","-","-","1944","01:02:29","01:50:47","00:00:00","00:00:00","NEW","","","","","","","",""
"2566","06-06-2026 01:03:18","SURIN_PUNE-BFW01","-","No operator","1","test","-","-","-","126","00:09:06","01:56:04","00:00:00","00:00:00","NEW","","","","","","","",""
"2567","06-06-2026 01:03:11","SURIN-BFW_XTRON_1","-","No operator","-","No component","401001030","-","2","127","00:08:53","01:52:54","00:03:11","00:00:00","NEW","","","","","","","",""
"2568","06-06-2026 00:49:26","SURIN_PUNE-BFW01","-","No operator","1","test","-","-","-","125","00:08:30","00:05:22","00:00:00","00:00:00","NEW","","","","","","","",""
"2569","06-06-2026 00:49:19","SURIN-BFW_XTRON_1","-","No operator","-","No component","-","-","-","126","00:08:29","00:05:23","00:00:00","00:00:00","NEW","","","","","","","",""
"2570","06-06-2026 00:30:37","SURIN_PUNE-BFW01","-","No operator","1","test","-","-","-","124","00:08:32","00:10:17","00:00:00","00:00:00","NEW","","","","","","","",""
"2571","06-06-2026 00:30:30","SURIN-BFW_XTRON_1","-","No operator","-","No component","-","-","-","125","00:08:32","00:10:18","00:00:00","00:00:00","NEW","","","","","","","",""
"2572","06-06-2026 00:30:00","Ofc-Test","-","No operator","-","No component","-","-","-","303","00:00:00","08:00:00","00:00:00","00:00:00","NEW","","","","","","","",""
"2573","06-06-2026 00:18:40","SURIN_PUNE-BFW01","-","No operator","1","test","-","-","-","123","00:08:29","00:03:28","00:00:00","00:00:00","NEW","","","","","","","",""
"2574","06-06-2026 00:18:33","SURIN-BFW_XTRON_1","-","No operator","-","No component","-","-","-","124","00:08:30","00:03:28","00:00:00","00:00:00","NEW","","","","","","","",""
"2575","06-06-2026 00:18:30","SURIN_PUNE-BFW02","-","No operator","-","No component","-","-","-","1943","00:51:48","00:09:13","00:00:00","00:00:00","NEW","","","","","","","",""
"2576","06-06-2026 00:08:44","SURIN-BFW_XTRON_1","-","No operator","-","No component","401001030","-","2","123","00:03:40","00:01:43","00:04:27","00:00:00","NEW","","","","","","","",""
"2577","06-06-2026 00:06:58","SURIN_PUNE-BFW01","-","No operator","1","test","-","-","-","122","00:08:18","00:03:24","00:00:00","00:00:00","NEW","","","","","","","",""
"2578","05-06-2026 23:56:16","SURIN-BFW_XTRON_1","-","No operator","-","No component","401001030","-","2","122","00:02:09","00:00:42","00:09:38","00:00:00","NEW","","","","","","","",""
"2579","05-06-2026 23:56:14","SURIN_PUNE-BFW01","-","No operator","1","test","-","-","-","121","00:07:30","00:03:14","00:00:00","00:00:00","NEW","","","","","","","",""
"2580","05-06-2026 23:42:06","SURIN_PUNE-BFW01","-","No operator","1","test","-","-","-","120","00:11:07","00:03:01","00:00:00","00:00:00","NEW","","","","","","","",""
"2581","05-06-2026 23:41:21","SURIN-BFW_XTRON_1","-","No operator","-","No component","401001030","-","2","121","00:04:31","00:02:08","00:08:17","00:00:00","NEW","","","","","","","",""
"2582","05-06-2026 23:20:02","SURIN_PUNE-BFW01","-","No operator","1","test","-","-","-","119","00:12:55","00:09:09","00:00:00","00:00:00","NEW","","","","","","","",""
"2583","05-06-2026 23:19:55","SURIN-BFW_XTRON_1","-","No operator","-","No component","401001030","-","2","120","00:01:12","00:11:06","00:09:09","00:00:00","NEW","","","","","","","",""
"2584","05-06-2026 21:39:18","SURIN-BFW_XTRON_1","-","No operator","-","No component","40410001006||401001030","-","2","119","00:12:47","01:27:41","00:00:10","00:00:00","NEW","","","","","","","",""
"2585","05-06-2026 21:39:03","SURIN_PUNE-BFW01","-","No operator","1","test","-","-","-","118","00:12:44","01:23:20","00:00:00","00:00:00","NEW","","","","","","","",""
"2586","05-06-2026 20:50:40","SURIN_PUNE-BFW02","-","No operator","-","No component","-","-","-","1942","00:55:20","02:18:55","00:00:00","00:00:00","NEW","","","","","","","",""
"2587","05-06-2026 20:47:20","SURIN_PUNE-BFW01","-","No operator","1","test","-","-","-","117","00:13:22","00:38:20","00:00:00","00:00:00","NEW","","","","","","","",""
"2588","05-06-2026 20:47:14","SURIN-BFW_XTRON_1","-","No operator","-","No component","40410001006","-","2","118","00:12:24","00:39:00","00:00:40","00:00:00","NEW","","","","","","","",""
"2589","05-06-2026 20:34:08","SURIN-BFW_XTRON_1","-","No operator","-","No component","40410001006","-","2","117","00:12:33","00:00:19","00:00:16","00:00:00","NEW","","","","","","","",""
"2590","05-06-2026 20:33:52","SURIN_PUNE-BFW02","-","No operator","-","No component","-","-","-","1941","00:07:39","00:09:09","00:00:00","00:00:00","NEW","","","","","","","",""
"2591","05-06-2026 20:30:43","SURIN_PUNE-BFW01","-","No operator","1","test","-","-","-","116","00:12:33","00:04:04","00:00:00","00:00:00","NEW","","","","","","","",""
"2592","05-06-2026 20:16:00","SURIN_PUNE-BFW02","-","No operator","-","No component","-","-","-","1940","00:06:44","00:11:08","00:00:00","00:00:00","NEW","","","","","","","",""
"2593","05-06-2026 20:11:50","SURIN_PUNE-BFW01","-","No operator","1","test","-","-","-","115","00:14:01","00:04:52","00:00:00","00:00:00","NEW","","","","","","","",""
"2594","05-06-2026 20:11:30","SURIN-BFW_XTRON_1","-","No operator","-","No component","40410001006","-","2","116","00:08:38","00:05:02","00:08:58","00:00:00","NEW","","","","","","","",""
"2595","05-06-2026 20:00:52","SURIN_PUNE-BFW02","-","No operator","-","No component","-","-","-","1939","00:08:37","00:06:31","00:00:00","00:00:00","NEW","","","","","","","",""
"2596","05-06-2026 19:53:59","SURIN_PUNE-BFW02","-","No operator","-","No component","-","-","-","1938","00:02:13","00:04:40","00:00:00","00:00:00","NEW","","","","","","","",""
"2597","05-06-2026 19:47:08","SURIN_PUNE-BFW01","-","No operator","1","test","-","-","-","114","00:13:48","00:10:54","00:00:00","00:00:00","NEW","","","","","","","",""
"2598","05-06-2026 19:46:43","SURIN-BFW_XTRON_1","-","No operator","-","No component","40410001006","-","2","115","00:12:38","00:11:05","00:01:05","00:00:00","NEW","","","","","","","",""
"2599","05-06-2026 19:44:19","SURIN_PUNE-BFW02","-","No operator","-","No component","-","-","-","1937","00:01:37","00:08:02","00:00:00","00:00:00","NEW","","","","","","","",""
"2600","05-06-2026 19:27:25","SURIN_PUNE-BFW02","-","No operator","-","No component","-","-","-","1936","00:02:04","00:14:50","00:00:00","00:00:00","NEW","","","","","","","",""
"2601","05-06-2026 19:24:42","SURIN_PUNE-BFW02","-","No operator","-","No component","-","-","-","1935","00:01:41","00:01:02","00:00:00","00:00:00","NEW","","","","","","","",""
"2602","05-06-2026 19:18:45","SURIN_PUNE-BFW02","-","No operator","-","No component","-","-","-","1934","00:02:03","00:03:54","00:00:00","00:00:00","NEW","","","","","","","",""
"2603","05-06-2026 19:13:09","SURIN_PUNE-BFW01","-","No operator","1","test","-","-","-","113","00:14:29","00:19:30","00:00:00","00:00:00","NEW","","","","","","","",""
"2604","05-06-2026 19:13:04","SURIN-BFW_XTRON_1","-","No operator","-","No component","-","-","-","114","00:14:09","00:19:31","00:00:00","00:00:00","NEW","","","","","","","",""
"2605","05-06-2026 17:59:46","SURIN_PUNE-BFW02","-","No operator","-","No component","-","-","-","1933","00:02:10","01:16:49","00:00:00","00:00:00","NEW","","","","","","","",""
"2606","05-06-2026 17:36:31","SURIN_PUNE-BFW02","-","No operator","-","No component","-","-","-","1932","00:22:13","00:01:02","00:00:00","00:00:00","NEW","","","","","","","",""
"2607","05-06-2026 17:15:22","SURIN_PUNE-BFW02","-","No operator","-","No component","-","-","-","1931","00:20:38","00:00:31","00:00:00","00:00:00","NEW","","","","","","","",""
"2608","05-06-2026 17:06:11","SURIN_PUNE-BFW01","-","No operator","1","test","-","-","-","112","00:15:32","01:37:12","00:00:00","00:01:14","NEW","","","","","","","",""
"2609","05-06-2026 17:05:39","SURIN-BFW_XTRON_1","-","No operator","-","No component","401001030||40410001006","-","2","113","00:14:14","01:49:14","00:02:40","00:01:18","NEW","","","","","","","",""
"2610","05-06-2026 16:57:37","SURIN_PUNE-BFW01","-","No operator","1","test","-","-","-","111","00:01:43","00:06:51","00:00:00","00:00:00","NEW","","","","","","","",""
"2611","05-06-2026 16:57:32","SURIN-BFW_XTRON_1","-","No operator","-","No component","-","-","-","112","00:01:16","00:06:52","00:00:00","00:00:00","NEW","","","","","","","",""
"2612","05-06-2026 16:51:56","SURIN_PUNE-BFW01","-","No operator","1","test","-","-","-","110","00:01:01","00:04:40","00:00:00","00:00:00","NEW","","","","","","","",""
"2613","05-06-2026 16:51:11","SURIN-BFW_XTRON_1","-","No operator","-","No component","-","-","-","111","00:00:58","00:05:24","00:00:00","00:00:00","NEW","","","","","","","",""
"2614","05-06-2026 15:45:42","SURIN_PUNE-BFW02","-","No operator","-","No component","-","-","-","1930","00:35:51","00:53:49","00:00:00","00:00:00","NEW","","","","","","","",""
"2615","05-06-2026 15:29:21","SURIN-BFW_XTRON_1","-","No operator","-","No component","401001030","-","2","110","00:01:02","01:19:15","00:01:34","00:00:00","NEW","","","","","","","",""
"2616","05-06-2026 15:28:16","SURIN_PUNE-BFW01","-","No operator","1","test","-","-","-","109","00:01:41","01:21:59","00:00:00","00:00:00","NEW","","","","","","","",""
"2617","05-06-2026 15:26:12","SURIN_PUNE-BFW02","-","No operator","-","No component","-","-","-","1929","00:19:31","00:00:00","00:00:00","00:00:00","NEW","","","","","","","",""
"2618","05-06-2026 14:47:24","SURIN_PUNE-BFW02","-","No operator","-","No component","-","-","-","1928","00:20:41","00:18:08","00:00:00","00:00:00","NEW","","","","","","","",""
"2619","05-06-2026 14:30:18","SURIN_PUNE-BFW01","-","No operator","1","test","-","-","-","108","00:01:14","00:56:43","00:00:00","00:00:00","NEW","","","","","","","",""
"2620","05-06-2026 14:30:02","SURIN-BFW_XTRON_1","-","No operator","-","No component","401001030","-","2","109","00:02:22","00:56:19","00:00:39","00:00:00","NEW","","","","","","","",""
"2621","05-06-2026 14:11:30","SURIN_PUNE-BFW02","-","No operator","-","No component","-","-","-","1927","00:29:38","00:06:16","00:00:00","00:00:00","NEW","","","","","","","",""
"2622","05-06-2026 13:59:53","SURIN_PUNE-BFW01","-","No operator","1","test","-","-","-","107","00:11:53","00:12:31","00:00:00","00:00:00","NEW","","","","","","","",""
"2623","05-06-2026 13:59:47","SURIN-BFW_XTRON_1","-","No operator","-","No component","401001030","-","-","108","00:10:54","00:19:21","00:00:00","00:00:00","NEW","","","","","","","",""
"2624","05-06-2026 13:50:59","SURIN_PUNE-BFW02","-","No operator","-","No component","-","-","-","1926","00:19:40","00:00:51","00:00:00","00:00:00","NEW","","","","","","","",""
"2625","05-06-2026 13:32:24","SURIN_PUNE-BFW02","-","No operator","-","No component","-","-","-","1925","00:18:15","00:00:20","00:00:00","00:00:00","NEW","","","","","","","",""
"2626","05-06-2026 12:54:25","SURIN_PUNE-BFW02","-","No operator","-","No component","-","-","-","1924","00:30:28","00:07:31","00:00:00","00:00:00","NEW","","","","","","","",""
"2627","05-06-2026 12:35:59","SURIN_PUNE-BFW02","-","No operator","-","No component","-","-","-","1923","00:18:12","00:00:14","00:00:00","00:00:00","NEW","","","","","","","",""
"2628","05-06-2026 12:12:00","Ofc-Test","-","No operator","-","No component","-","-","-","303","00:00:00","12:18:00","00:00:00","00:00:00","NEW","","","","","","","",""
"2629","05-06-2026 12:02:05","SURIN_PUNE-BFW01","-","No operator","1","test","-","-","-","106","00:37:41","01:15:22","00:00:00","00:04:40","NEW","","","","","","","",""
"2630","05-06-2026 12:02:03","SURIN_PUNE-BFW02","-","No operator","-","No component","-","-","-","1922","00:19:43","00:01:04","00:00:00","00:13:08","NEW","","","","","","","",""
"2631","05-06-2026 12:01:20","SURIN_PUNE-BFW01","-","No operator","1","test","-","-","-","0","00:00:00","00:00:00","00:00:45","00:00:00","NEW","","","","","","","",""
"2632","05-06-2026 12:01:20","SURIN_PUNE-BFW02","-","No operator","-","No component","-","-","-","0","00:00:00","00:00:00","00:00:43","00:00:00","NEW","","","","","","","",""
"2633","05-06-2026 11:54:46","SURIN_PUNE-BFW02","-","No operator","-","No component","-","-","-","1922","00:02:56","00:02:49","00:00:00","00:00:49","NEW","","","","","","","",""
"2634","05-06-2026 11:17:06","SURIN_PUNE-BFW02","-","No operator","-","No component","-","-","-","1921","00:29:36","00:08:04","00:00:00","00:00:00","NEW","","","","","","","",""
"2635","05-06-2026 10:56:59","SURIN_PUNE-BFW02","-","No operator","-","No component","-","-","-","1920","00:19:39","00:00:28","00:00:00","00:00:00","NEW","","","","","","","",""
"2636","05-06-2026 10:38:23","SURIN_PUNE-BFW01","-","No operator","1","test","-","-","-","106","00:06:49","01:09:55","00:00:00","00:00:00","NEW","","","","","","","",""
"2637","05-06-2026 10:38:19","SURIN-BFW_XTRON_1","-","No operator","-","No component","7","-","2","107","00:43:53","02:31:35","00:01:25","00:04:36","NEW","","","","","","","",""
"2638","05-06-2026 10:38:06","SURIN_PUNE-BFW02","-","No operator","-","No component","-","-","-","1919","00:18:19","00:00:34","00:00:00","00:00:00","NEW","","","","","","","",""
"2639","05-06-2026 10:36:27","SURIN_PUNE-BFW01","-","No operator","1","test","-","-","-","105","00:01:13","00:00:43","00:00:00","00:00:00","NEW","","","","","","","",""
"2640","05-06-2026 10:36:23","SURIN-BFW_XTRON_1","-","No operator","-","No component","-","-","-","106","00:01:14","00:00:42","00:00:00","00:00:00","NEW","","","","","","","",""
"2641","05-06-2026 10:29:57","SURIN_PUNE-BFW01","-","No operator","1","test","-","-","-","104","00:01:05","00:05:25","00:00:00","00:00:00","NEW","","","","","","","",""
"2642","05-06-2026 10:29:52","SURIN-BFW_XTRON_1","-","No operator","-","No component","-","-","-","105","00:01:06","00:05:25","00:00:00","00:00:00","NEW","","","","","","","",""
"2643","05-06-2026 10:27:00","SURIN-BFW_XTRON_1","-","No operator","-","No component","7","-","2","104","00:01:05","00:01:48","00:00:00","00:00:00","NEW","","","","","","","",""
"2644","05-06-2026 10:26:05","SURIN_PUNE-BFW01","-","No operator","1","test","-","-","-","103","00:01:05","00:02:47","00:00:00","00:00:00","NEW","","","","","","","",""
"2645","05-06-2026 10:24:05","SURIN-BFW_XTRON_1","-","No operator","-","No component","7","-","2","103","00:01:46","00:00:51","00:00:18","00:00:00","NEW","","","","","","","",""
"2646","05-06-2026 10:23:59","SURIN_PUNE-BFW01","-","No operator","1","test","-","-","-","102","00:01:03","00:01:03","00:00:00","00:00:00","NEW","","","","","","","",""
"2647","05-06-2026 10:22:06","SURIN_PUNE-BFW01","-","No operator","1","test","-","-","-","101","00:01:05","00:00:48","00:00:00","00:00:00","NEW","","","","","","","",""
"2648","05-06-2026 10:21:54","SURIN-BFW_XTRON_1","-","No operator","-","No component","-","-","-","102","00:01:16","00:00:55","00:00:00","00:00:00","NEW","","","","","","","",""
"2649","05-06-2026 10:18:07","SURIN_PUNE-BFW01","-","No operator","1","test","-","-","-","100","00:01:11","00:02:47","00:00:00","00:00:00","NEW","","","","","","","",""
"2650","05-06-2026 10:18:02","SURIN-BFW_XTRON_1","-","No operator","-","No component","-","-","-","101","00:01:05","00:02:47","00:00:00","00:00:00","NEW","","","","","","","",""
"2651","05-06-2026 10:16:31","SURIN_PUNE-BFW01","-","No operator","1","test","-","-","-","99","00:01:04","00:00:32","00:00:00","00:00:00","NEW","","","","","","","",""
"2652","05-06-2026 10:16:26","SURIN-BFW_XTRON_1","-","No operator","-","No component","-","-","-","100","00:01:05","00:00:32","00:00:00","00:00:00","NEW","","","","","","","",""
"2653","05-06-2026 10:14:55","SURIN_PUNE-BFW01","-","No operator","1","test","-","-","-","98","00:01:05","00:00:32","00:00:00","00:00:00","NEW","","","","","","","",""
"2654","05-06-2026 10:14:48","SURIN-BFW_XTRON_1","-","No operator","-","No component","-","-","-","99","00:01:05","00:00:33","00:00:00","00:00:00","NEW","","","","","","","",""
"2655","05-06-2026 10:12:25","SURIN_PUNE-BFW01","-","No operator","1","test","-","-","-","97","00:01:08","00:01:22","00:00:00","00:00:00","NEW","","","","","","","",""
"2656","05-06-2026 10:12:19","SURIN-BFW_XTRON_1","-","No operator","-","No component","-","-","-","98","00:01:06","00:01:23","00:00:00","00:00:00","NEW","","","","","","","",""
"2657","05-06-2026 10:08:23","SURIN-BFW_XTRON_1","-","No operator","-","No component","7","-","2","97","00:01:04","00:02:52","00:00:00","00:00:00","NEW","","","","","","","",""
"2658","05-06-2026 10:07:41","SURIN_PUNE-BFW01","-","No operator","1","test","-","-","-","96","00:01:05","00:03:38","00:00:00","00:00:00","NEW","","","","","","","",""
"2659","05-06-2026 09:58:48","SURIN_PUNE-BFW01","-","No operator","1","test","-","-","-","95","00:01:02","00:07:52","00:00:00","00:00:00","NEW","","","","","","","",""
"2660","05-06-2026 09:58:43","SURIN-BFW_XTRON_1","-","No operator","-","No component","7","-","2","96","00:01:23","00:08:15","00:00:03","00:00:00","NEW","","","","","","","",""
"2661","05-06-2026 09:56:54","SURIN_PUNE-BFW01","-","No operator","1","test","-","-","-","94","00:01:04","00:00:49","00:00:00","00:00:00","NEW","","","","","","","",""
"2662","05-06-2026 09:56:49","SURIN-BFW_XTRON_1","-","No operator","-","No component","-","-","-","95","00:01:05","00:00:49","00:00:00","00:00:00","NEW","","","","","","","",""
"2663","05-06-2026 09:55:02","SURIN_PUNE-BFW02","-","No operator","-","No component","-","-","-","1918","00:31:58","00:10:59","00:00:00","00:00:00","NEW","","","","","","","",""
"2664","05-06-2026 09:55:02","SURIN_PUNE-BFW01","-","No operator","1","test","-","-","-","93","00:01:03","00:00:50","00:00:00","00:00:00","NEW","","","","","","","",""
"2665","05-06-2026 09:54:56","SURIN-BFW_XTRON_1","-","No operator","-","No component","-","-","-","94","00:01:05","00:00:49","00:00:00","00:00:00","NEW","","","","","","","",""
"2666","05-06-2026 09:52:54","SURIN_PUNE-BFW01","-","No operator","1","test","-","-","-","92","00:01:06","00:01:02","00:00:00","00:00:00","NEW","","","","","","","",""
"2667","05-06-2026 09:52:47","SURIN-BFW_XTRON_1","-","No operator","-","No component","-","-","-","93","00:01:05","00:01:04","00:00:00","00:00:00","NEW","","","","","","","",""
"2668","05-06-2026 09:51:04","SURIN_PUNE-BFW01","-","No operator","1","test","-","-","-","91","00:01:10","00:00:39","00:00:00","00:00:00","NEW","","","","","","","",""
"2669","05-06-2026 09:51:00","SURIN-BFW_XTRON_1","-","No operator","-","No component","-","-","-","92","00:01:05","00:00:43","00:00:00","00:00:00","NEW","","","","","","","",""
"2670","05-06-2026 09:48:50","SURIN_PUNE-BFW01","-","No operator","1","test","-","-","-","90","00:01:05","00:01:10","00:00:00","00:00:00","NEW","","","","","","","",""
"2671","05-06-2026 09:48:44","SURIN-BFW_XTRON_1","-","No operator","-","No component","-","-","-","91","00:01:05","00:01:11","00:00:00","00:00:00","NEW","","","","","","","",""
"2672","05-06-2026 09:47:12","SURIN_PUNE-BFW01","-","No operator","1","test","-","-","-","89","00:00:59","00:00:39","00:00:00","00:00:00","NEW","","","","","","","",""
"2673","05-06-2026 09:47:07","SURIN-BFW_XTRON_1","-","No operator","-","No component","-","-","-","90","00:00:57","00:00:40","00:00:00","00:00:00","NEW","","","","","","","",""
"2674","05-06-2026 09:45:38","SURIN_PUNE-BFW01","-","No operator","1","test","-","-","-","88","00:00:58","00:00:35","00:00:00","00:00:00","NEW","","","","","","","",""
"2675","05-06-2026 09:45:33","SURIN-BFW_XTRON_1","-","No operator","-","No component","-","-","-","89","00:00:59","00:00:35","00:00:00","00:00:00","NEW","","","","","","","",""
"2676","05-06-2026 09:42:51","SURIN_PUNE-BFW01","-","No operator","1","test","-","-","-","87","00:00:59","00:01:49","00:00:00","00:00:00","NEW","","","","","","","",""
"2677","05-06-2026 09:42:47","SURIN-BFW_XTRON_1","-","No operator","-","No component","-","-","-","88","00:00:59","00:01:48","00:00:00","00:00:00","NEW","","","","","","","",""
"2678","05-06-2026 09:41:19","SURIN_PUNE-BFW01","-","No operator","1","test","-","-","-","86","00:00:58","00:00:33","00:00:00","00:00:00","NEW","","","","","","","",""
"2679","05-06-2026 09:41:14","SURIN-BFW_XTRON_1","-","No operator","-","No component","-","-","-","87","00:01:00","00:00:33","00:00:00","00:00:00","NEW","","","","","","","",""
"2680","05-06-2026 09:39:39","SURIN_PUNE-BFW01","-","No operator","1","test","-","-","-","85","00:00:55","00:00:46","00:00:00","00:00:00","NEW","","","","","","","",""
"2681","05-06-2026 09:39:34","SURIN-BFW_XTRON_1","-","No operator","-","No component","-","-","-","86","00:00:58","00:00:43","00:00:00","00:00:00","NEW","","","","","","","",""
"2682","05-06-2026 09:38:06","SURIN_PUNE-BFW02","-","No operator","-","No component","-","-","-","1917","00:16:28","00:00:28","00:00:00","00:00:00","NEW","","","","","","","",""
"2683","05-06-2026 09:37:58","SURIN_PUNE-BFW01","-","No operator","1","test","-","-","-","84","00:00:59","00:00:41","00:00:00","00:00:00","NEW","","","","","","","",""
"2684","05-06-2026 09:37:53","SURIN-BFW_XTRON_1","-","No operator","-","No component","-","-","-","85","00:00:58","00:00:43","00:00:00","00:00:00","NEW","","","","","","","",""
"2685","05-06-2026 09:36:20","SURIN_PUNE-BFW01","-","No operator","1","test","-","-","-","83","00:00:58","00:00:40","00:00:00","00:00:00","NEW","","","","","","","",""
"2686","05-06-2026 09:36:15","SURIN-BFW_XTRON_1","-","No operator","-","No component","-","-","-","84","00:00:59","00:00:40","00:00:00","00:00:00","NEW","","","","","","","",""
"2687","05-06-2026 09:34:39","SURIN_PUNE-BFW01","-","No operator","1","test","-","-","-","82","00:00:59","00:00:42","00:00:00","00:00:00","NEW","","","","","","","",""
"2688","05-06-2026 09:34:34","SURIN-BFW_XTRON_1","-","No operator","-","No component","-","-","-","83","00:00:58","00:00:43","00:00:00","00:00:00","NEW","","","","","","","",""
"2689","05-06-2026 09:33:05","SURIN_PUNE-BFW01","-","No operator","1","test","-","-","-","81","00:00:52","00:00:43","00:00:00","00:00:00","NEW","","","","","","","",""
"2690","05-06-2026 09:33:00","SURIN-BFW_XTRON_1","-","No operator","-","No component","-","-","-","82","00:00:51","00:00:44","00:00:00","00:00:00","NEW","","","","","","","",""
"2691","05-06-2026 09:31:42","SURIN_PUNE-BFW01","-","No operator","1","test","-","-","-","80","00:00:48","00:00:35","00:00:00","00:00:00","NEW","","","","","","","",""
"2692","05-06-2026 09:31:37","SURIN-BFW_XTRON_1","-","No operator","-","No component","-","-","-","81","00:00:50","00:00:34","00:00:00","00:00:00","NEW","","","","","","","",""
"2693","05-06-2026 09:30:19","SURIN_PUNE-BFW01","-","No operator","1","test","-","-","-","79","00:00:40","00:00:43","00:00:00","00:00:00","NEW","","","","","","","",""
"2694","05-06-2026 09:30:11","SURIN-BFW_XTRON_1","-","No operator","-","No component","-","-","-","80","00:00:47","00:00:40","00:00:00","00:00:00","NEW","","","","","","","",""
"2695","05-06-2026 09:27:20","SURIN_PUNE-BFW01","-","No operator","1","test","-","-","-","78","00:00:53","00:02:07","00:00:00","00:00:00","NEW","","","","","","","",""
"2696","05-06-2026 09:27:14","SURIN-BFW_XTRON_1","-","No operator","-","No component","-","-","-","79","00:00:50","00:02:07","00:00:00","00:00:00","NEW","","","","","","","",""
"2697","05-06-2026 09:25:20","SURIN_PUNE-BFW01","-","No operator","1","test","-","-","-","77","00:00:50","00:01:09","00:00:00","00:00:00","NEW","","","","","","","",""
"2698","05-06-2026 09:25:15","SURIN-BFW_XTRON_1","-","No operator","-","No component","-","-","-","78","00:00:50","00:01:10","00:00:00","00:00:00","NEW","","","","","","","",""
"2699","05-06-2026 09:23:08","SURIN_PUNE-BFW01","-","No operator","1","test","-","-","-","76","00:00:50","00:01:23","00:00:00","00:00:00","NEW","","","","","","","",""
"2700","05-06-2026 09:23:02","SURIN-BFW_XTRON_1","-","No operator","-","No component","-","-","-","77","00:00:51","00:01:23","00:00:00","00:00:00","NEW","","","","","","","",""
"2701","05-06-2026 09:21:54","SURIN_PUNE-BFW01","-","No operator","1","test","-","-","-","75","00:00:50","00:00:24","00:00:00","00:00:00","NEW","","","","","","","",""
"2702","05-06-2026 09:21:47","SURIN-BFW_XTRON_1","-","No operator","-","No component","-","-","-","76","00:00:51","00:00:25","00:00:00","00:00:00","NEW","","","","","","","",""
"2703","05-06-2026 09:20:32","SURIN_PUNE-BFW01","-","No operator","1","test","-","-","-","74","00:00:50","00:00:32","00:00:00","00:00:00","NEW","","","","","","","",""
"2704","05-06-2026 09:20:23","SURIN-BFW_XTRON_1","-","No operator","-","No component","-","-","-","75","00:00:51","00:00:34","00:00:00","00:00:00","NEW","","","","","","","",""
"2705","05-06-2026 09:19:03","SURIN_PUNE-BFW01","-","No operator","1","test","-","-","-","73","00:00:54","00:00:35","00:00:00","00:00:00","NEW","","","","","","","",""
"2706","05-06-2026 09:18:58","SURIN-BFW_XTRON_1","-","No operator","-","No component","-","-","-","74","00:00:50","00:00:35","00:00:00","00:00:00","NEW","","","","","","","",""
"2707","05-06-2026 09:17:35","SURIN_PUNE-BFW01","-","No operator","1","test","-","-","-","72","00:00:50","00:00:39","00:00:00","00:00:00","NEW","","","","","","","",""
"2708","05-06-2026 09:17:28","SURIN-BFW_XTRON_1","-","No operator","-","No component","-","-","-","73","00:00:50","00:00:41","00:00:00","00:00:00","NEW","","","","","","","",""
"2709","05-06-2026 09:15:32","SURIN_PUNE-BFW02","-","No operator","-","No component","-","-","-","1916","00:22:08","00:00:26","00:00:00","00:00:00","NEW","","","","","","","",""
"2710","05-06-2026 09:15:06","SURIN_PUNE-BFW01","-","No operator","1","test","-","-","-","71","00:00:48","00:01:41","00:00:00","00:00:00","NEW","","","","","","","",""
"2711","05-06-2026 09:15:00","SURIN-BFW_XTRON_1","-","No operator","-","No component","-","-","-","72","00:00:50","00:01:38","00:00:00","00:00:00","NEW","","","","","","","",""
"2712","05-06-2026 09:13:01","SURIN_PUNE-BFW01","-","No operator","1","test","-","-","-","70","00:00:50","00:01:15","00:00:00","00:00:00","NEW","","","","","","","",""
"2713","05-06-2026 09:12:55","SURIN-BFW_XTRON_1","-","No operator","-","No component","-","-","-","71","00:00:49","00:01:16","00:00:00","00:00:00","NEW","","","","","","","",""
"2714","05-06-2026 09:11:34","SURIN_PUNE-BFW01","-","No operator","1","test","-","-","-","69","00:00:49","00:00:38","00:00:00","00:00:00","NEW","","","","","","","",""
"2715","05-06-2026 09:11:29","SURIN-BFW_XTRON_1","-","No operator","-","No component","-","-","-","70","00:00:50","00:00:36","00:00:00","00:00:00","NEW","","","","","","","",""
"2716","05-06-2026 09:09:40","SURIN_PUNE-BFW01","-","No operator","1","test","-","-","-","68","00:00:50","00:01:04","00:00:00","00:00:00","NEW","","","","","","","",""
"2717","05-06-2026 09:09:35","SURIN-BFW_XTRON_1","-","No operator","-","No component","-","-","-","69","00:00:50","00:01:05","00:00:00","00:00:00","NEW","","","","","","","",""
"2718","05-06-2026 09:08:07","SURIN_PUNE-BFW01","-","No operator","1","test","-","-","-","67","00:00:49","00:00:44","00:00:00","00:00:00","NEW","","","","","","","",""
"2719","05-06-2026 09:08:02","SURIN-BFW_XTRON_1","-","No operator","-","No component","-","-","-","68","00:00:49","00:00:44","00:00:00","00:00:00","NEW","","","","","","","",""
"2720","05-06-2026 09:06:25","SURIN-BFW_XTRON_1","-","No operator","-","No component","-","-","-","67","00:00:45","00:00:53","00:00:00","00:00:00","NEW","","","","","","","",""
"2721","05-06-2026 09:06:21","SURIN_PUNE-BFW01","-","No operator","1","test","-","-","-","66","00:00:45","00:01:01","00:00:00","00:00:00","NEW","","","","","","","",""
"2722","05-06-2026 09:04:59","SURIN_PUNE-BFW01","-","No operator","1","test","-","-","-","65","00:00:51","00:00:31","00:00:00","00:00:00","NEW","","","","","","","",""
"2723","05-06-2026 09:04:55","SURIN-BFW_XTRON_1","-","No operator","-","No component","-","-","-","66","00:00:57","00:00:34","00:00:00","00:00:00","NEW","","","","","","","",""
"2724","05-06-2026 09:03:31","SURIN_PUNE-BFW01","-","No operator","1","test","-","-","-","64","00:00:47","00:00:42","00:00:00","00:00:00","NEW","","","","","","","",""
"2725","05-06-2026 09:03:24","SURIN-BFW_XTRON_1","-","No operator","-","No component","-","-","-","65","00:00:55","00:00:36","00:00:00","00:00:00","NEW","","","","","","","",""
"2726","05-06-2026 09:02:05","SURIN_PUNE-BFW01","-","No operator","1","test","-","-","-","63","00:00:55","00:00:31","00:00:00","00:00:00","NEW","","","","","","","",""
"2727","05-06-2026 09:02:00","SURIN-BFW_XTRON_1","-","No operator","-","No component","-","-","-","64","00:00:55","00:00:30","00:00:00","00:00:00","NEW","","","","","","","",""
"2728","05-06-2026 09:00:02","SURIN_PUNE-BFW01","-","No operator","1","test","-","-","-","62","00:00:54","00:01:08","00:00:00","00:00:00","NEW","","","","","","","",""
"2729","05-06-2026 08:59:59","SURIN-BFW_XTRON_1","-","No operator","-","No component","-","-","-","63","00:00:43","00:01:19","00:00:00","00:00:00","NEW","","","","","","","",""
"2730","05-06-2026 08:54:48","SURIN_PUNE-BFW02","-","No operator","-","No component","-","-","-","1915","00:15:45","00:01:12","00:00:00","00:02:47","NEW","","","","","","","",""
"2731","05-06-2026 08:54:48","SURIN_PUNE-BFW01","-","No operator","1","test","-","-","-","61","00:00:31","00:00:42","00:00:00","00:04:02","NEW","","","","","","","",""
"2732","05-06-2026 08:51:20","SURIN_PUNE-BFW01","-","No operator","1","test","-","-","-","0","00:00:00","00:00:00","00:03:27","00:00:00","NEW","","","","","","","",""
"2733","05-06-2026 08:51:18","SURIN_PUNE-BFW02","-","No operator","-","No component","-","-","-","0","00:00:00","00:00:00","00:03:30","00:00:00","NEW","","","","","","","",""
"2734","05-06-2026 08:49:04","SURIN_PUNE-BFW01","-","No operator","1","test","-","-","-","61","00:01:35","00:00:42","00:00:00","00:00:00","NEW","","","","","","","",""
"2735","05-06-2026 08:49:01","SURIN-BFW_XTRON_1","-","No operator","-","No component","7","-","2","62","00:01:48","00:02:14","00:04:13","00:02:43","NEW","","","","","","","",""
"2736","05-06-2026 08:47:01","SURIN_PUNE-BFW01","-","No operator","1","test","-","-","-","60","00:00:57","00:01:07","00:00:00","00:00:00","NEW","","","","","","","",""
"2737","05-06-2026 08:46:50","SURIN-BFW_XTRON_1","-","No operator","-","No component","-","-","-","61","00:00:58","00:01:13","00:00:00","00:00:00","NEW","","","","","","","",""
"2738","05-06-2026 08:45:42","SURIN_PUNE-BFW01","-","No operator","1","test","-","-","-","59","00:00:59","00:00:20","00:00:00","00:00:00","NEW","","","","","","","",""
"2739","05-06-2026 08:45:35","SURIN-BFW_XTRON_1","-","No operator","-","No component","-","-","-","60","00:00:53","00:00:23","00:00:00","00:00:00","NEW","","","","","","","",""
"2740","05-06-2026 08:42:41","SURIN_PUNE-BFW01","-","No operator","1","test","-","-","-","58","00:01:00","00:02:01","00:00:00","00:00:00","NEW","","","","","","","",""
"2741","05-06-2026 08:42:36","SURIN-BFW_XTRON_1","-","No operator","-","No component","-","-","-","59","00:00:58","00:02:01","00:00:00","00:00:00","NEW","","","","","","","",""
"2742","05-06-2026 08:40:50","SURIN_PUNE-BFW01","-","No operator","1","test","-","-","-","57","00:00:54","00:00:57","00:00:00","00:00:00","NEW","","","","","","","",""
"2743","05-06-2026 08:40:44","SURIN-BFW_XTRON_1","-","No operator","-","No component","-","-","-","58","00:00:54","00:00:59","00:00:00","00:00:00","NEW","","","","","","","",""
"2744","05-06-2026 08:38:42","SURIN_PUNE-BFW01","-","No operator","1","test","-","-","-","56","00:00:54","00:01:14","00:00:00","00:00:00","NEW","","","","","","","",""
"2745","05-06-2026 08:38:36","SURIN-BFW_XTRON_1","-","No operator","-","No component","-","-","-","57","00:00:53","00:01:15","00:00:00","00:00:00","NEW","","","","","","","",""
"2746","05-06-2026 08:37:08","SURIN_PUNE-BFW01","-","No operator","1","test","-","-","-","55","00:00:47","00:00:46","00:00:00","00:00:00","NEW","","","","","","","",""
"2747","05-06-2026 08:37:03","SURIN-BFW_XTRON_1","-","No operator","-","No component","-","-","-","56","00:00:54","00:00:39","00:00:00","00:00:00","NEW","","","","","","","",""
"2748","05-06-2026 08:35:30","SURIN_PUNE-BFW01","-","No operator","1","test","-","-","-","54","00:00:54","00:00:44","00:00:00","00:00:00","NEW","","","","","","","",""
"2749","05-06-2026 08:35:25","SURIN-BFW_XTRON_1","-","No operator","-","No component","-","-","-","55","00:00:54","00:00:44","00:00:00","00:00:00","NEW","","","","","","","",""
"2750","05-06-2026 08:33:40","SURIN_PUNE-BFW01","-","No operator","1","test","-","-","-","53","00:00:49","00:01:01","00:00:00","00:00:00","NEW","","","","","","","",""
"2751","05-06-2026 08:33:35","SURIN-BFW_XTRON_1","-","No operator","-","No component","-","-","-","54","00:00:54","00:00:57","00:00:00","00:00:00","NEW","","","","","","","",""
"2752","05-06-2026 08:32:15","SURIN_PUNE-BFW01","-","No operator","1","test","-","-","-","52","00:00:54","00:00:31","00:00:00","00:00:00","NEW","","","","","","","",""
"2753","05-06-2026 08:32:09","SURIN-BFW_XTRON_1","-","No operator","-","No component","-","-","-","53","00:00:54","00:00:32","00:00:00","00:00:00","NEW","","","","","","","",""
"2754","05-06-2026 08:30:37","SURIN_PUNE-BFW01","-","No operator","1","test","-","-","-","51","00:00:53","00:00:44","00:00:00","00:00:00","NEW","","","","","","","",""
"2755","05-06-2026 08:30:32","SURIN-BFW_XTRON_1","-","No operator","-","No component","-","-","-","52","00:00:54","00:00:43","00:00:00","00:00:00","NEW","","","","","","","",""
"2756","05-06-2026 08:20:12","SURIN_PUNE-BFW01","-","No operator","1","test","-","-","-","50","00:00:35","00:09:50","00:00:00","00:00:00","NEW","","","","","","","",""
"2757","05-06-2026 08:20:02","SURIN-BFW_XTRON_1","-","No operator","-","No component","7","-","2","51","00:00:10","00:10:17","00:00:04","00:00:00","NEW","","","","","","","",""
"2758","05-06-2026 08:17:08","SURIN_PUNE-BFW01","-","No operator","1","test","-","-","-","49","00:00:55","00:02:09","00:00:00","00:00:00","NEW","","","","","","","",""
"2759","05-06-2026 08:17:03","SURIN-BFW_XTRON_1","-","No operator","-","No component","7","-","2","50","00:00:21","00:02:36","00:00:03","00:00:00","NEW","","","","","","","",""
"2760","05-06-2026 08:13:47","SURIN_PUNE-BFW01","-","No operator","1","test","-","-","-","48","00:00:50","00:02:30","00:00:00","00:00:00","NEW","","","","","","","",""
"2761","05-06-2026 08:13:42","SURIN-BFW_XTRON_1","-","No operator","-","No component","-","-","-","49","00:00:47","00:02:34","00:00:00","00:00:00","NEW","","","","","","","",""
"2762","05-06-2026 08:10:23","SURIN-BFW_XTRON_1","-","No operator","-","No component","7","-","2","48","00:01:18","00:02:01","00:00:00","00:00:00","NEW","","","","","","","",""
"2763","05-06-2026 08:10:20","SURIN_PUNE-BFW01","-","No operator","1","test","-","-","-","47","00:01:19","00:02:08","00:00:00","00:00:00","NEW","","","","","","","",""
"2764","05-06-2026 08:06:53","SURIN_PUNE-BFW01","-","No operator","1","test","-","-","-","46","00:00:54","00:02:33","00:00:00","00:00:00","NEW","","","","","","","",""
"2765","05-06-2026 08:06:48","SURIN-BFW_XTRON_1","-","No operator","-","No component","7","-","2","47","00:00:00","00:02:28","00:01:07","00:00:00","NEW","","","","","","","",""
"2766","05-06-2026 08:04:10","SURIN_PUNE-BFW01","-","No operator","1","test","-","-","-","45","00:00:47","00:01:57","00:00:00","00:00:00","NEW","","","","","","","",""
"2767","05-06-2026 08:04:05","SURIN-BFW_XTRON_1","-","No operator","-","No component","7","-","2","46","00:00:19","00:01:49","00:00:36","00:00:00","NEW","","","","","","","",""
"2768","05-06-2026 08:00:58","SURIN_PUNE-BFW01","-","No operator","1","test","-","-","-","44","00:00:59","00:02:13","00:00:00","00:00:00","NEW","","","","","","","",""
"2769","05-06-2026 08:00:54","SURIN-BFW_XTRON_1","-","No operator","-","No component","-","-","-","45","00:01:01","00:02:11","00:00:00","00:00:00","NEW","","","","","","","",""
"2770","05-06-2026 06:58:32","SURIN_PUNE-BFW02","-","No operator","-","No component","-","-","-","1915","00:31:43","01:19:12","00:00:00","00:00:00","NEW","","","","","","","",""
"2771","05-06-2026 06:36:38","SURIN_PUNE-BFW01","-","No operator","1","test","-","-","-","43","00:03:32","01:10:13","00:00:00","00:06:51","NEW","","","","","","","",""
"2772","05-06-2026 06:36:38","SURIN_PUNE-BFW02","-","No operator","-","No component","-","-","-","1914","00:20:25","00:01:00","00:00:00","00:00:29","NEW","","","","","","","",""
"2773","05-06-2026 06:36:12","SURIN_PUNE-BFW01","-","No operator","1","test","-","-","-","0","00:00:00","00:00:00","00:00:26","00:00:00","NEW","","","","","","","",""
"2774","05-06-2026 06:36:12","SURIN_PUNE-BFW02","-","No operator","-","No component","-","-","-","0","00:00:00","00:00:00","00:00:26","00:00:00","NEW","","","","","","","",""
"2775","05-06-2026 06:34:30","SURIN_PUNE-BFW01","-","No operator","1","test","-","-","-","43","00:00:00","00:00:00","00:00:00","00:01:42","NEW","","","","","","","",""
"2776","05-06-2026 06:34:30","SURIN_PUNE-BFW02","-","No operator","-","No component","-","-","-","1914","00:00:00","00:01:14","00:00:00","00:00:28","NEW","","","","","","","",""
"2777","05-06-2026 06:32:05","SURIN_PUNE-BFW01","-","No operator","1","test","-","-","-","0","00:00:00","00:00:00","00:02:25","00:00:00","NEW","","","","","","","",""
"2778","05-06-2026 06:32:05","SURIN_PUNE-BFW02","-","No operator","-","No component","-","-","-","0","00:00:00","00:00:00","00:02:25","00:00:00","NEW","","","","","","","",""
"2779","05-06-2026 06:20:38","SURIN_PUNE-BFW02","-","No operator","-","No component","-","-","-","1914","00:07:55","00:03:32","00:00:00","00:00:00","NEW","","","","","","","",""
"2780","05-06-2026 05:55:43","SURIN_PUNE-BFW02","-","No operator","-","No component","-","-","-","1913","00:23:36","00:00:01","00:00:00","00:01:16","NEW","","","","","","","",""
"2781","05-06-2026 05:16:57","SURIN_PUNE-BFW01","-","No operator","1","test","-","-","-","43","00:00:00","01:10:39","00:00:00","00:04:29","NEW","","","","","","","",""
"2782","05-06-2026 05:16:51","SURIN_PUNE-BFW02","-","No operator","-","No component","-","-","-","1912","00:32:19","00:05:30","00:00:00","00:01:04","NEW","","","","","","","",""
"2783","05-06-2026 05:13:05","SURIN_PUNE-BFW01","-","No operator","1","test","-","-","-","0","00:00:00","00:00:00","00:03:52","00:00:00","NEW","","","","","","","",""
"2784","05-06-2026 05:13:05","SURIN_PUNE-BFW02","-","No operator","-","No component","-","-","-","0","00:00:00","00:00:00","00:03:46","00:00:00","NEW","","","","","","","",""
"2785","05-06-2026 04:47:03","SURIN_PUNE-BFW02","-","No operator","-","No component","-","-","-","1912","00:15:27","00:10:29","00:00:00","00:00:00","NEW","","","","","","","",""
"2786","05-06-2026 04:24:28","SURIN_PUNE-BFW02","-","No operator","-","No component","-","-","-","1911","00:22:02","00:00:32","00:00:00","00:00:00","NEW","","","","","","","",""
"2787","05-06-2026 04:10:24","SURIN_PUNE-BFW01","-","No operator","1","test","-","-","-","43","00:34:42","00:25:06","00:00:00","00:00:01","NEW","","","","","","","",""
"2788","05-06-2026 04:10:20","SURIN-BFW_XTRON_1","-","No operator","-","No component","1||7","-","2","44","00:37:01","02:51:53","00:09:39","00:12:01","NEW","","","","","","","",""
"2789","05-06-2026 04:03:19","SURIN_PUNE-BFW02","-","No operator","-","No component","-","-","-","1910","00:20:26","00:00:43","00:00:00","00:00:00","NEW","","","","","","","",""
"2790","05-06-2026 03:59:02","SURIN_PUNE-BFW01","-","No operator","1","test","-","-","-","42","00:10:15","00:01:07","00:00:00","00:00:00","NEW","","","","","","","",""
"2791","05-06-2026 03:58:57","SURIN-BFW_XTRON_1","-","No operator","-","No component","-","-","-","43","00:10:14","00:01:09","00:00:00","00:00:00","NEW","","","","","","","",""
"2792","05-06-2026 03:11:20","SURIN_PUNE-BFW02","-","No operator","-","No component","-","-","-","1909","00:39:33","00:12:26","00:00:00","00:00:00","NEW","","","","","","","",""
"2793","05-06-2026 02:54:38","SURIN_PUNE-BFW02","-","No operator","-","No component","-","-","-","1908","00:16:30","00:00:12","00:00:00","00:00:00","NEW","","","","","","","",""
"2794","05-06-2026 02:50:05","SURIN-BFW_XTRON_1","-","No operator","-","No component","1","-","2","42","00:39:14","00:28:48","00:00:51","00:00:00","NEW","","","","","","","",""
"2795","05-06-2026 02:49:05","SURIN_PUNE-BFW01","-","No operator","1","test","-","-","-","41","00:39:15","00:24:49","00:00:00","00:00:00","NEW","","","","","","","",""
"2796","05-06-2026 02:36:29","SURIN_PUNE-BFW02","-","No operator","-","No component","-","-","-","1907","00:18:07","00:00:02","00:00:00","00:00:00","NEW","","","","","","","",""
"2797","05-06-2026 01:50:06","SURIN-BFW_XTRON_1","-","No operator","-","No component","1","-","2","41","00:31:47","00:22:50","00:05:23","00:00:00","NEW","","","","","","","",""
"2798","05-06-2026 01:50:02","SURIN_PUNE-BFW01","-","No operator","1","test","-","-","-","40","00:35:06","00:13:01","00:00:00","00:00:00","NEW","","","","","","","",""
"2799","05-06-2026 01:43:55","SURIN_PUNE-BFW02","-","No operator","-","No component","-","-","-","1906","00:38:40","00:13:55","00:00:00","00:00:00","NEW","","","","","","","",""
"2800","05-06-2026 01:25:46","SURIN_PUNE-BFW02","-","No operator","-","No component","-","-","-","1905","00:17:51","00:00:18","00:00:00","00:00:00","NEW","","","","","","","",""
"2801","05-06-2026 01:09:00","SURIN_PUNE-BFW02","-","No operator","-","No component","-","-","-","1904","00:16:41","00:00:05","00:00:00","00:00:00","NEW","","","","","","","",""
"2802","05-06-2026 00:30:00","Ofc-Test","-","No operator","-","No component","-","-","-","303","00:00:00","08:00:00","00:00:00","00:00:00","NEW","","","","","","","",""
"2803","05-06-2026 00:26:45","SURIN_PUNE-BFW01","-","No operator","1","test","-","-","-","39","00:05:40","01:17:37","00:00:00","00:00:00","NEW","","","","","","","",""
"2804","05-06-2026 00:26:41","SURIN-BFW_XTRON_1","-","No operator","-","No component","1","-","2","40","00:05:37","01:17:37","00:00:11","00:00:00","NEW","","","","","","","",""
"2805","04-06-2026 23:08:26","SURIN_PUNE-BFW01","-","No operator","1","test","-","-","-","38","01:10:58","00:05:07","00:00:00","00:00:00","NEW","","","","","","","",""
"2806","04-06-2026 23:08:21","SURIN-BFW_XTRON_1","-","No operator","-","No component","-","-","-","39","01:10:59","00:07:21","00:00:00","00:00:00","NEW","","","","","","","",""
"2807","04-06-2026 22:45:59","SURIN_PUNE-BFW02","-","No operator","-","No component","-","-","-","1903","02:13:18","00:09:43","00:00:00","00:00:00","NEW","","","","","","","",""
"2808","04-06-2026 22:27:48","SURIN_PUNE-BFW02","-","No operator","-","No component","-","-","-","1902","00:16:34","00:01:36","00:00:00","00:00:00","NEW","","","","","","","",""
"2809","04-06-2026 22:13:08","SURIN_PUNE-BFW01","-","No operator","1","test","-","-","-","37","00:34:53","00:15:22","00:00:00","00:00:00","NEW","","","","","","","",""
"2810","04-06-2026 22:13:03","SURIN-BFW_XTRON_1","-","No operator","-","No component","-","-","-","38","00:34:52","00:20:27","00:00:00","00:00:00","NEW","","","","","","","",""
"2811","04-06-2026 22:07:03","SURIN_PUNE-BFW01","-","No operator","1","test","-","-","-","36","00:05:29","00:00:36","00:00:00","00:00:00","NEW","","","","","","","",""
"2812","04-06-2026 22:07:00","SURIN-BFW_XTRON_1","-","No operator","-","No component","-","-","-","37","00:05:30","00:00:34","00:00:00","00:00:00","NEW","","","","","","","",""
"2813","04-06-2026 22:05:06","SURIN_PUNE-BFW02","-","No operator","-","No component","-","-","-","1901","00:18:09","00:04:33","00:00:00","00:00:00","NEW","","","","","","","",""
"2814","04-06-2026 21:39:30","SURIN_PUNE-BFW01","-","No operator","1","test","-","-","-","35","00:22:45","00:03:12","00:00:00","00:00:00","NEW","","","","","","","",""
"2815","04-06-2026 21:39:25","SURIN-BFW_XTRON_1","-","No operator","-","No component","-","-","-","36","00:22:50","00:04:45","00:00:00","00:00:00","NEW","","","","","","","",""
"2816","04-06-2026 21:14:41","SURIN_PUNE-BFW02","-","No operator","-","No component","-","-","-","1900","00:42:24","00:08:01","00:00:00","00:00:00","NEW","","","","","","","",""
"2817","04-06-2026 20:55:10","SURIN_PUNE-BFW02","-","No operator","-","No component","-","-","-","1899","00:17:39","00:01:51","00:00:00","00:00:00","NEW","","","","","","","",""
"2818","04-06-2026 20:38:31","SURIN_PUNE-BFW01","-","No operator","1","test","-","-","-","34","00:42:18","00:11:25","00:00:00","00:00:00","NEW","","","","","","","",""
"2819","04-06-2026 20:38:27","SURIN-BFW_XTRON_1","-","No operator","-","No component","1","-","2","35","00:42:10","00:18:20","00:00:29","00:00:00","NEW","","","","","","","",""
"2820","04-06-2026 20:37:43","SURIN_PUNE-BFW02","-","No operator","-","No component","-","-","-","1898","00:16:48","00:00:40","00:00:00","00:00:00","NEW","","","","","","","",""
"2821","04-06-2026 20:32:50","SURIN_PUNE-BFW01","-","No operator","1","test","-","-","-","33","00:05:28","00:00:13","00:00:00","00:00:00","NEW","","","","","","","",""
"2822","04-06-2026 20:32:46","SURIN-BFW_XTRON_1","-","No operator","-","No component","-","-","-","34","00:05:28","00:00:13","00:00:00","00:00:00","NEW","","","","","","","",""
"2823","04-06-2026 20:04:50","SURIN_PUNE-BFW01","-","No operator","1","test","-","-","-","32","00:22:51","00:03:42","00:00:00","00:00:00","NEW","","","","","","","",""
"2824","04-06-2026 20:04:46","SURIN-BFW_XTRON_1","-","No operator","-","No component","-","-","-","33","00:22:52","00:05:09","00:00:00","00:00:00","NEW","","","","","","","",""
"2825","04-06-2026 19:48:18","SURIN_PUNE-BFW02","-","No operator","-","No component","-","-","-","1897","00:41:34","00:07:51","00:00:00","00:00:00","NEW","","","","","","","",""
"2826","04-06-2026 19:30:59","SURIN_PUNE-BFW02","-","No operator","-","No component","-","-","-","1896","00:16:49","00:00:30","00:00:00","00:00:00","NEW","","","","","","","",""
"2827","04-06-2026 18:52:48","SURIN_PUNE-BFW01","-","No operator","1","test","-","-","-","31","00:42:26","00:20:44","00:00:00","00:00:00","NEW","","","","","","","",""
"2828","04-06-2026 18:52:43","SURIN-BFW_XTRON_1","-","No operator","-","No component","1","-","2","32","00:43:49","00:23:24","00:04:51","00:00:00","NEW","","","","","","","",""
"2829","04-06-2026 18:34:48","SURIN_PUNE-BFW01","-","No operator","1","test","-","-","-","30","00:05:25","00:12:34","00:00:00","00:00:00","NEW","","","","","","","",""
"2830","04-06-2026 18:34:40","SURIN-BFW_XTRON_1","-","No operator","-","No component","1","-","2","31","00:05:26","00:12:23","00:00:15","00:00:00","NEW","","","","","","","",""
"2831","04-06-2026 17:58:28","SURIN_PUNE-BFW01","-","No operator","1","test","-","-","-","29","00:25:38","00:09:05","00:00:00","00:00:00","NEW","","","","","","","",""
"2832","04-06-2026 17:58:24","SURIN-BFW_XTRON_1","-","No operator","-","No component","1","-","2","30","00:18:22","00:10:42","00:07:13","00:00:00","NEW","","","","","","","",""
"2833","04-06-2026 17:57:16","SURIN_PUNE-BFW02","-","No operator","-","No component","-","-","-","1895","00:21:28","01:12:10","00:00:00","00:00:00","NEW","","","","","","","",""
"2834","04-06-2026 16:55:16","SURIN_PUNE-BFW01","-","No operator","1","test","-","-","-","28","00:38:14","00:17:45","00:00:00","00:00:04","NEW","","","","","","","",""
"2835","04-06-2026 16:55:12","SURIN-BFW_XTRON_1","-","No operator","-","No component","1","-","2","29","00:37:45","00:25:13","00:00:10","00:00:04","NEW","","","","","","","",""
"2836","04-06-2026 16:49:05","SURIN_PUNE-BFW01","-","No operator","1","test","-","-","-","27","00:05:48","00:00:23","00:00:00","00:00:00","NEW","","","","","","","",""
"2837","04-06-2026 16:49:01","SURIN-BFW_XTRON_1","-","No operator","-","No component","-","-","-","28","00:05:48","00:00:24","00:00:00","00:00:00","NEW","","","","","","","",""
"2838","04-06-2026 14:28:04","Ofc-Test","-","No operator","-","No component","-","-","-","303","00:00:00","10:01:55","00:00:00","00:00:00","NEW","","","","","","","",""
"2839","04-06-2026 14:28:04","Ofc-Test","-","No operator","-","No component","-","-","-","0","00:00:00","00:00:00","00:00:00","00:00:00","NEW","","","","","","","",""
"2840","04-06-2026 14:18:34","SURIN_PUNE-BFW02","-","No operator","-","No component","-","-","-","1894","00:54:52","02:27:35","00:00:00","00:04:53","NEW","","","","","","","",""
"2841","04-06-2026 14:18:34","SURIN_PUNE-BFW01","-","No operator","1","test","-","-","-","26","00:33:56","01:29:12","00:00:00","00:24:26","NEW","","","","","","","",""
"2842","04-06-2026 14:18:20","SURIN_PUNE-BFW02","-","No operator","-","No component","-","-","-","0","00:00:00","00:00:00","00:00:14","00:00:00","NEW","","","","","","","",""
"2843","04-06-2026 14:18:20","SURIN_PUNE-BFW01","-","No operator","1","test","-","-","-","0","00:00:00","00:00:00","00:00:14","00:00:00","NEW","","","","","","","",""
"2844","04-06-2026 14:13:58","SURIN_PUNE-BFW01","-","No operator","1","test","-","-","-","26","00:00:00","00:00:00","00:00:00","00:04:22","NEW","","","","","","","",""
"2845","04-06-2026 14:13:57","SURIN_PUNE-BFW02","-","No operator","-","No component","-","-","-","1894","00:00:00","00:00:13","00:00:00","00:02:31","NEW","","","","","","","",""
"2846","04-06-2026 14:08:20","SURIN_PUNE-BFW02","-","No operator","-","No component","-","-","-","0","00:00:00","00:00:00","00:05:37","00:00:00","NEW","","","","","","","",""
"2847","04-06-2026 14:08:12","SURIN_PUNE-BFW01","-","No operator","1","test","-","-","-","0","00:00:00","00:00:00","00:05:46","00:00:00","NEW","","","","","","","",""
"2848","04-06-2026 13:56:05","Ofc-Test","-","No operator","-","No component","-","-","-","303","00:00:00","00:31:59","00:00:00","00:00:00","NEW","","","","","","","",""
"2849","04-06-2026 13:56:04","Ofc-Test","-","No operator","-","No component","-","-","-","0","00:00:00","00:00:00","00:00:00","00:00:00","NEW","","","","","","","",""
"2850","04-06-2026 13:52:36","SURIN_PUNE-BFW02","-","No operator","-","No component","-","-","-","1894","00:00:00","00:15:44","00:00:00","00:00:00","NEW","","","","","","","",""
"2851","04-06-2026 13:46:05","Ofc-Test","-","No operator","-","No component","-","-","-","303","00:00:00","00:10:00","00:00:00","00:00:00","NEW","","","","","","","",""
"2852","04-06-2026 13:46:04","Ofc-Test","-","No operator","-","No component","-","-","-","0","00:00:00","00:00:00","00:00:00","00:00:00","NEW","","","","","","","",""
"2853","04-06-2026 13:42:04","Ofc-Test","-","No operator","-","No component","-","-","-","303","00:00:00","00:04:00","00:00:00","00:00:00","NEW","","","","","","","",""
"2854","04-06-2026 13:42:04","Ofc-Test","-","No operator","-","No component","-","-","-","0","00:00:00","00:00:00","00:00:00","00:00:00","NEW","","","","","","","",""
"2855","04-06-2026 13:26:19","SURIN_PUNE-BFW01","-","No operator","1","test","-","-","-","26","00:00:00","00:41:53","00:00:00","00:00:00","NEW","","","","","","","",""
"2856","04-06-2026 13:26:15","SURIN-BFW_XTRON_1","-","No operator","-","No component","1","-","2","27","00:33:56","02:12:05","00:08:53","00:27:53","NEW","","","","","","","",""
"2857","04-06-2026 12:58:04","Ofc-Test","-","No operator","-","No component","-","-","-","303","00:00:00","00:44:00","00:00:00","00:00:00","NEW","","","","","","","",""
"2858","04-06-2026 12:58:04","Ofc-Test","-","No operator","-","No component","-","-","-","0","00:00:00","00:00:00","00:00:00","00:00:00","NEW","","","","","","","",""
"2859","04-06-2026 12:48:04","Ofc-Test","-","No operator","-","No component","-","-","-","303","00:00:00","00:10:00","00:00:00","00:00:00","NEW","","","","","","","",""
"2860","04-06-2026 12:48:04","Ofc-Test","-","No operator","-","No component","-","-","-","0","00:00:00","00:00:00","00:00:00","00:00:00","NEW","","","","","","","",""
"2861","04-06-2026 12:44:04","Ofc-Test","-","No operator","-","No component","-","-","-","303","00:00:00","00:04:00","00:00:00","00:00:00","NEW","","","","","","","",""
"2862","04-06-2026 12:44:04","Ofc-Test","-","No operator","-","No component","-","-","-","0","00:00:00","00:00:00","00:00:00","00:00:00","NEW","","","","","","","",""
"2863","04-06-2026 12:34:04","Ofc-Test","-","No operator","-","No component","-","-","-","303","00:00:00","00:10:00","00:00:00","00:00:00","NEW","","","","","","","",""
"2864","04-06-2026 12:34:04","Ofc-Test","-","No operator","-","No component","-","-","-","0","00:00:00","00:00:00","00:00:00","00:00:00","NEW","","","","","","","",""
"2865","04-06-2026 12:26:47","SURIN_PUNE-BFW02","-","No operator","-","No component","-","-","-","1893","00:23:16","00:59:36","00:00:00","00:00:00","NEW","","","","","","","",""
"2866","04-06-2026 12:24:04","Ofc-Test","-","No operator","-","No component","-","-","-","303","00:00:00","00:10:00","00:00:00","00:00:00","NEW","","","","","","","",""
"2867","04-06-2026 12:24:04","Ofc-Test","-","No operator","-","No component","-","-","-","0","00:00:00","00:00:00","00:00:00","00:00:00","NEW","","","","","","","",""
"2868","04-06-2026 12:20:05","Ofc-Test","-","No operator","-","No component","-","-","-","303","00:00:00","00:03:59","00:00:00","00:00:00","NEW","","","","","","","",""
"2869","04-06-2026 12:20:04","Ofc-Test","-","No operator","-","No component","-","-","-","0","00:00:00","00:00:01","00:00:00","00:00:00","NEW","","","","","","","",""
"2870","04-06-2026 12:14:05","Ofc-Test","-","No operator","-","No component","-","-","-","303","00:00:00","00:05:59","00:00:00","00:00:00","NEW","","","","","","","",""
"2871","04-06-2026 12:14:04","Ofc-Test","-","No operator","-","No component","-","-","-","0","00:00:00","00:00:01","00:00:00","00:00:00","NEW","","","","","","","",""
"2872","04-06-2026 12:12:00","Ofc-Test","-","No operator","-","No component","-","-","-","303","00:00:00","00:02:04","00:00:00","00:00:00","NEW","","","","","","","",""
"2873","04-06-2026 12:10:16","SURIN_PUNE-BFW01","-","No operator","1","test","-","-","-","25","00:48:16","00:24:24","00:00:00","00:00:02","NEW","","","","","","","",""
"2874","04-06-2026 12:10:12","SURIN-BFW_XTRON_1","-","No operator","-","No component","-","-","-","26","00:48:16","00:27:46","00:00:00","00:00:02","NEW","","","","","","","",""
"2875","04-06-2026 12:06:05","Ofc-Test","-","No operator","-","No component","-","-","-","303","00:00:00","00:05:55","00:00:00","00:00:00","NEW","","","","","","","",""
"2876","04-06-2026 12:06:04","Ofc-Test","-","No operator","-","No component","-","-","-","0","00:00:00","00:00:01","00:00:00","00:00:00","NEW","","","","","","","",""
"2877","04-06-2026 12:04:06","Ofc-Test","-","No operator","-","No component","-","-","-","303","00:00:00","00:01:58","00:00:00","00:00:00","NEW","","","","","","","",""
"2878","04-06-2026 12:04:04","Ofc-Test","-","No operator","-","No component","-","-","-","0","00:00:00","00:00:02","00:00:00","00:00:00","NEW","","","","","","","",""
"2879","04-06-2026 11:56:31","SURIN_PUNE-BFW01","-","No operator","1","test","-","-","-","24","00:12:44","00:01:01","00:00:00","00:00:00","NEW","","","","","","","",""
"2880","04-06-2026 11:56:27","SURIN-BFW_XTRON_1","-","No operator","-","No component","-","-","-","25","00:12:43","00:01:02","00:00:00","00:00:00","NEW","","","","","","","",""
"2881","04-06-2026 11:54:04","Ofc-Test","-","No operator","-","No component","-","-","-","303","00:00:00","00:10:00","00:00:00","00:00:00","NEW","","","","","","","",""
"2882","04-06-2026 11:54:04","Ofc-Test","-","No operator","-","No component","-","-","-","0","00:00:00","00:00:00","00:00:00","00:00:00","NEW","","","","","","","",""
"2883","04-06-2026 11:17:13","SURIN_PUNE-BFW01","-","No operator","1","test","-","-","-","23","00:31:31","00:05:00","00:00:00","00:00:00","NEW","","","","","","","",""
"2884","04-06-2026 11:17:11","SURIN-BFW_XTRON_1","-","No operator","-","No component","-","-","-","24","00:31:30","00:07:47","00:00:00","00:00:00","NEW","","","","","","","",""
"2885","04-06-2026 11:12:04","Ofc-Test","-","No operator","-","No component","-","-","-","303","00:00:00","00:42:00","00:00:00","00:00:00","NEW","","","","","","","",""
"2886","04-06-2026 11:12:04","Ofc-Test","-","No operator","-","No component","-","-","-","0","00:00:00","00:00:00","00:00:00","00:00:00","NEW","","","","","","","",""
"2887","04-06-2026 11:00:04","Ofc-Test","-","No operator","-","No component","-","-","-","303","00:00:00","00:12:00","00:00:00","00:00:00","NEW","","","","","","","",""
"2888","04-06-2026 11:00:04","Ofc-Test","-","No operator","-","No component","-","-","-","0","00:00:00","00:00:00","00:00:00","00:00:00","NEW","","","","","","","",""
"2889","04-06-2026 10:58:04","Ofc-Test","-","No operator","-","No component","-","-","-","303","00:00:00","00:02:00","00:00:00","00:00:00","NEW","","","","","","","",""
"2890","04-06-2026 10:58:04","Ofc-Test","-","No operator","-","No component","-","-","-","0","00:00:00","00:00:00","00:00:00","00:00:00","NEW","","","","","","","",""
"2891","04-06-2026 10:48:54","SURIN_PUNE-BFW01","-","No operator","1","test","-","-","-","22","00:25:41","00:01:14","00:00:00","00:01:24","NEW","","","","","","","",""
"2892","04-06-2026 10:48:54","SURIN_PUNE-BFW02","-","No operator","-","No component","-","-","-","1892","00:25:15","00:55:03","00:00:00","00:08:11","NEW","","","","","","","",""
"2893","04-06-2026 10:48:21","SURIN_PUNE-BFW02","-","No operator","-","No component","-","-","-","0","00:00:00","00:00:00","00:00:33","00:00:00","NEW","","","","","","","",""
"2894","04-06-2026 10:48:20","SURIN_PUNE-BFW01","-","No operator","1","test","-","-","-","0","00:00:00","00:00:00","00:00:34","00:00:00","NEW","","","","","","","",""
"2895","04-06-2026 10:32:04","Ofc-Test","-","No operator","-","No component","-","-","-","303","00:00:00","00:25:59","00:00:00","00:00:00","NEW","","","","","","","",""
"2896","04-06-2026 10:32:04","Ofc-Test","-","No operator","-","No component","-","-","-","0","00:00:00","00:00:00","00:00:00","00:00:00","NEW","","","","","","","",""
"2897","04-06-2026 10:30:04","Ofc-Test","-","No operator","-","No component","-","-","-","303","00:00:00","00:02:00","00:00:00","00:00:00","NEW","","","","","","","",""
"2898","04-06-2026 10:30:04","Ofc-Test","-","No operator","-","No component","-","-","-","0","00:00:00","00:00:00","00:00:00","00:00:00","NEW","","","","","","","",""
"2899","04-06-2026 10:24:04","Ofc-Test","-","No operator","-","No component","-","-","-","303","00:00:00","00:06:00","00:00:00","00:00:00","NEW","","","","","","","",""
"2900","04-06-2026 10:24:04","Ofc-Test","-","No operator","-","No component","-","-","-","0","00:00:00","00:00:00","00:00:00","00:00:00","NEW","","","","","","","",""
"2901","04-06-2026 10:14:01","SURIN_PUNE-BFW01","-","No operator","1","test","-","-","-","22","00:27:55","00:01:17","00:00:00","00:05:01","NEW","","","","","","","",""
"2902","04-06-2026 10:13:56","SURIN_PUNE-BFW02","-","No operator","-","No component","-","-","-","1892","00:00:00","00:33:16","00:00:00","00:01:08","NEW","","","","","","","",""
"2903","04-06-2026 10:12:19","SURIN_PUNE-BFW01","-","No operator","1","test","-","-","-","0","00:00:00","00:00:00","00:01:42","00:00:00","NEW","","","","","","","",""
"2904","04-06-2026 10:12:05","SURIN_PUNE-BFW02","-","No operator","-","No component","-","-","-","0","00:00:00","00:00:00","00:01:52","00:00:00","NEW","","","","","","","",""
"2905","04-06-2026 10:08:04","Ofc-Test","-","No operator","-","No component","-","-","-","303","00:00:00","00:15:59","00:00:00","00:00:00","NEW","","","","","","","",""
"2906","04-06-2026 10:08:04","Ofc-Test","-","No operator","-","No component","-","-","-","0","00:00:00","00:00:00","00:00:00","00:00:00","NEW","","","","","","","",""
"2907","04-06-2026 09:57:52","SURIN_PUNE-BFW02","-","No operator","-","No component","-","-","-","1892","00:00:00","00:14:13","00:00:00","00:00:00","NEW","","","","","","","",""
"2908","04-06-2026 09:42:04","Ofc-Test","-","No operator","-","No component","-","-","-","303","00:00:00","00:26:00","00:00:00","00:00:00","NEW","","","","","","","",""
"2909","04-06-2026 09:42:04","Ofc-Test","-","No operator","-","No component","-","-","-","0","00:00:00","00:00:00","00:00:00","00:00:00","NEW","","","","","","","",""
"2910","04-06-2026 09:38:04","Ofc-Test","-","No operator","-","No component","-","-","-","303","00:00:00","00:04:00","00:00:00","00:00:00","NEW","","","","","","","",""
"2911","04-06-2026 09:38:04","Ofc-Test","-","No operator","-","No component","-","-","-","0","00:00:00","00:00:00","00:00:00","00:00:00","NEW","","","","","","","",""
"2912","04-06-2026 09:34:13","SURIN_PUNE-BFW01","-","No operator","1","test","-","-","-","22","00:11:02","00:21:30","00:00:00","00:01:08","NEW","","","","","","","",""
"2913","04-06-2026 09:34:11","SURIN-BFW_XTRON_1","-","No operator","-","No component","1","-","2","23","01:03:23","00:28:23","00:03:54","00:07:21","NEW","","","","","","","",""
"2914","04-06-2026 09:33:04","SURIN_PUNE-BFW01","-","No operator","1","test","-","-","-","21","00:00:00","00:01:05","00:00:00","00:00:01","NEW","","","","","","","",""
"2915","04-06-2026 09:33:01","SURIN-BFW_XTRON_1","-","No operator","-","No component","-","-","-","22","00:00:01","00:01:09","00:00:00","00:00:00","NEW","","","","","","","",""
"2916","04-06-2026 09:26:24","SURIN_PUNE-BFW01","-","No operator","1","test","-","-","-","20","00:00:04","00:02:51","00:00:00","00:03:26","NEW","","","","","","","",""
"2917","04-06-2026 09:26:20","SURIN_PUNE-BFW01","-","No operator","1","test","-","-","-","0","00:00:00","00:00:00","00:00:04","00:00:00","NEW","","","","","","","",""
"2918","04-06-2026 09:14:04","Ofc-Test","-","No operator","-","No component","-","-","-","303","00:00:00","00:24:00","00:00:00","00:00:00","NEW","","","","","","","",""
"2919","04-06-2026 09:14:04","Ofc-Test","-","No operator","-","No component","-","-","-","0","00:00:00","00:00:00","00:00:00","00:00:00","NEW","","","","","","","",""
"2920","04-06-2026 08:54:04","Ofc-Test","-","No operator","-","No component","-","-","-","303","00:00:00","00:20:00","00:00:00","00:00:00","NEW","","","","","","","",""
"2921","04-06-2026 08:54:04","Ofc-Test","-","No operator","-","No component","-","-","-","0","00:00:00","00:00:00","00:00:00","00:00:00","NEW","","","","","","","",""
"2922","04-06-2026 08:42:05","Ofc-Test","-","No operator","-","No component","-","-","-","303","00:00:00","00:11:59","00:00:00","00:00:00","NEW","","","","","","","",""
"2923","04-06-2026 08:42:04","Ofc-Test","-","No operator","-","No component","-","-","-","0","00:00:00","00:00:01","00:00:00","00:00:00","NEW","","","","","","","",""
"2924","04-06-2026 08:31:48","SURIN_PUNE-BFW01","-","No operator","1","test","-","-","-","20","00:00:19","00:40:21","00:00:00","00:13:51","NEW","","","","","","","",""
"2925","04-06-2026 08:31:45","SURIN-BFW_XTRON_1","-","No operator","-","No component","1","-","2","21","00:00:24","00:43:35","00:00:49","00:16:30","NEW","","","","","","","",""
"2926","04-06-2026 08:30:04","Ofc-Test","-","No operator","-","No component","-","-","-","303","00:00:00","00:11:59","00:00:00","00:00:00","NEW","","","","","","","",""
"2927","04-06-2026 08:30:04","Ofc-Test","-","No operator","-","No component","-","-","-","0","00:00:00","00:00:01","00:00:00","00:00:00","NEW","","","","","","","",""
"2928","04-06-2026 08:18:45","SURIN_PUNE-BFW01","-","No operator","1","test","-","-","-","19","00:09:28","00:03:35","00:00:00","00:00:00","NEW","","","","","","","",""
"2929","04-06-2026 08:18:40","SURIN-BFW_XTRON_1","-","No operator","-","No component","-","-","-","20","00:09:29","00:03:36","00:00:00","00:00:00","NEW","","","","","","","",""
"2930","04-06-2026 08:16:04","Ofc-Test","-","No operator","-","No component","-","-","-","303","00:00:00","00:13:55","00:00:00","00:00:00","NEW","","","","","","","",""
"2931","04-06-2026 08:16:04","Ofc-Test","-","No operator","-","No component","-","-","-","0","00:00:00","00:00:00","00:00:00","00:00:00","NEW","","","","","","","",""
"2932","04-06-2026 08:14:05","Ofc-Test","-","No operator","-","No component","-","-","-","303","00:00:00","00:01:59","00:00:00","00:00:00","NEW","","","","","","","",""
"2933","04-06-2026 08:14:04","Ofc-Test","-","No operator","-","No component","-","-","-","0","00:00:00","00:00:01","00:00:00","00:00:00","NEW","","","","","","","",""
"2934","04-06-2026 08:10:04","Ofc-Test","-","No operator","-","No component","-","-","-","303","00:00:00","00:04:00","00:00:00","00:00:00","NEW","","","","","","","",""
"2935","04-06-2026 08:10:04","Ofc-Test","-","No operator","-","No component","-","-","-","0","00:00:00","00:00:00","00:00:00","00:00:00","NEW","","","","","","","",""
"2936","04-06-2026 08:02:04","Ofc-Test","-","No operator","-","No component","-","-","-","303","00:00:00","00:07:59","00:00:00","00:00:00","NEW","","","","","","","",""
"2937","04-06-2026 08:02:04","Ofc-Test","-","No operator","-","No component","-","-","-","0","00:00:00","00:00:01","00:00:00","00:00:00","NEW","","","","","","","",""
"2938","04-06-2026 07:58:05","Ofc-Test","-","No operator","-","No component","-","-","-","303","00:00:00","00:03:59","00:00:00","00:00:00","NEW","","","","","","","",""
"2939","04-06-2026 07:58:04","Ofc-Test","-","No operator","-","No component","-","-","-","0","00:00:00","00:00:01","00:00:00","00:00:00","NEW","","","","","","","",""
"2940","04-06-2026 07:42:04","Ofc-Test","-","No operator","-","No component","-","-","-","303","00:00:00","00:16:00","00:00:00","00:00:00","NEW","","","","","","","",""
"2941","04-06-2026 07:42:04","Ofc-Test","-","No operator","-","No component","-","-","-","0","00:00:00","00:00:00","00:00:00","00:00:00","NEW","","","","","","","",""
"2942","04-06-2026 07:06:04","Ofc-Test","-","No operator","-","No component","-","-","-","303","00:00:00","00:36:00","00:00:00","00:00:00","NEW","","","","","","","",""
"2943","04-06-2026 07:06:04","Ofc-Test","-","No operator","-","No component","-","-","-","0","00:00:00","00:00:00","00:00:00","00:00:00","NEW","","","","","","","",""
"2944","04-06-2026 07:04:04","Ofc-Test","-","No operator","-","No component","-","-","-","303","00:00:00","00:02:00","00:00:00","00:00:00","NEW","","","","","","","",""
"2945","04-06-2026 07:04:04","Ofc-Test","-","No operator","-","No component","-","-","-","0","00:00:00","00:00:00","00:00:00","00:00:00","NEW","","","","","","","",""
"2946","04-06-2026 07:01:40","SURIN_PUNE-BFW01","-","No operator","1","test","-","-","-","18","00:37:49","00:21:25","00:00:00","00:14:54","NEW","","","","","","","",""
"2947","04-06-2026 07:01:38","SURIN-BFW_XTRON_1","-","No operator","-","No component","-","-","-","19","00:37:48","00:24:22","00:00:00","00:14:53","NEW","","","","","","","",""
"2948","04-06-2026 06:58:04","Ofc-Test","-","No operator","-","No component","-","-","-","303","00:00:00","00:06:00","00:00:00","00:00:00","NEW","","","","","","","",""
"2949","04-06-2026 06:58:04","Ofc-Test","-","No operator","-","No component","-","-","-","0","00:00:00","00:00:00","00:00:00","00:00:00","NEW","","","","","","","",""
"2950","04-06-2026 06:50:04","Ofc-Test","-","No operator","-","No component","-","-","-","303","00:00:00","00:07:59","00:00:00","00:00:00","NEW","","","","","","","",""
"2951","04-06-2026 06:50:04","Ofc-Test","-","No operator","-","No component","-","-","-","0","00:00:00","00:00:00","00:00:00","00:00:00","NEW","","","","","","","",""
"2952","04-06-2026 06:42:04","Ofc-Test","-","No operator","-","No component","-","-","-","303","00:00:00","00:08:00","00:00:00","00:00:00","NEW","","","","","","","",""
"2953","04-06-2026 06:42:04","Ofc-Test","-","No operator","-","No component","-","-","-","0","00:00:00","00:00:00","00:00:00","00:00:00","NEW","","","","","","","",""
"2954","04-06-2026 06:38:04","Ofc-Test","-","No operator","-","No component","-","-","-","303","00:00:00","00:04:00","00:00:00","00:00:00","NEW","","","","","","","",""
"2955","04-06-2026 06:38:04","Ofc-Test","-","No operator","-","No component","-","-","-","0","00:00:00","00:00:00","00:00:00","00:00:00","NEW","","","","","","","",""
"2956","04-06-2026 06:34:04","Ofc-Test","-","No operator","-","No component","-","-","-","303","00:00:00","00:04:00","00:00:00","00:00:00","NEW","","","","","","","",""
"2957","04-06-2026 06:34:04","Ofc-Test","-","No operator","-","No component","-","-","-","0","00:00:00","00:00:00","00:00:00","00:00:00","NEW","","","","","","","",""
"2958","04-06-2026 06:24:04","Ofc-Test","-","No operator","-","No component","-","-","-","303","00:00:00","00:10:00","00:00:00","00:00:00","NEW","","","","","","","",""
"2959","04-06-2026 06:24:04","Ofc-Test","-","No operator","-","No component","-","-","-","0","00:00:00","00:00:00","00:00:00","00:00:00","NEW","","","","","","","",""
"2960","04-06-2026 06:12:04","Ofc-Test","-","No operator","-","No component","-","-","-","303","00:00:00","00:12:00","00:00:00","00:00:00","NEW","","","","","","","",""
"2961","04-06-2026 06:12:04","Ofc-Test","-","No operator","-","No component","-","-","-","0","00:00:00","00:00:00","00:00:00","00:00:00","NEW","","","","","","","",""
"2962","04-06-2026 06:10:04","Ofc-Test","-","No operator","-","No component","-","-","-","303","00:00:00","00:01:59","00:00:00","00:00:00","NEW","","","","","","","",""
"2963","04-06-2026 06:10:04","Ofc-Test","-","No operator","-","No component","-","-","-","0","00:00:00","00:00:01","00:00:00","00:00:00","NEW","","","","","","","",""
"2964","04-06-2026 06:04:04","Ofc-Test","-","No operator","-","No component","-","-","-","303","00:00:00","00:05:59","00:00:00","00:00:00","NEW","","","","","","","",""
"2965","04-06-2026 06:04:04","Ofc-Test","-","No operator","-","No component","-","-","-","0","00:00:00","00:00:00","00:00:00","00:00:00","NEW","","","","","","","",""
"2966","04-06-2026 05:56:04","Ofc-Test","-","No operator","-","No component","-","-","-","303","00:00:00","00:08:00","00:00:00","00:00:00","NEW","","","","","","","",""
"2967","04-06-2026 05:56:04","Ofc-Test","-","No operator","-","No component","-","-","-","0","00:00:00","00:00:01","00:00:00","00:00:00","NEW","","","","","","","",""
"2968","04-06-2026 05:54:04","Ofc-Test","-","No operator","-","No component","-","-","-","303","00:00:00","00:01:59","00:00:00","00:00:00","NEW","","","","","","","",""
"2969","04-06-2026 05:54:04","Ofc-Test","-","No operator","-","No component","-","-","-","0","00:00:00","00:00:00","00:00:00","00:00:00","NEW","","","","","","","",""
"2970","04-06-2026 05:52:04","Ofc-Test","-","No operator","-","No component","-","-","-","303","00:00:00","00:02:00","00:00:00","00:00:00","NEW","","","","","","","",""
"2971","04-06-2026 05:52:04","Ofc-Test","-","No operator","-","No component","-","-","-","0","00:00:00","00:00:00","00:00:00","00:00:00","NEW","","","","","","","",""
"2972","04-06-2026 05:44:08","Ofc-Test","-","No operator","-","No component","-","-","-","303","00:00:00","00:07:56","00:00:00","00:00:00","NEW","","","","","","","",""
"2973","04-06-2026 05:44:04","Ofc-Test","-","No operator","-","No component","-","-","-","0","00:00:00","00:00:04","00:00:00","00:00:00","NEW","","","","","","","",""
"2974","04-06-2026 05:38:07","Ofc-Test","-","No operator","-","No component","-","-","-","303","00:00:00","00:05:57","00:00:00","00:00:00","NEW","","","","","","","",""
"2975","04-06-2026 05:38:04","Ofc-Test","-","No operator","-","No component","-","-","-","0","00:00:00","00:00:03","00:00:00","00:00:00","NEW","","","","","","","",""
"2976","04-06-2026 05:32:07","Ofc-Test","-","No operator","-","No component","-","-","-","303","00:00:00","00:05:57","00:00:00","00:00:00","NEW","","","","","","","",""
"2977","04-06-2026 05:32:04","Ofc-Test","-","No operator","-","No component","-","-","-","0","00:00:00","00:00:03","00:00:00","00:00:00","NEW","","","","","","","",""
"2978","04-06-2026 05:31:25","SURIN_PUNE-BFW01","-","No operator","1","test","-","-","-","17","00:56:38","00:28:37","00:00:00","00:00:03","NEW","","","","","","","",""
"2979","04-06-2026 05:31:22","SURIN-BFW_XTRON_1","-","No operator","-","No component","-","-","-","18","00:56:40","00:33:34","00:00:00","00:00:03","NEW","","","","","","","",""
"2980","04-06-2026 05:30:07","Ofc-Test","-","No operator","-","No component","-","-","-","303","00:00:00","00:01:57","00:00:00","00:00:00","NEW","","","","","","","",""
"2981","04-06-2026 05:30:04","Ofc-Test","-","No operator","-","No component","-","-","-","0","00:00:00","00:00:03","00:00:00","00:00:00","NEW","","","","","","","",""
"2982","04-06-2026 05:25:17","SURIN_PUNE-BFW02","-","No operator","-","No component","-","-","-","1891","00:48:34","02:56:28","00:00:00","00:00:53","NEW","","","","","","","",""
"2983","04-06-2026 05:22:07","Ofc-Test","-","No operator","-","No component","-","-","-","303","00:00:00","00:07:57","00:00:00","00:00:00","NEW","","","","","","","",""
"2984","04-06-2026 05:22:04","Ofc-Test","-","No operator","-","No component","-","-","-","0","00:00:00","00:00:03","00:00:00","00:00:00","NEW","","","","","","","",""
"2985","04-06-2026 05:20:07","Ofc-Test","-","No operator","-","No component","-","-","-","303","00:00:00","00:01:57","00:00:00","00:00:00","NEW","","","","","","","",""
"2986","04-06-2026 05:20:04","Ofc-Test","-","No operator","-","No component","-","-","-","0","00:00:00","00:00:03","00:00:00","00:00:00","NEW","","","","","","","",""
"2987","04-06-2026 05:18:53","SURIN_PUNE-BFW01","-","No operator","1","test","-","-","-","16","00:12:23","00:00:09","00:00:00","00:00:00","NEW","","","","","","","",""
"2988","04-06-2026 05:18:50","SURIN-BFW_XTRON_1","-","No operator","-","No component","-","-","-","17","00:12:23","00:00:09","00:00:00","00:00:00","NEW","","","","","","","",""
"2989","04-06-2026 05:12:07","Ofc-Test","-","No operator","-","No component","-","-","-","303","00:00:00","00:07:57","00:00:00","00:00:00","NEW","","","","","","","",""
"2990","04-06-2026 05:12:04","Ofc-Test","-","No operator","-","No component","-","-","-","0","00:00:00","00:00:03","00:00:00","00:00:00","NEW","","","","","","","",""
"2991","04-06-2026 05:08:07","Ofc-Test","-","No operator","-","No component","-","-","-","303","00:00:00","00:03:56","00:00:00","00:00:00","NEW","","","","","","","",""
"2992","04-06-2026 05:08:04","Ofc-Test","-","No operator","-","No component","-","-","-","0","00:00:00","00:00:03","00:00:00","00:00:00","NEW","","","","","","","",""
"2993","04-06-2026 05:06:07","Ofc-Test","-","No operator","-","No component","-","-","-","303","00:00:00","00:01:57","00:00:00","00:00:00","NEW","","","","","","","",""
"2994","04-06-2026 05:06:04","Ofc-Test","-","No operator","-","No component","-","-","-","0","00:00:00","00:00:04","00:00:00","00:00:00","NEW","","","","","","","",""
"2995","04-06-2026 05:02:07","Ofc-Test","-","No operator","-","No component","-","-","-","303","00:00:00","00:03:57","00:00:00","00:00:00","NEW","","","","","","","",""
"2996","04-06-2026 05:02:04","Ofc-Test","-","No operator","-","No component","-","-","-","0","00:00:00","00:00:03","00:00:00","00:00:00","NEW","","","","","","","",""
"2997","04-06-2026 04:59:24","SURIN_PUNE-BFW02","-","No operator","-","No component","-","-","-","1890","00:22:02","00:03:50","00:00:00","00:00:00","NEW","","","","","","","",""
"2998","04-06-2026 04:56:07","Ofc-Test","-","No operator","-","No component","-","-","-","303","00:00:00","00:05:56","00:00:00","00:00:00","NEW","","","","","","","",""
"2999","04-06-2026 04:56:04","Ofc-Test","-","No operator","-","No component","-","-","-","0","00:00:00","00:00:04","00:00:00","00:00:00","NEW","","","","","","","",""
"3000","04-06-2026 04:48:07","Ofc-Test","-","No operator","-","No component","-","-","-","303","00:00:00","00:07:56","00:00:00","00:00:00","NEW","","","","","","","",""
"3001","04-06-2026 04:48:04","Ofc-Test","-","No operator","-","No component","-","-","-","0","00:00:00","00:00:03","00:00:00","00:00:00","NEW","","","","","","","",""
"3002","04-06-2026 04:40:07","Ofc-Test","-","No operator","-","No component","-","-","-","303","00:00:00","00:07:56","00:00:00","00:00:00","NEW","","","","","","","",""
"3003","04-06-2026 04:40:04","Ofc-Test","-","No operator","-","No component","-","-","-","0","00:00:00","00:00:04","00:00:00","00:00:00","NEW","","","","","","","",""
"3004","04-06-2026 04:38:07","Ofc-Test","-","No operator","-","No component","-","-","-","303","00:00:00","00:01:57","00:00:00","00:00:00","NEW","","","","","","","",""
"3005","04-06-2026 04:38:04","Ofc-Test","-","No operator","-","No component","-","-","-","0","00:00:00","00:00:03","00:00:00","00:00:00","NEW","","","","","","","",""
"3006","04-06-2026 04:36:03","SURIN_PUNE-BFW01","-","No operator","1","test","-","-","-","15","00:31:26","00:08:05","00:00:00","00:00:13","NEW","","","","","","","",""
"3007","04-06-2026 04:35:59","SURIN-BFW_XTRON_1","-","No operator","-","No component","-","-","-","16","00:31:25","00:11:13","00:00:00","00:00:13","NEW","","","","","","","",""
"3008","04-06-2026 04:34:07","Ofc-Test","-","No operator","-","No component","-","-","-","303","00:00:00","00:03:57","00:00:00","00:00:00","NEW","","","","","","","",""
"3009","04-06-2026 04:34:04","Ofc-Test","-","No operator","-","No component","-","-","-","0","00:00:00","00:00:03","00:00:00","00:00:00","NEW","","","","","","","",""
"3010","04-06-2026 04:33:50","SURIN_PUNE-BFW02","-","No operator","-","No component","-","-","-","1889","00:25:12","00:00:16","00:00:00","00:00:00","NEW","","","","","","","",""
"3011","04-06-2026 04:26:04","Ofc-Test","-","No operator","-","No component","-","-","-","303","00:00:00","00:08:00","00:00:00","00:00:00","NEW","","","","","","","",""
"3012","04-06-2026 04:26:04","Ofc-Test","-","No operator","-","No component","-","-","-","0","00:00:00","00:00:00","00:00:00","00:00:00","NEW","","","","","","","",""
"3013","04-06-2026 04:18:04","Ofc-Test","-","No operator","-","No component","-","-","-","303","00:00:00","00:08:00","00:00:00","00:00:00","NEW","","","","","","","",""
"3014","04-06-2026 04:18:04","Ofc-Test","-","No operator","-","No component","-","-","-","0","00:00:00","00:00:00","00:00:00","00:00:00","NEW","","","","","","","",""
"3015","04-06-2026 04:12:04","Ofc-Test","-","No operator","-","No component","-","-","-","303","00:00:00","00:06:00","00:00:00","00:00:00","NEW","","","","","","","",""
"3016","04-06-2026 04:12:04","Ofc-Test","-","No operator","-","No component","-","-","-","0","00:00:00","00:00:00","00:00:00","00:00:00","NEW","","","","","","","",""
"3017","04-06-2026 04:10:04","Ofc-Test","-","No operator","-","No component","-","-","-","303","00:00:00","00:02:00","00:00:00","00:00:00","NEW","","","","","","","",""
"3018","04-06-2026 04:10:04","Ofc-Test","-","No operator","-","No component","-","-","-","0","00:00:00","00:00:00","00:00:00","00:00:00","NEW","","","","","","","",""
"3019","04-06-2026 03:18:32","SURIN_PUNE-BFW01","-","No operator","1","test","-","-","-","14","00:35:03","00:38:45","00:00:00","00:00:02","NEW","","","","","","","",""
"3020","04-06-2026 03:18:30","SURIN-BFW_XTRON_1","-","No operator","-","No component","-","-","-","15","00:35:03","00:42:25","00:00:00","00:00:02","NEW","","","","","","","",""
"3021","04-06-2026 03:08:55","SURIN_PUNE-BFW01","-","No operator","1","test","-","-","-","13","00:09:17","00:00:20","00:00:00","00:00:00","NEW","","","","","","","",""
"3022","04-06-2026 03:08:50","SURIN-BFW_XTRON_1","-","No operator","-","No component","-","-","-","14","00:09:17","00:00:24","00:00:00","00:00:00","NEW","","","","","","","",""
"3023","04-06-2026 02:38:49","SURIN_PUNE-BFW01","-","No operator","1","test","-","-","-","12","00:22:50","00:05:38","00:00:00","00:00:00","NEW","","","","","","","",""
"3024","04-06-2026 02:38:46","SURIN-BFW_XTRON_1","-","No operator","-","No component","1","-","2","13","00:19:18","00:07:41","00:03:05","00:00:00","NEW","","","","","","","",""
"3025","04-06-2026 01:25:10","SURIN_PUNE-BFW01","-","No operator","1","test","-","-","-","11","00:38:21","00:25:56","00:00:00","00:00:02","NEW","","","","","","","",""
"3026","04-06-2026 01:25:07","SURIN-BFW_XTRON_1","-","No operator","-","No component","1","-","2","12","00:37:17","00:33:32","00:02:48","00:00:03","NEW","","","","","","","",""
"3027","04-06-2026 01:03:52","SURIN_PUNE-BFW02","-","No operator","-","No component","-","-","-","1888","01:11:24","02:17:21","00:00:00","00:00:00","NEW","","","","","","","",""
"3028","04-06-2026 00:57:32","SURIN_PUNE-BFW01","-","No operator","1","test","-","-","-","10","00:05:35","00:22:03","00:00:00","00:00:00","NEW","","","","","","","",""
"3029","04-06-2026 00:57:30","SURIN-BFW_XTRON_1","-","No operator","-","No component","1","-","2","11","00:04:42","00:22:03","00:00:53","00:00:00","NEW","","","","","","","",""
"3030","04-06-2026 00:30:00","Ofc-Test","-","No operator","-","No component","-","-","-","303","00:00:00","03:40:04","00:00:00","00:00:00","NEW","","","","","","","",""
"3031","04-06-2026 00:08:23","SURIN_PUNE-BFW02","-","No operator","-","No component","-","-","-","1887","00:48:01","00:07:29","00:00:00","00:00:00","NEW","","","","","","","",""
"3032","03-06-2026 22:52:30","SURIN_PUNE-BFW01","-","No operator","1","test","-","-","-","9","01:44:16","00:18:48","00:00:00","00:00:00","NEW","","","","","","","",""
"3033","03-06-2026 22:52:28","SURIN-BFW_XTRON_1","-","No operator","-","No component","1","-","2","10","01:44:24","00:19:36","00:01:03","00:00:00","NEW","","","","","","","",""
"3034","03-06-2026 22:19:56","SURIN_PUNE-BFW02","-","No operator","-","No component","-","-","-","1886","00:17:58","01:30:29","00:00:00","00:00:00","NEW","","","","","","","",""
"3035","03-06-2026 21:33:23","SURIN_PUNE-BFW01","-","No operator","1","test","-","-","-","8","00:40:37","00:28:08","00:00:00","00:00:00","NEW","","","","","","","",""
"3036","03-06-2026 21:33:20","SURIN-BFW_XTRON_1","-","No operator","-","No component","1","-","2","9","00:37:32","00:36:54","00:04:43","00:00:00","NEW","","","","","","","",""
"3037","03-06-2026 21:25:39","SURIN_PUNE-BFW01","-","No operator","1","test","-","-","-","7","00:06:02","00:01:41","00:00:00","00:00:00","NEW","","","","","","","",""
"3038","03-06-2026 21:25:28","SURIN-BFW_XTRON_1","-","No operator","-","No component","1","-","2","8","00:04:39","00:01:51","00:01:23","00:00:00","NEW","","","","","","","",""
"3039","03-06-2026 21:20:04","SURIN_PUNE-BFW02","-","No operator","-","No component","-","-","-","1885","00:46:54","00:12:20","00:00:00","00:00:00","NEW","","","","","","","",""
"3040","03-06-2026 20:52:43","SURIN_PUNE-BFW02","-","No operator","-","No component","-","-","-","1884","00:17:36","00:09:45","00:00:00","00:00:00","NEW","","","","","","","",""
"3041","03-06-2026 20:41:02","SURIN_PUNE-BFW01","-","No operator","1","test","-","-","-","6","00:38:53","00:03:50","00:00:00","00:00:00","NEW","","","","","","","",""
"3042","03-06-2026 20:40:58","SURIN-BFW_XTRON_1","-","No operator","-","No component","1","-","2","7","00:38:27","00:05:43","00:00:20","00:00:00","NEW","","","","","","","",""
"3043","03-06-2026 20:35:54","SURIN_PUNE-BFW02","-","No operator","-","No component","-","-","-","1883","00:16:49","00:00:00","00:00:00","00:00:00","NEW","","","","","","","",""
"3044","03-06-2026 19:52:23","SURIN_PUNE-BFW02","-","No operator","-","No component","-","-","-","1882","00:38:07","00:05:24","00:00:00","00:00:00","NEW","","","","","","","",""
"3045","03-06-2026 19:40:02","SURIN_PUNE-BFW01","-","No operator","1","test","-","-","-","5","00:35:26","00:16:00","00:00:00","00:00:00","NEW","","","","","","","",""
"3046","03-06-2026 19:39:43","SURIN-BFW_XTRON_1","-","No operator","-","No component","1","-","2","6","00:29:34","00:23:37","00:08:04","00:00:00","NEW","","","","","","","",""
"3047","03-06-2026 19:34:02","SURIN_PUNE-BFW01","-","No operator","1","test","-","-","-","4","00:05:49","00:00:11","00:00:00","00:00:00","NEW","","","","","","","",""
"3048","03-06-2026 19:33:56","SURIN-BFW_XTRON_1","-","No operator","-","No component","-","-","-","5","00:05:29","00:00:19","00:00:00","00:00:00","NEW","","","","","","","",""
"3049","03-06-2026 19:32:43","SURIN_PUNE-BFW02","-","No operator","-","No component","-","-","-","1881","00:16:29","00:03:12","00:00:00","00:00:00","NEW","","","","","","","",""
"3050","03-06-2026 19:11:05","SURIN_PUNE-BFW02","-","No operator","-","No component","-","-","-","1880","00:18:29","00:03:09","00:00:00","00:00:00","NEW","","","","","","","",""
"3051","03-06-2026 18:55:31","SURIN_PUNE-BFW01","-","No operator","1","test","-","-","-","3","00:23:10","00:12:57","00:00:00","00:00:00","NEW","","","","","","","",""
"3052","03-06-2026 18:55:22","SURIN-BFW_XTRON_1","-","No operator","-","No component","1","-","2","4","00:21:30","00:14:54","00:02:10","00:00:00","NEW","","","","","","","",""
"3053","03-06-2026 17:30:54","SURIN_PUNE-BFW01","-","No operator","1","test","-","-","-","2","00:37:12","00:33:27","00:00:00","00:00:02","NEW","","","","","","","",""
"3054","03-06-2026 17:30:51","SURIN-BFW_XTRON_1","-","No operator","-","No component","1","-","2","3","00:36:12","00:47:20","00:00:54","00:00:07","NEW","","","","","","","",""
"3055","03-06-2026 17:20:56","SURIN_PUNE-BFW01","-","No operator","1","test","-","-","-","1","00:05:44","00:04:14","00:00:00","00:00:00","NEW","","","","","","","",""
"3056","03-06-2026 17:20:49","SURIN-BFW_XTRON_1","-","No operator","-","No component","-","-","-","2","00:05:44","00:04:18","00:00:00","00:00:00","NEW","","","","","","","",""
"3057","03-06-2026 15:20:08","Ofc-Test","-","No operator","-","No component","-","-","-","303","00:00:00","09:09:52","00:00:00","00:00:00","NEW","","","","","","","",""
"3058","03-06-2026 15:20:04","Ofc-Test","-","No operator","-","No component","-","-","-","0","00:00:00","00:00:03","00:00:00","00:00:00","NEW","","","","","","","",""
"3059","03-06-2026 15:18:08","Ofc-Test","-","No operator","-","No component","-","-","-","303","00:00:00","00:01:57","00:00:00","00:00:00","NEW","","","","","","","",""
"3060","03-06-2026 15:18:04","Ofc-Test","-","No operator","-","No component","-","-","-","0","00:00:00","00:00:03","00:00:00","00:00:00","NEW","","","","","","","",""
"3061","03-06-2026 15:16:08","Ofc-Test","-","No operator","-","No component","-","-","-","303","00:00:00","00:01:57","00:00:00","00:00:00","NEW","","","","","","","",""
"3062","03-06-2026 15:16:05","Ofc-Test","-","No operator","-","No component","-","-","-","0","00:00:00","00:00:03","00:00:00","00:00:00","NEW","","","","","","","",""
"3063","03-06-2026 15:14:09","Ofc-Test","-","No operator","-","No component","-","-","-","303","00:00:00","00:01:56","00:00:00","00:00:00","NEW","","","","","","","",""
"3064","03-06-2026 15:14:05","Ofc-Test","-","No operator","-","No component","-","-","-","0","00:00:00","00:00:04","00:00:00","00:00:00","NEW","","","","","","","",""
"3065","03-06-2026 15:01:12","SURIN_PUNE-BFW01","-","No operator","1","test","-","-","-","0","00:40:13","00:12:12","00:00:37","01:23:56","NEW","","","","","","","",""
"3066","03-06-2026 15:01:10","SURIN-BFW_XTRON_1","-","No operator","-","No component","1","-","2","1","00:40:03","00:14:56","00:02:37","01:22:04","NEW","","","","","","","",""
"3067","03-06-2026 15:00:08","Ofc-Test","-","No operator","-","No component","-","-","-","303","00:00:00","00:13:57","00:00:00","00:00:00","NEW","","","","","","","",""
"3068","03-06-2026 15:00:04","Ofc-Test","-","No operator","-","No component","-","-","-","0","00:00:00","00:00:03","00:00:00","00:00:00","NEW","","","","","","","",""
"3069","03-06-2026 14:57:36","SURIN_PUNE-BFW01","-","No operator","1","test","-","-","-","347","00:00:00","00:00:00","00:00:00","00:03:35","NEW","","","","","","","",""
"3070","03-06-2026 14:57:34","SURIN-BFW_XTRON_1","-","No operator","-","No component","-","-","-","0","00:00:00","00:00:00","00:00:00","00:03:37","NEW","","","","","","","",""
"3071","03-06-2026 14:42:08","Ofc-Test","-","No operator","-","No component","-","-","-","303","00:00:00","00:17:56","00:00:00","00:00:00","NEW","","","","","","","",""
"3072","03-06-2026 14:42:04","Ofc-Test","-","No operator","-","No component","-","-","-","0","00:00:00","00:00:04","00:00:00","00:00:00","NEW","","","","","","","",""
"3073","03-06-2026 14:40:08","Ofc-Test","-","No operator","-","No component","-","-","-","303","00:00:00","00:01:57","00:00:00","00:00:00","NEW","","","","","","","",""
"3074","03-06-2026 14:40:05","Ofc-Test","-","No operator","-","No component","-","-","-","0","00:00:00","00:00:03","00:00:00","00:00:00","NEW","","","","","","","",""
"3075","03-06-2026 14:36:08","Ofc-Test","-","No operator","-","No component","-","-","-","303","00:00:00","00:03:57","00:00:00","00:00:00","NEW","","","","","","","",""
"3076","03-06-2026 14:36:05","Ofc-Test","-","No operator","-","No component","-","-","-","0","00:00:00","00:00:03","00:00:00","00:00:00","NEW","","","","","","","",""
"3077","03-06-2026 14:34:08","Ofc-Test","-","No operator","-","No component","-","-","-","303","00:00:00","00:01:57","00:00:00","00:00:00","NEW","","","","","","","",""
"3078","03-06-2026 14:34:05","Ofc-Test","-","No operator","-","No component","-","-","-","0","00:00:00","00:00:03","00:00:00","00:00:00","NEW","","","","","","","",""
"3079","03-06-2026 14:24:08","Ofc-Test","-","No operator","-","No component","-","-","-","303","00:00:00","00:09:57","00:00:00","00:00:00","NEW","","","","","","","",""
"3080","03-06-2026 14:24:05","Ofc-Test","-","No operator","-","No component","-","-","-","0","00:00:00","00:00:03","00:00:00","00:00:00","NEW","","","","","","","",""
"3081","03-06-2026 14:22:08","Ofc-Test","-","No operator","-","No component","-","-","-","303","00:00:00","00:01:57","00:00:00","00:00:00","NEW","","","","","","","",""
"3082","03-06-2026 14:22:05","Ofc-Test","-","No operator","-","No component","-","-","-","0","00:00:00","00:00:03","00:00:00","00:00:00","NEW","","","","","","","",""
"3083","03-06-2026 14:18:08","Ofc-Test","-","No operator","-","No component","-","-","-","303","00:00:00","00:03:57","00:00:00","00:00:00","NEW","","","","","","","",""
"3084","03-06-2026 14:18:05","Ofc-Test","-","No operator","-","No component","-","-","-","0","00:00:00","00:00:03","00:00:00","00:00:00","NEW","","","","","","","",""
"3085","03-06-2026 14:10:08","Ofc-Test","-","No operator","-","No component","-","-","-","303","00:00:00","00:07:57","00:00:00","00:00:00","NEW","","","","","","","",""
"3086","03-06-2026 14:10:04","Ofc-Test","-","No operator","-","No component","-","-","-","0","00:00:00","00:00:03","00:00:00","00:00:00","NEW","","","","","","","",""
"3087","03-06-2026 14:08:08","Ofc-Test","-","No operator","-","No component","-","-","-","303","00:00:00","00:01:57","00:00:00","00:00:00","NEW","","","","","","","",""
"3088","03-06-2026 14:08:05","Ofc-Test","-","No operator","-","No component","-","-","-","0","00:00:00","00:00:03","00:00:00","00:00:00","NEW","","","","","","","",""
"3089","03-06-2026 14:04:08","Ofc-Test","-","No operator","-","No component","-","-","-","303","00:00:00","00:03:57","00:00:00","00:00:00","NEW","","","","","","","",""
"3090","03-06-2026 14:04:05","Ofc-Test","-","No operator","-","No component","-","-","-","0","00:00:00","00:00:03","00:00:00","00:00:00","NEW","","","","","","","",""
"3091","03-06-2026 14:02:08","Ofc-Test","-","No operator","-","No component","-","-","-","303","00:00:00","00:01:57","00:00:00","00:00:00","NEW","","","","","","","",""
"3092","03-06-2026 14:02:05","Ofc-Test","-","No operator","-","No component","-","-","-","0","00:00:00","00:00:03","00:00:00","00:00:00","NEW","","","","","","","",""
"3093","03-06-2026 13:56:08","Ofc-Test","-","No operator","-","No component","-","-","-","303","00:00:00","00:05:57","00:00:00","00:00:00","NEW","","","","","","","",""
"3094","03-06-2026 13:56:04","Ofc-Test","-","No operator","-","No component","-","-","-","0","00:00:00","00:00:03","00:00:00","00:00:00","NEW","","","","","","","",""
"3095","03-06-2026 13:52:08","Ofc-Test","-","No operator","-","No component","-","-","-","303","00:00:00","00:03:56","00:00:00","00:00:00","NEW","","","","","","","",""
"3096","03-06-2026 13:52:05","Ofc-Test","-","No operator","-","No component","-","-","-","0","00:00:00","00:00:04","00:00:00","00:00:00","NEW","","","","","","","",""
"3097","03-06-2026 13:46:08","Ofc-Test","-","No operator","-","No component","-","-","-","303","00:00:00","00:05:56","00:00:00","00:00:00","NEW","","","","","","","",""
"3098","03-06-2026 13:46:04","Ofc-Test","-","No operator","-","No component","-","-","-","0","00:00:00","00:00:04","00:00:00","00:00:00","NEW","","","","","","","",""
"3099","03-06-2026 13:37:18","SURIN_PUNE-BFW01","-","No operator","1","test","-","-","-","346","00:49:52","00:26:22","00:00:00","00:01:12","NEW","","","","","","","",""
"3100","03-06-2026 13:37:16","SURIN-BFW_XTRON_1","-","No operator","-","No component","1","-","2","347","00:49:49","00:29:00","00:00:22","00:01:07","NEW","","","","","","","",""
"3101","03-06-2026 13:36:08","Ofc-Test","-","No operator","-","No component","-","-","-","303","00:00:00","00:09:56","00:00:00","00:00:00","NEW","","","","","","","",""
"3102","03-06-2026 13:36:05","Ofc-Test","-","No operator","-","No component","-","-","-","0","00:00:00","00:00:03","00:00:00","00:00:00","NEW","","","","","","","",""
"3103","03-06-2026 13:30:02","SURIN_PUNE-BFW01","-","No operator","1","test","-","-","-","345","00:06:49","00:00:26","00:00:00","00:00:00","NEW","","","","","","","",""
"3104","03-06-2026 13:30:01","SURIN-BFW_XTRON_1","-","No operator","-","No component","-","-","-","346","00:06:50","00:00:26","00:00:00","00:00:00","NEW","","","","","","","",""
"3105","03-06-2026 13:26:08","Ofc-Test","-","No operator","-","No component","-","-","-","303","00:00:00","00:09:57","00:00:00","00:00:00","NEW","","","","","","","",""
"3106","03-06-2026 13:26:05","Ofc-Test","-","No operator","-","No component","-","-","-","0","00:00:00","00:00:03","00:00:00","00:00:00","NEW","","","","","","","",""
"3107","03-06-2026 13:24:08","Ofc-Test","-","No operator","-","No component","-","-","-","303","00:00:00","00:01:57","00:00:00","00:00:00","NEW","","","","","","","",""
"3108","03-06-2026 13:24:05","Ofc-Test","-","No operator","-","No component","-","-","-","0","00:00:00","00:00:03","00:00:00","00:00:00","NEW","","","","","","","",""
"3109","03-06-2026 13:04:05","Ofc-Test","-","No operator","-","No component","-","-","-","303","00:00:00","00:20:00","00:00:00","00:00:00","NEW","","","","","","","",""
"3110","03-06-2026 13:04:04","Ofc-Test","-","No operator","-","No component","-","-","-","0","00:00:00","00:00:00","00:00:00","00:00:00","NEW","","","","","","","",""
"3111","03-06-2026 13:02:08","Ofc-Test","-","No operator","-","No component","-","-","-","303","00:00:00","00:01:56","00:00:00","00:00:00","NEW","","","","","","","",""
"3112","03-06-2026 13:02:04","Ofc-Test","-","No operator","-","No component","-","-","-","0","00:00:00","00:00:04","00:00:00","00:00:00","NEW","","","","","","","",""
"3113","03-06-2026 12:56:08","Ofc-Test","-","No operator","-","No component","-","-","-","303","00:00:00","00:05:56","00:00:00","00:00:00","NEW","","","","","","","",""
"3114","03-06-2026 12:56:04","Ofc-Test","-","No operator","-","No component","-","-","-","0","00:00:00","00:00:04","00:00:00","00:00:00","NEW","","","","","","","",""
"3115","03-06-2026 12:50:08","Ofc-Test","-","No operator","-","No component","-","-","-","303","00:00:00","00:05:56","00:00:00","00:00:00","NEW","","","","","","","",""
"3116","03-06-2026 12:50:04","Ofc-Test","-","No operator","-","No component","-","-","-","0","00:00:00","00:00:04","00:00:00","00:00:00","NEW","","","","","","","",""
"3117","03-06-2026 12:44:08","Ofc-Test","-","No operator","-","No component","-","-","-","303","00:00:00","00:05:56","00:00:00","00:00:00","NEW","","","","","","","",""
"3118","03-06-2026 12:44:05","Ofc-Test","-","No operator","-","No component","-","-","-","0","00:00:00","00:00:03","00:00:00","00:00:00","NEW","","","","","","","",""
"3119","03-06-2026 12:31:59","SURIN_PUNE-BFW01","-","No operator","1","test","-","-","-","344","00:47:42","00:05:52","00:00:00","00:00:00","NEW","","","","","","","",""
"3120","03-06-2026 12:31:58","SURIN-BFW_XTRON_1","-","No operator","-","No component","-","-","-","345","00:47:42","00:10:22","00:00:00","00:00:00","NEW","","","","","","","",""
"3121","03-06-2026 12:30:08","Ofc-Test","-","No operator","-","No component","-","-","-","303","00:00:00","00:13:56","00:00:00","00:00:00","NEW","","","","","","","",""
"3122","03-06-2026 12:30:04","Ofc-Test","-","No operator","-","No component","-","-","-","0","00:00:00","00:00:04","00:00:00","00:00:00","NEW","","","","","","","",""
"3123","03-06-2026 12:18:08","Ofc-Test","-","No operator","-","No component","-","-","-","303","00:00:00","00:11:56","00:00:00","00:00:00","NEW","","","","","","","",""
"3124","03-06-2026 12:18:04","Ofc-Test","-","No operator","-","No component","-","-","-","0","00:00:00","00:00:04","00:00:00","00:00:00","NEW","","","","","","","",""
"3125","03-06-2026 12:12:00","Ofc-Test","-","No operator","-","No component","-","-","-","303","00:00:00","00:06:05","00:00:00","00:00:00","NEW","","","","","","","",""
"3126","03-06-2026 12:04:08","Ofc-Test","-","No operator","-","No component","-","-","-","303","00:00:00","00:07:52","00:00:00","00:00:00","NEW","","","","","","","",""
"3127","03-06-2026 12:04:04","Ofc-Test","-","No operator","-","No component","-","-","-","0","00:00:00","00:00:04","00:00:00","00:00:00","NEW","","","","","","","",""
"3128","03-06-2026 11:52:08","Ofc-Test","-","No operator","-","No component","-","-","-","303","00:00:00","00:11:56","00:00:00","00:00:00","NEW","","","","","","","",""
"3129","03-06-2026 11:52:04","Ofc-Test","-","No operator","-","No component","-","-","-","0","00:00:00","00:00:04","00:00:00","00:00:00","NEW","","","","","","","",""
"3130","03-06-2026 11:46:08","Ofc-Test","-","No operator","-","No component","-","-","-","303","00:00:00","00:05:56","00:00:00","00:00:00","NEW","","","","","","","",""
"3131","03-06-2026 11:46:04","Ofc-Test","-","No operator","-","No component","-","-","-","0","00:00:00","00:00:04","00:00:00","00:00:00","NEW","","","","","","","",""
"3132","03-06-2026 11:38:08","Ofc-Test","-","No operator","-","No component","-","-","-","303","00:00:00","00:07:56","00:00:00","00:00:00","NEW","","","","","","","",""
"3133","03-06-2026 11:38:04","Ofc-Test","-","No operator","-","No component","-","-","-","0","00:00:00","00:00:04","00:00:00","00:00:00","NEW","","","","","","","",""
"3134","03-06-2026 11:30:08","Ofc-Test","-","No operator","-","No component","-","-","-","303","00:00:00","00:07:56","00:00:00","00:00:00","NEW","","","","","","","",""
"3135","03-06-2026 11:30:05","Ofc-Test","-","No operator","-","No component","-","-","-","0","00:00:00","00:00:04","00:00:00","00:00:00","NEW","","","","","","","",""
"3136","03-06-2026 11:28:08","Ofc-Test","-","No operator","-","No component","-","-","-","303","00:00:00","00:01:57","00:00:00","00:00:00","NEW","","","","","","","",""
"3137","03-06-2026 11:28:04","Ofc-Test","-","No operator","-","No component","-","-","-","0","00:00:00","00:00:04","00:00:00","00:00:00","NEW","","","","","","","",""
"3138","03-06-2026 11:20:08","Ofc-Test","-","No operator","-","No component","-","-","-","303","00:00:00","00:07:56","00:00:00","00:00:00","NEW","","","","","","","",""
"3139","03-06-2026 11:20:05","Ofc-Test","-","No operator","-","No component","-","-","-","0","00:00:00","00:00:04","00:00:00","00:00:00","NEW","","","","","","","",""
"3140","03-06-2026 11:12:08","Ofc-Test","-","No operator","-","No component","-","-","-","303","00:00:00","00:07:56","00:00:00","00:00:00","NEW","","","","","","","",""
"3141","03-06-2026 11:12:05","Ofc-Test","-","No operator","-","No component","-","-","-","0","00:00:00","00:00:04","00:00:00","00:00:00","NEW","","","","","","","",""
"3142","03-06-2026 11:10:05","Ofc-Test","-","No operator","-","No component","-","-","-","303","00:00:00","00:02:00","00:00:00","00:00:00","NEW","","","","","","","",""
"3143","03-06-2026 11:10:04","Ofc-Test","-","No operator","-","No component","-","-","-","0","00:00:00","00:00:00","00:00:00","00:00:00","NEW","","","","","","","",""
"3144","03-06-2026 11:02:05","Ofc-Test","-","No operator","-","No component","-","-","-","303","00:00:00","00:08:00","00:00:00","00:00:00","NEW","","","","","","","",""
"3145","03-06-2026 11:02:04","Ofc-Test","-","No operator","-","No component","-","-","-","0","00:00:00","00:00:00","00:00:00","00:00:00","NEW","","","","","","","",""
"3146","03-06-2026 11:01:06","SURIN_PUNE-BFW01","-","No operator","1","test","-","-","-","343","00:40:30","00:42:33","00:00:00","00:04:01","NEW","","","","","","","",""
"3147","03-06-2026 11:01:06","SURIN_PUNE-BFW02","-","No operator","-","No component","-","-","-","1879","02:22:03","05:30:01","00:00:00","00:03:40","NEW","","","","","","","",""
"3148","03-06-2026 11:00:21","SURIN_PUNE-BFW01","-","No operator","1","test","-","-","-","0","00:00:00","00:00:00","00:00:46","00:00:00","NEW","","","","","","","",""
"3149","03-06-2026 11:00:21","SURIN_PUNE-BFW02","-","No operator","-","No component","-","-","-","0","00:00:00","00:00:00","00:00:46","00:00:00","NEW","","","","","","","",""
"3150","03-06-2026 10:54:08","Ofc-Test","-","No operator","-","No component","-","-","-","303","00:00:00","00:07:57","00:00:00","00:00:00","NEW","","","","","","","",""
"3151","03-06-2026 10:54:04","Ofc-Test","-","No operator","-","No component","-","-","-","0","00:00:00","00:00:04","00:00:00","00:00:00","NEW","","","","","","","",""
"3152","03-06-2026 10:52:59","SURIN_PUNE-BFW01","-","No operator","1","test","-","-","-","343","00:00:00","00:00:48","00:00:00","00:06:33","NEW","","","","","","","",""
"3153","03-06-2026 10:52:59","SURIN_PUNE-BFW02","-","No operator","-","No component","-","-","-","1879","00:00:00","00:06:57","00:00:00","00:00:25","NEW","","","","","","","",""
"3154","03-06-2026 10:52:08","Ofc-Test","-","No operator","-","No component","-","-","-","303","00:00:00","00:01:56","00:00:00","00:00:00","NEW","","","","","","","",""
"3155","03-06-2026 10:52:04","Ofc-Test","-","No operator","-","No component","-","-","-","0","00:00:00","00:00:04","00:00:00","00:00:00","NEW","","","","","","","",""
"3156","03-06-2026 10:49:36","SURIN_PUNE-BFW02","-","No operator","-","No component","-","-","-","0","00:00:00","00:00:00","00:03:23","00:00:00","NEW","","","","","","","",""
"3157","03-06-2026 10:49:21","SURIN_PUNE-BFW01","-","No operator","1","test","-","-","-","0","00:00:00","00:00:00","00:03:39","00:00:00","NEW","","","","","","","",""
"3158","03-06-2026 10:48:09","Ofc-Test","-","No operator","-","No component","-","-","-","303","00:00:00","00:03:55","00:00:00","00:00:00","NEW","","","","","","","",""
"3159","03-06-2026 10:48:04","Ofc-Test","-","No operator","-","No component","-","-","-","0","00:00:00","00:00:05","00:00:00","00:00:00","NEW","","","","","","","",""
"3160","03-06-2026 10:46:25","SURIN_PUNE-BFW01","-","No operator","1","test","-","-","-","1","00:00:00","00:02:55","00:00:00","00:00:00","NEW","","","","","","","",""
"3161","03-06-2026 10:43:32","SURIN-BFW_XTRON_1","-","No operator","-","No component","1","-","2","344","00:40:28","00:51:44","00:06:28","00:09:46","NEW","","","","","","","",""
"3162","03-06-2026 10:42:08","Ofc-Test","-","No operator","-","No component","-","-","-","303","00:00:00","00:05:56","00:00:00","00:00:00","NEW","","","","","","","",""
"3163","03-06-2026 10:42:04","Ofc-Test","-","No operator","-","No component","-","-","-","0","00:00:00","00:00:04","00:00:00","00:00:00","NEW","","","","","","","",""
"3164","03-06-2026 10:37:30","SURIN-BFW_XTRON_1","-","No operator","-","No component","-","-","-","343","00:05:50","00:00:13","00:00:00","00:00:00","NEW","","","","","","","",""
"3165","03-06-2026 10:32:09","Ofc-Test","-","No operator","-","No component","-","-","-","303","00:00:00","00:09:56","00:00:00","00:00:00","NEW","","","","","","","",""
"3166","03-06-2026 10:32:04","Ofc-Test","-","No operator","-","No component","-","-","-","0","00:00:00","00:00:05","00:00:00","00:00:00","NEW","","","","","","","",""
"3167","03-06-2026 10:26:08","Ofc-Test","-","No operator","-","No component","-","-","-","303","00:00:00","00:05:56","00:00:00","00:00:00","NEW","","","","","","","",""
"3168","03-06-2026 10:26:04","Ofc-Test","-","No operator","-","No component","-","-","-","0","00:00:00","00:00:04","00:00:00","00:00:00","NEW","","","","","","","",""
"3169","03-06-2026 10:04:08","Ofc-Test","-","No operator","-","No component","-","-","-","303","00:00:00","00:21:56","00:00:00","00:00:00","NEW","","","","","","","",""
"3170","03-06-2026 10:04:04","Ofc-Test","-","No operator","-","No component","-","-","-","0","00:00:00","00:00:04","00:00:00","00:00:00","NEW","","","","","","","",""
"3171","03-06-2026 10:00:08","Ofc-Test","-","No operator","-","No component","-","-","-","303","00:00:00","00:03:56","00:00:00","00:00:00","NEW","","","","","","","",""
"3172","03-06-2026 10:00:04","Ofc-Test","-","No operator","-","No component","-","-","-","0","00:00:00","00:00:04","00:00:00","00:00:00","NEW","","","","","","","",""
"3173","03-06-2026 09:50:08","Ofc-Test","-","No operator","-","No component","-","-","-","303","00:00:00","00:09:56","00:00:00","00:00:00","NEW","","","","","","","",""
"3174","03-06-2026 09:50:04","Ofc-Test","-","No operator","-","No component","-","-","-","0","00:00:00","00:00:04","00:00:00","00:00:00","NEW","","","","","","","",""
"3175","03-06-2026 09:42:08","Ofc-Test","-","No operator","-","No component","-","-","-","303","00:00:00","00:07:56","00:00:00","00:00:00","NEW","","","","","","","",""
"3176","03-06-2026 09:42:05","Ofc-Test","-","No operator","-","No component","-","-","-","0","00:00:00","00:00:03","00:00:00","00:00:00","NEW","","","","","","","",""
"3177","03-06-2026 09:35:54","SURIN-BFW_XTRON_1","-","No operator","-","No component","-","-","-","342","00:49:57","00:11:39","00:00:00","00:00:00","NEW","","","","","","","",""
"3178","03-06-2026 09:18:05","Ofc-Test","-","No operator","-","No component","-","-","-","303","00:00:00","00:24:00","00:00:00","00:00:00","NEW","","","","","","","",""
"3179","03-06-2026 09:18:04","Ofc-Test","-","No operator","-","No component","-","-","-","0","00:00:00","00:00:00","00:00:00","00:00:00","NEW","","","","","","","",""
"3180","03-06-2026 09:12:05","Ofc-Test","-","No operator","-","No component","-","-","-","303","00:00:00","00:05:59","00:00:00","00:00:00","NEW","","","","","","","",""
"3181","03-06-2026 09:12:04","Ofc-Test","-","No operator","-","No component","-","-","-","0","00:00:00","00:00:01","00:00:00","00:00:00","NEW","","","","","","","",""
"3182","03-06-2026 09:10:05","Ofc-Test","-","No operator","-","No component","-","-","-","303","00:00:00","00:02:00","00:00:00","00:00:00","NEW","","","","","","","",""
"3183","03-06-2026 09:10:04","Ofc-Test","-","No operator","-","No component","-","-","-","0","00:00:00","00:00:00","00:00:00","00:00:00","NEW","","","","","","","",""
"3184","03-06-2026 09:02:05","Ofc-Test","-","No operator","-","No component","-","-","-","303","00:00:00","00:08:00","00:00:00","00:00:00","NEW","","","","","","","",""
"3185","03-06-2026 09:02:04","Ofc-Test","-","No operator","-","No component","-","-","-","0","00:00:00","00:00:01","00:00:00","00:00:00","NEW","","","","","","","",""
"3186","03-06-2026 08:44:05","Ofc-Test","-","No operator","-","No component","-","-","-","303","00:00:00","00:17:59","00:00:00","00:00:00","NEW","","","","","","","",""
"3187","03-06-2026 08:44:04","Ofc-Test","-","No operator","-","No component","-","-","-","0","00:00:00","00:00:00","00:00:00","00:00:00","NEW","","","","","","","",""
"3188","03-06-2026 08:41:14","SURIN_PUNE-BFW02","-","No operator","-","No component","-","-","-","1879","00:00:01","01:48:25","00:00:00","00:01:35","NEW","","","","","","","",""
"3189","03-06-2026 08:38:12","SURIN_PUNE-BFW02","-","No operator","-","No component","-","-","-","0","00:00:00","00:00:00","00:03:02","00:00:00","NEW","","","","","","","",""
"3190","03-06-2026 08:33:41","SURIN_PUNE-BFW02","-","No operator","-","No component","-","-","-","1879","00:00:00","00:04:31","00:00:00","00:00:00","NEW","","","","","","","",""
"3191","03-06-2026 08:32:05","Ofc-Test","-","No operator","-","No component","-","-","-","303","00:00:00","00:12:00","00:00:00","00:00:00","NEW","","","","","","","",""
"3192","03-06-2026 08:32:04","Ofc-Test","-","No operator","-","No component","-","-","-","0","00:00:00","00:00:01","00:00:00","00:00:00","NEW","","","","","","","",""
"3193","03-06-2026 08:08:05","Ofc-Test","-","No operator","-","No component","-","-","-","303","00:00:00","00:21:55","00:00:00","00:00:00","NEW","","","","","","","",""
"3194","03-06-2026 08:08:04","Ofc-Test","-","No operator","-","No component","-","-","-","0","00:00:00","00:00:00","00:00:00","00:00:00","NEW","","","","","","","",""
"3195","03-06-2026 08:06:52","SURIN_PUNE-BFW02","-","No operator","-","No component","-","-","-","1878","00:15:14","00:07:17","00:00:00","00:00:00","NEW","","","","","","","",""
"3196","03-06-2026 07:46:05","Ofc-Test","-","No operator","-","No component","-","-","-","303","00:00:00","00:22:00","00:00:00","00:00:00","NEW","","","","","","","",""
"3197","03-06-2026 07:46:04","Ofc-Test","-","No operator","-","No component","-","-","-","0","00:00:00","00:00:00","00:00:00","00:00:00","NEW","","","","","","","",""
"3198","03-06-2026 07:25:11","SURIN_PUNE-BFW02","-","No operator","-","No component","-","-","-","1877","00:14:02","00:19:29","00:00:00","00:00:02","NEW","","","","","","","",""
"3199","03-06-2026 07:18:05","Ofc-Test","-","No operator","-","No component","-","-","-","303","00:00:00","00:28:00","00:00:00","00:00:00","NEW","","","","","","","",""
"3200","03-06-2026 07:18:04","Ofc-Test","-","No operator","-","No component","-","-","-","0","00:00:00","00:00:00","00:00:00","00:00:00","NEW","","","","","","","",""
"3201","03-06-2026 07:10:44","Ofc-Test","-","No operator","-","No component","-","-","-","303","00:00:00","00:07:20","00:00:00","00:00:00","NEW","","","","","","","",""
"3202","03-06-2026 07:10:13","Ofc-Test","-","No operator","-","No component","-","-","-","302","00:00:17","00:00:14","00:00:00","00:00:00","NEW","","","","","","","",""
"3203","03-06-2026 07:02:47","SURIN-BFW_XTRON_1","-","No operator","-","No component","1","-","2","341","01:13:06","01:15:17","00:04:13","00:00:31","NEW","","","","","","","",""
"3204","03-06-2026 06:51:03","SURIN-BFW_XTRON_1","-","No operator","-","No component","-","-","-","340","00:11:33","00:00:11","00:00:00","00:00:00","NEW","","","","","","","",""
"3205","03-06-2026 06:25:13","SURIN_PUNE-BFW02","-","No operator","-","No component","-","-","-","1876","00:16:40","00:10:03","00:00:00","00:04:59","NEW","","","","","","","",""
"3206","03-06-2026 06:21:20","SURIN_PUNE-BFW02","-","No operator","-","No component","-","-","-","0","00:00:00","00:00:00","00:03:53","00:00:00","NEW","","","","","","","",""
"3207","03-06-2026 06:18:47","SURIN_PUNE-BFW02","-","No operator","-","No component","-","-","-","1876","00:00:00","00:02:33","00:00:00","00:00:00","NEW","","","","","","","",""
"3208","03-06-2026 05:26:04","SURIN-BFW_XTRON_1","-","No operator","-","No component","1","-","2","339","00:53:50","00:24:37","00:03:53","00:02:40","NEW","","","","","","","",""
"3209","03-06-2026 02:24:59","SURIN-BFW_XTRON_1","-","No operator","-","No component","1","-","2","338","00:49:01","02:10:58","00:00:47","00:00:20","NEW","","","","","","","",""
"3210","03-06-2026 02:19:18","SURIN-BFW_XTRON_1","-","No operator","-","No component","-","-","-","337","00:05:30","00:00:11","00:00:00","00:00:00","NEW","","","","","","","",""
"3211","03-06-2026 01:45:41","SURIN-BFW_XTRON_1","-","No operator","-","No component","1","-","2","336","00:24:16","00:05:44","00:03:38","00:00:00","NEW","","","","","","","",""
"3212","03-06-2026 00:30:00","Ofc-Test","-","No operator","-","No component","-","-","-","75","00:00:00","00:00:00","00:00:00","06:40:14","NEW","","","","","","","",""
"3213","03-06-2026 00:26:22","SURIN-BFW_XTRON_1","-","No operator","-","No component","1","-","2","335","00:47:55","00:31:16","00:00:09","00:00:00","NEW","","","","","","","",""
"3214","03-06-2026 00:19:39","SURIN_PUNE-BFW02","-","No operator","-","No component","-","-","-","1875","00:24:26","05:23:26","00:00:00","00:00:15","NEW","","","","","","","",""
"3215","03-06-2026 00:19:00","SURIN-BFW_XTRON_1","-","No operator","-","No component","-","-","-","334","00:05:35","00:01:48","00:00:00","00:00:00","NEW","","","","","","","",""
"3216","03-06-2026 00:01:01","SURIN_PUNE-BFW02","-","No operator","-","No component","-","-","-","1874","00:11:49","00:06:49","00:00:00","00:00:00","NEW","","","","","","","",""
"3217","02-06-2026 23:42:47","SURIN-BFW_XTRON_1","-","No operator","-","No component","-","-","-","333","00:25:58","00:10:16","00:00:00","00:00:00","NEW","","","","","","","",""
"3218","02-06-2026 23:42:19","SURIN_PUNE-BFW02","-","No operator","-","No component","-","-","-","1873","00:12:04","00:06:38","00:00:00","00:00:00","NEW","","","","","","","",""
"3219","02-06-2026 23:27:50","SURIN_PUNE-BFW02","-","No operator","-","No component","-","-","-","1872","00:11:49","00:02:40","00:00:00","00:00:00","NEW","","","","","","","",""
"3220","02-06-2026 22:26:25","SURIN_PUNE-BFW02","-","No operator","-","No component","-","-","-","1871","00:12:52","00:29:43","00:00:00","00:00:03","NEW","","","","","","","",""
"3221","02-06-2026 22:22:24","SURIN-BFW_XTRON_1","-","No operator","-","No component","1","-","2","332","00:32:18","00:43:06","00:04:58","00:00:01","NEW","","","","","","","",""
"3222","02-06-2026 22:15:32","SURIN_PUNE-BFW02","-","No operator","-","No component","-","-","-","1870","00:07:39","00:03:15","00:00:00","00:00:00","NEW","","","","","","","",""
"3223","02-06-2026 22:11:12","SURIN-BFW_XTRON_1","-","No operator","-","No component","-","-","-","331","00:05:30","00:05:42","00:00:00","00:00:00","NEW","","","","","","","",""
"3224","02-06-2026 22:02:30","SURIN_PUNE-BFW02","-","No operator","-","No component","-","-","-","1869","00:07:40","00:05:22","00:00:00","00:00:00","NEW","","","","","","","",""
"3225","02-06-2026 21:23:36","SURIN-BFW_XTRON_1","-","No operator","-","No component","1","-","2","330","00:05:21","00:41:49","00:00:27","00:00:00","NEW","","","","","","","",""
"3226","02-06-2026 20:18:37","SURIN-BFW_XTRON_1","-","No operator","-","No component","1","-","2","329","00:24:15","00:34:36","00:05:55","00:00:13","NEW","","","","","","","",""
"3227","02-06-2026 20:00:22","SURIN_PUNE-BFW02","-","No operator","-","No component","-","-","-","1868","00:32:38","01:17:15","00:00:00","00:00:13","NEW","","","","","","","",""
"3228","02-06-2026 19:52:58","SURIN_PUNE-BFW02","-","No operator","-","No component","-","-","-","1867","00:05:46","00:01:38","00:00:00","00:00:00","NEW","","","","","","","",""
"3229","02-06-2026 19:44:58","SURIN_PUNE-BFW02","-","No operator","-","No component","-","-","-","1866","00:05:45","00:02:14","00:00:00","00:00:00","NEW","","","","","","","",""
"3230","02-06-2026 19:36:57","SURIN_PUNE-BFW02","-","No operator","-","No component","-","-","-","1865","00:05:46","00:02:15","00:00:00","00:00:00","NEW","","","","","","","",""
"3231","02-06-2026 19:22:11","SURIN_PUNE-BFW02","-","No operator","-","No component","-","-","-","1864","00:05:46","00:08:59","00:00:00","00:00:00","NEW","","","","","","","",""
"3232","02-06-2026 19:11:21","SURIN_PUNE-BFW02","-","No operator","-","No component","-","-","-","1863","00:05:50","00:05:01","00:00:00","00:00:00","NEW","","","","","","","",""
"3233","02-06-2026 19:03:05","SURIN_PUNE-BFW02","-","No operator","-","No component","-","-","-","1862","00:05:12","00:03:04","00:00:00","00:00:00","NEW","","","","","","","",""
"3234","02-06-2026 18:55:36","SURIN_PUNE-BFW02","-","No operator","-","No component","-","-","-","1861","00:05:45","00:01:44","00:00:00","00:00:00","NEW","","","","","","","",""
"3235","02-06-2026 18:48:05","SURIN_PUNE-BFW02","-","No operator","-","No component","-","-","-","1860","00:05:47","00:01:44","00:00:00","00:00:00","NEW","","","","","","","",""
"3236","02-06-2026 18:40:46","SURIN_PUNE-BFW02","-","No operator","-","No component","-","-","-","1859","00:05:52","00:01:28","00:00:00","00:00:00","NEW","","","","","","","",""
"3237","02-06-2026 18:33:02","SURIN_PUNE-BFW02","-","No operator","-","No component","-","-","-","1858","00:05:32","00:02:11","00:00:00","00:00:00","NEW","","","","","","","",""
"3238","02-06-2026 18:24:02","SURIN_PUNE-BFW02","-","No operator","-","No component","-","-","-","1857","00:05:46","00:03:14","00:00:00","00:00:00","NEW","","","","","","","",""
"3239","02-06-2026 18:13:12","SURIN_PUNE-BFW02","-","No operator","-","No component","-","-","-","1856","00:05:57","00:03:40","00:00:00","00:00:00","NEW","","","","","","","",""
"3240","02-06-2026 18:05:29","SURIN_PUNE-BFW02","-","No operator","-","No component","-","-","-","1855","00:06:01","00:01:42","00:00:00","00:00:00","NEW","","","","","","","",""
"3241","02-06-2026 17:44:18","SURIN_PUNE-BFW02","-","No operator","-","No component","-","-","-","1854","00:05:45","00:15:26","00:00:00","00:00:00","NEW","","","","","","","",""
"3242","02-06-2026 17:36:40","SURIN_PUNE-BFW02","-","No operator","-","No component","-","-","-","1853","00:05:12","00:02:27","00:00:00","00:00:00","NEW","","","","","","","",""
"3243","02-06-2026 17:27:18","SURIN_PUNE-BFW02","-","No operator","-","No component","-","-","-","1852","00:05:45","00:03:36","00:00:00","00:00:00","NEW","","","","","","","",""
"3244","02-06-2026 17:17:52","SURIN_PUNE-BFW02","-","No operator","-","No component","-","-","-","1851","00:05:46","00:03:41","00:00:00","00:00:00","NEW","","","","","","","",""
"3245","02-06-2026 16:58:59","SURIN_PUNE-BFW02","-","No operator","-","No component","-","-","-","1850","00:05:24","00:13:29","00:00:00","00:00:00","NEW","","","","","","","",""
"3246","02-06-2026 14:06:16","SURIN-BFW_XTRON_1","-","No operator","-","No component","1","-","1||2","328","01:59:09","04:05:39","00:03:49","00:03:45","NEW","","","","","","","",""
"3247","02-06-2026 14:06:16","SURIN_PUNE-BFW01","-","No operator","1","test","-","-","-","327","09:14:23","10:15:31","00:06:13","00:07:40","NEW","","","","","","","",""
"3248","02-06-2026 12:12:00","Ofc-Test","-","No operator","-","No component","-","-","-","75","00:00:00","00:00:00","00:00:00","12:18:00","NEW","","","","","","","",""
"3249","02-06-2026 11:47:28","SURIN_PUNE-BFW02","-","No operator","-","No component","-","-","-","1849","00:12:50","04:39:50","00:00:00","00:00:05","NEW","","","","","","","",""
"3250","02-06-2026 11:28:00","SURIN_PUNE-BFW02","-","No operator","-","No component","-","-","-","1848","00:09:52","00:09:36","00:00:00","00:00:00","NEW","","","","","","","",""
"3251","02-06-2026 11:16:29","SURIN_PUNE-BFW01","-","No operator","-","No component","-","-","-","326","01:41:39","00:53:52","00:00:00","00:00:51","NEW","","","","","","","",""
"3252","02-06-2026 11:16:29","SURIN_PUNE-BFW02","-","No operator","-","No component","-","-","-","1847","00:09:52","00:01:10","00:00:00","00:00:28","NEW","","","","","","","",""
"3253","02-06-2026 11:15:37","SURIN_PUNE-BFW02","-","No operator","-","No component","-","-","-","0","00:00:00","00:00:00","00:00:53","00:00:00","NEW","","","","","","","",""
"3254","02-06-2026 11:15:37","SURIN_PUNE-BFW01","-","No operator","-","No component","-","-","-","0","00:00:00","00:00:00","00:00:53","00:00:00","NEW","","","","","","","",""
"3255","02-06-2026 11:03:55","SURIN_PUNE-BFW02","-","No operator","-","No component","-","-","-","1847","00:00:00","00:11:41","00:00:00","00:00:00","NEW","","","","","","","",""
"3256","02-06-2026 10:52:59","SURIN_PUNE-BFW01","-","No operator","-","No component","-","-","-","326","00:00:00","00:21:20","00:00:00","00:01:18","NEW","","","","","","","",""
"3257","02-06-2026 10:52:59","SURIN_PUNE-BFW02","-","No operator","-","No component","-","-","-","1846","00:09:53","00:00:12","00:00:00","00:00:51","NEW","","","","","","","",""
"3258","02-06-2026 10:52:20","SURIN_PUNE-BFW01","-","No operator","-","No component","-","-","-","0","00:00:00","00:00:00","00:00:39","00:00:00","NEW","","","","","","","",""
"3259","02-06-2026 10:52:20","SURIN_PUNE-BFW02","-","No operator","-","No component","-","-","-","0","00:00:00","00:00:00","00:00:39","00:00:00","NEW","","","","","","","",""
"3260","02-06-2026 10:39:30","SURIN_PUNE-BFW02","-","No operator","-","No component","-","-","-","1846","00:04:17","00:08:33","00:00:00","00:00:00","NEW","","","","","","","",""
"3261","02-06-2026 10:27:45","SURIN_PUNE-BFW01","-","No operator","-","No component","-","-","-","326","00:00:00","00:05:31","00:00:00","00:19:05","NEW","","","","","","","",""
"3262","02-06-2026 10:27:43","SURIN_PUNE-BFW02","-","No operator","-","No component","-","-","-","1845","00:09:59","00:00:13","00:00:00","00:01:35","NEW","","","","","","","",""
"3263","02-06-2026 10:27:36","SURIN_PUNE-BFW02","-","No operator","-","No component","-","-","-","0","00:00:00","00:00:00","00:00:06","00:00:00","NEW","","","","","","","",""
"3264","02-06-2026 10:27:35","SURIN_PUNE-BFW01","-","No operator","-","No component","-","-","-","0","00:00:00","00:00:00","00:00:10","00:00:00","NEW","","","","","","","",""
"3265","02-06-2026 10:14:27","SURIN_PUNE-BFW02","-","No operator","-","No component","-","-","-","1845","00:00:00","00:13:09","00:00:00","00:00:00","NEW","","","","","","","",""
"3266","02-06-2026 09:52:33","SURIN_PUNE-BFW02","-","No operator","-","No component","-","-","-","1844","00:09:53","00:12:01","00:00:00","00:00:00","NEW","","","","","","","",""
"3267","02-06-2026 09:28:35","SURIN_PUNE-BFW02","-","No operator","-","No component","-","-","-","1843","00:09:53","00:14:05","00:00:00","00:00:00","NEW","","","","","","","",""
"3268","02-06-2026 09:04:22","SURIN_PUNE-BFW02","-","No operator","-","No component","-","-","-","1842","00:09:53","00:14:20","00:00:00","00:00:00","NEW","","","","","","","",""
"3269","02-06-2026 08:49:46","SURIN_PUNE-BFW02","-","No operator","-","No component","-","-","-","1841","00:09:52","00:01:55","00:00:00","00:02:50","NEW","","","","","","","",""
"3270","02-06-2026 08:49:45","SURIN_PUNE-BFW01","-","No operator","-","No component","-","-","-","326","00:00:02","00:43:22","00:00:00","00:05:54","NEW","","","","","","","",""
"3271","02-06-2026 08:49:45","SURIN-BFW_XTRON_1","-","No operator","-","No component","1","-","1","327","01:38:36","03:04:37","00:07:24","00:25:56","NEW","","","","","","","",""
"3272","02-06-2026 08:49:05","SURIN_PUNE-BFW02","-","No operator","-","No component","-","-","-","0","00:00:00","00:00:00","00:00:41","00:00:00","NEW","","","","","","","",""
"3273","02-06-2026 08:28:57","SURIN_PUNE-BFW02","-","No operator","-","No component","-","-","-","1841","00:06:50","00:13:18","00:00:00","00:00:00","NEW","","","","","","","",""
"3274","02-06-2026 08:10:03","SURIN_PUNE-BFW02","-","No operator","-","No component","-","-","-","1840","00:09:02","00:09:52","00:00:00","00:00:00","NEW","","","","","","","",""
"3275","02-06-2026 07:47:48","SURIN_PUNE-BFW02","-","No operator","-","No component","-","-","-","1839","00:08:39","00:13:36","00:00:00","00:00:00","NEW","","","","","","","",""
"3276","02-06-2026 07:28:25","SURIN_PUNE-BFW02","-","No operator","-","No component","-","-","-","1838","00:08:39","00:10:44","00:00:00","00:00:00","NEW","","","","","","","",""
"3277","02-06-2026 06:46:56","SURIN_PUNE-BFW02","-","No operator","-","No component","-","-","-","1837","00:08:43","00:32:46","00:00:00","00:00:00","NEW","","","","","","","",""
"3278","02-06-2026 06:31:02","SURIN_PUNE-BFW02","-","No operator","-","No component","-","-","-","1836","00:08:39","00:07:15","00:00:00","00:00:00","NEW","","","","","","","",""
"3279","02-06-2026 06:06:03","SURIN_PUNE-BFW02","-","No operator","-","No component","-","-","-","1835","00:11:25","00:13:34","00:00:00","00:00:00","NEW","","","","","","","",""
"3280","02-06-2026 05:40:36","SURIN_PUNE-BFW02","-","No operator","-","No component","-","-","-","1834","00:08:59","00:16:28","00:00:00","00:00:00","NEW","","","","","","","",""
"3281","02-06-2026 05:18:02","SURIN_PUNE-BFW02","-","No operator","-","No component","-","-","-","1833","00:08:39","00:13:55","00:00:00","00:00:00","NEW","","","","","","","",""
"3282","02-06-2026 05:03:02","SURIN_PUNE-BFW02","-","No operator","-","No component","-","-","-","1832","00:08:40","00:06:21","00:00:00","00:00:00","NEW","","","","","","","",""
"3283","02-06-2026 04:29:37","SURIN_PUNE-BFW02","-","No operator","-","No component","-","-","-","1831","00:16:54","00:16:31","00:00:00","00:00:00","NEW","","","","","","","",""
"3284","02-06-2026 04:08:37","SURIN_PUNE-BFW02","-","No operator","-","No component","-","-","-","1830","00:16:15","00:04:45","00:00:00","00:00:00","NEW","","","","","","","",""
"3285","02-06-2026 03:41:23","SURIN_PUNE-BFW02","-","No operator","-","No component","-","-","-","1829","00:17:10","00:10:04","00:00:00","00:00:00","NEW","","","","","","","",""
"3286","02-06-2026 00:30:00","Ofc-Test","-","No operator","-","No component","-","-","-","75","00:00:00","00:00:00","00:00:00","08:00:00","NEW","","","","","","","",""
"3287","02-06-2026 00:20:25","SURIN_PUNE-BFW02","-","No operator","-","No component","-","-","-","1828","00:20:24","03:00:34","00:00:00","00:00:00","NEW","","","","","","","",""
"3288","01-06-2026 22:48:43","SURIN_PUNE-BFW02","-","No operator","-","No component","-","-","-","1827","01:01:23","00:30:18","00:00:00","00:00:00","NEW","","","","","","","",""
"3289","01-06-2026 22:16:56","SURIN_PUNE-BFW02","-","No operator","-","No component","-","-","-","1826","00:23:09","00:08:38","00:00:00","00:00:00","NEW","","","","","","","",""
"3290","01-06-2026 21:31:01","SURIN_PUNE-BFW02","-","No operator","-","No component","-","-","-","1825","00:23:12","00:22:43","00:00:00","00:00:00","NEW","","","","","","","",""
"3291","01-06-2026 20:32:16","SURIN_PUNE-BFW02","-","No operator","-","No component","-","-","-","1824","00:22:27","00:36:19","00:00:00","00:00:00","NEW","","","","","","","",""
"3292","01-06-2026 20:08:56","SURIN_PUNE-BFW02","-","No operator","-","No component","-","-","-","1823","00:11:11","00:12:09","00:00:00","00:00:00","NEW","","","","","","","",""
"3293","01-06-2026 19:50:46","SURIN_PUNE-BFW02","-","No operator","-","No component","-","-","-","1822","00:11:43","00:06:26","00:00:00","00:00:00","NEW","","","","","","","",""
"3294","01-06-2026 19:30:59","SURIN-BFW_XTRON_1","-","No operator","-","No component","1","-","1","326","00:43:13","00:13:20","12:22:13","00:00:00","NEW","","","","","","","",""
"3295","01-06-2026 19:28:14","SURIN_PUNE-BFW02","-","No operator","-","No component","-","-","-","1821","00:11:40","00:10:51","00:00:00","00:00:00","NEW","","","","","","","",""
"3296","01-06-2026 19:27:03","SURIN_PUNE-BFW01","-","No operator","-","No component","-","-","-","0","00:00:00","00:00:00","13:22:42","00:00:00","NEW","","","","","","","",""
"3297","01-06-2026 19:05:20","SURIN_PUNE-BFW02","-","No operator","-","No component","-","-","-","1820","00:11:44","00:11:11","00:00:00","00:00:00","NEW","","","","","","","",""
"3298","01-06-2026 18:47:07","SURIN_PUNE-BFW02","-","No operator","-","No component","-","-","-","1819","00:16:11","00:02:02","00:00:00","00:00:00","NEW","","","","","","","",""
"3299","01-06-2026 18:29:08","SURIN-BFW_XTRON_1","-","No operator","-","No component","406019004","-","1","321","00:40:14","00:17:48","00:03:45","00:00:05","NEW","","","","","","","",""
"3300","01-06-2026 18:28:35","SURIN_PUNE-BFW01","-","No operator","-","No component","-","-","-","320","00:40:06","00:18:17","00:00:00","00:00:05","NEW","","","","","","","",""
"3301","01-06-2026 17:39:24","SURIN-BFW_XTRON_1","-","No operator","-","No component","406019004","-","1","320","00:43:51","00:05:30","00:00:23","00:00:00","NEW","","","","","","","",""
"3302","01-06-2026 17:39:02","SURIN_PUNE-BFW01","-","No operator","-","No component","-","-","-","319","00:43:49","00:05:44","00:00:00","00:00:00","NEW","","","","","","","",""
"3303","01-06-2026 14:31:24","SURIN_PUNE-BFW01","-","No operator","-","No component","-","-","-","318","00:47:26","02:11:05","00:00:00","00:00:03","NEW","","","","","","","",""
"3304","01-06-2026 14:31:24","SURIN-BFW_XTRON_1","-","No operator","-","No component","1||406019004","-","1","319","00:47:40","02:07:35","00:12:42","00:00:04","NEW","","","","","","","",""
"3305","01-06-2026 13:34:44","SURIN_PUNE-BFW01","-","No operator","-","No component","-","-","-","317","00:42:22","00:09:15","00:00:00","00:00:00","NEW","","","","","","","",""
"3306","01-06-2026 13:34:44","SURIN-BFW_XTRON_1","-","No operator","-","No component","1","-","1","318","00:40:48","00:14:16","00:01:37","00:00:00","NEW","","","","","","","",""
"3307","01-06-2026 12:39:25","SURIN_PUNE-BFW01","-","No operator","-","No component","-","-","-","316","00:42:23","00:08:18","00:00:00","00:00:00","NEW","","","","","","","",""
"3308","01-06-2026 12:39:21","SURIN-BFW_XTRON_1","-","No operator","-","No component","1","-","1","317","00:42:22","00:12:57","00:00:04","00:00:00","NEW","","","","","","","",""
"3309","01-06-2026 12:12:00","Ofc-Test","-","No operator","-","No component","-","-","-","75","00:00:00","00:00:00","00:00:00","12:18:00","NEW","","","","","","","",""
"3310","01-06-2026 11:47:29","SURIN_PUNE-BFW01","-","No operator","-","No component","-","-","-","315","00:42:19","00:06:56","00:00:00","00:00:00","NEW","","","","","","","",""
"3311","01-06-2026 11:47:24","SURIN-BFW_XTRON_1","-","No operator","-","No component","1","-","1","316","00:42:11","00:09:42","00:00:05","00:00:00","NEW","","","","","","","",""
"3312","01-06-2026 10:32:36","SURIN_PUNE-BFW01","-","No operator","-","No component","-","-","-","314","00:42:27","00:29:18","00:00:00","00:00:01","NEW","","","","","","","",""
"3313","01-06-2026 10:32:34","SURIN-BFW_XTRON_1","-","No operator","-","No component","-","-","-","315","00:42:26","00:32:19","00:00:00","00:00:07","NEW","","","","","","","",""
"3314","01-06-2026 10:13:14","SURIN_PUNE-BFW02","-","No operator","-","No component","-","-","-","1818","00:11:03","07:17:05","00:00:00","01:00:37","NEW","","","","","","","",""
"3315","01-06-2026 10:06:35","SURIN_PUNE-BFW02","-","No operator","-","No component","-","-","-","1817","00:02:12","00:04:28","00:00:00","00:00:00","NEW","","","","","","","",""
"3316","01-06-2026 09:12:36","SURIN_PUNE-BFW01","-","No operator","1021","component1","-","-","-","313","00:47:07","00:00:42","00:00:00","00:32:10","NEW","","","","","","","",""
"3317","01-06-2026 09:12:36","SURIN_PUNE-BFW02","-","No operator","-","No component","-","-","-","1816","00:20:48","00:02:02","00:00:00","00:31:09","NEW","","","","","","","",""
"3318","01-06-2026 09:12:05","SURIN_PUNE-BFW01","-","No operator","-","No component","-","-","-","0","00:00:00","00:00:00","00:00:31","00:00:00","NEW","","","","","","","",""
"3319","01-06-2026 09:12:02","SURIN_PUNE-BFW02","-","No operator","-","No component","-","-","-","0","00:00:00","00:00:00","00:00:34","00:00:00","NEW","","","","","","","",""
"3320","01-06-2026 09:05:27","SURIN_PUNE-BFW01","-","No operator","-","No component","-","-","-","313","00:03:15","00:00:36","00:00:00","00:02:48","NEW","","","","","","","",""
"3321","01-06-2026 09:05:25","SURIN_PUNE-BFW02","-","No operator","-","No component","-","-","-","1816","00:04:23","00:01:36","00:00:00","00:00:38","NEW","","","","","","","",""
"3322","01-06-2026 09:01:20","SURIN_PUNE-BFW02","-","No operator","-","No component","-","-","-","0","00:00:00","00:00:00","00:04:05","00:00:00","NEW","","","","","","","",""
"3323","01-06-2026 09:01:20","SURIN_PUNE-BFW01","-","No operator","-","No component","-","-","-","0","00:00:00","00:00:00","00:04:06","00:00:00","NEW","","","","","","","",""
"3324","01-06-2026 08:36:27","SURIN_PUNE-BFW01","-","No operator","-","No component","-","-","-","313","00:07:32","00:14:15","00:00:00","00:00:10","NEW","","","","","","","",""
"3325","01-06-2026 08:36:26","SURIN-BFW_XTRON_1","-","No operator","-","No component","1","-","1","314","00:56:18","00:18:16","00:06:41","00:34:53","NEW","","","","","","","",""
"3326","01-06-2026 08:31:00","SURIN_PUNE-BFW02","-","No operator","-","No component","-","-","-","1816","00:21:18","00:09:02","00:00:00","00:00:00","NEW","","","","","","","",""
"3327","01-06-2026 07:21:29","SURIN_PUNE-BFW01","-","No operator","-","No component","-","-","-","312","00:42:25","00:28:52","00:00:00","00:00:00","NEW","","","","","","","",""
"3328","01-06-2026 07:21:28","SURIN-BFW_XTRON_1","-","No operator","-","No component","1","-","1","313","00:42:13","00:32:38","00:00:08","00:00:00","NEW","","","","","","","",""
"3329","01-06-2026 06:52:05","SURIN_PUNE-BFW02","-","No operator","-","No component","-","-","-","1815","00:42:59","00:52:50","00:00:00","00:00:00","NEW","","","","","","","",""
"3330","01-06-2026 06:27:36","SURIN_PUNE-BFW02","-","No operator","-","No component","-","-","-","1814","00:03:55","00:10:43","00:00:00","00:00:12","NEW","","","","","","","",""
"3331","01-06-2026 05:48:16","SURIN_PUNE-BFW02","-","No operator","-","No component","-","-","-","1813","00:38:27","00:00:49","00:00:00","00:00:00","NEW","","","","","","","",""
"3332","01-06-2026 03:05:57","SURIN_PUNE-BFW02","-","No operator","-","No component","-","-","-","1812","00:55:11","01:31:45","00:00:00","00:08:10","NEW","","","","","","","",""
"3333","01-06-2026 03:04:36","SURIN_PUNE-BFW01","-","No operator","-","No component","-","-","-","311","00:55:25","00:05:01","00:00:00","03:11:32","NEW","","","","","","","",""
"3334","01-06-2026 00:30:00","Ofc-Test","-","No operator","-","No component","-","-","-","75","00:14:13","04:51:11","01:16:18","01:24:23","NEW","","","","","","","",""
"3335","31-05-2026 12:12:00","Ofc-Test","-","No operator","-","No component","-","-","-","75","00:00:00","12:18:00","00:00:00","00:00:00","NEW","","","","","","","",""
"3336","31-05-2026 11:31:02","SURIN_PUNE-BFW01","-","No operator","-","No component","-","-","-","0","00:00:00","00:00:00","15:33:34","00:00:00","NEW","","","","","","","",""
"3337","31-05-2026 11:30:05","SURIN_PUNE-BFW02","-","No operator","-","No component","-","-","-","0","00:00:00","00:00:00","15:35:52","00:00:00","NEW","","","","","","","",""
"3338","31-05-2026 11:09:46","SURIN-BFW_XTRON_1","-","No operator","-","No component","400101006||1","-","1","312","00:55:16","00:30:16","15:35:00","03:11:10","NEW","","","","","","","",""